artista,oyentes,reproducciones,bio_resumen,pais
W.C. Clark,9252,41127,"W.C. Clark (born Wesley Curley Clark in Austin, TX, on 16 November 1939; died 2 March 2024) was an American blues musician remembered as the ""Godfather of Austin Blues"" for his influence on the Austin, TX, blues scene since the late 1960s. 

In the late 1960s, Clark joined the Joe Tex band. After forming several bands with various names, Clark formed the W.C. Clark Blues Revue in 1975. 

“Modern Texas blues at its best…impeccable, soothing soul and flashy <a href=""https://www.last.fm/music/W.C.+Clark"">Read more on Last.fm</a>",United States
Chet Atkins,293379,3200761,"Chester Burton Atkins born 20 June 1924 - Died 30 June 2001 in Nashville, Tennessee, United States (1942–1996) . was an American guitarist and record producer. Together with Owen Bradley, Atkins created the smoother country music style known as the Nashville sound, which expanded country music's appeal to include adult pop music fans as well. His virtuoso picking style - inspired by Merle Travis, Django Reinhardt, George Barnes and Les Paul - brought him admirers both within and outside the country scene. <a href=""https://www.last.fm/music/Chet+Atkins"">Read more on Last.fm</a>",United States
Sue Foley,36605,313880,"Sue Foley (born March 29, 1968, Ottawa, Ontario, Canada) is a Canadian blues singer and guitarist. She has also recorded as Peter Karp & Sue Foley. 

Since her first album in 1992  Foley has recorded a string of albums, for both Antone's Records and Shanachie Records. She has spent many years on the road as a bandleader, lead vocalist, guitarist and manager of her own band. In addition to her own touring, she has also shared the stage with blues musicians such as Back Alley John, B. B. King, Buddy Guy and John Lee Hooker.  <a href=""https://www.last.fm/music/Sue+Foley"">Read more on Last.fm</a>",Canada
Ellis Hall,5471,24534,"Ellis Hall Jr. (born May 10, 1951 in Savannah, Georgia) known professionally as Ellis Hall is an American singer-songwriter, multi-instrumentalist, actor and composer. He was described as ""The Ambassador of Soul"" by conductor, Jeff Tyzik. Hall has been blind since the age of 18. Citing Ray Charles as his inspiration, Hall has written over 4000 soul, gospel, blues and pop songs,[1] and has performed with Stevie Wonder, James Taylor, Natalie Cole, Patti LaBelle <a href=""https://www.last.fm/music/Ellis+Hall"">Read more on Last.fm</a>",United States
The Limp Twins,136255,998008,"The Limp Twins are Will Holland (a.k.a quantic) and Russell Porter, who created their album tales from beyond the groove (TRUCD057, 2003) in their bedrooms (according to the cd cover). The record is a funky offering somewhere in between the sound of Will Holland's other projects, quantic and the quantic soul orchestra, but is definately more laid back. 

For more information on this project, check out quantic's website: about The Limp Twins. <a href=""https://www.last.fm/music/The+Limp+Twins"">Read more on Last.fm</a>",Unknown
Jimmy Thackery And The Drivers,17489,124417,"Known for his gritty, blue-collar approach and marathon live shows, Thackery was for many years part of The Nighthawks. The Nighthawks were known as one of the hardest-working blues bar bands in North America.[citation needed] Since the late 1980s, Thackery has been touring under his own name, and has found a wide audience. His hard-edged, tough-as-nails approach to guitar playing and his trio's driving rhythm section holds appeal for fans of both traditional blues and roots rock. <a href=""https://www.last.fm/music/Jimmy+Thackery+And+The+Drivers"">Read more on Last.fm</a>",Unknown
The Holmes Brothers,34197,197057,"The Holmes Brothers were an American musical trio originally from Christchurch, Virginia.
Mixing sounds from blues, soul, gospel, country, and rhythm & blues, they have released twelve studio albums, with three reaching the top 5 on the Billboard Blues Albums chart. They have gained a following by playing regularly at summer folk, blues, gospel, and jazz festivals. They have recorded with Van Morrison, Peter Gabriel, Odetta, Phoebe Snow, Willie Nelson <a href=""https://www.last.fm/music/The+Holmes+Brothers"">Read more on Last.fm</a>",United States
The Rolling Stones,5674210,264639939,"The Rolling Stones is an English rock band formed in London in 1962. Active for six decades, they are one of the most popular and enduring bands of the rock era. In the early 1960s, the Rolling Stones pioneered the gritty, rhythmically driven sound that came to define hard rock. Their first stable line-up consisted of vocalist Mick Jagger, multi-instrumentalist Brian Jones, guitarist Keith Richards, bassist Bill Wyman, and drummer Charlie Watts. During their formative years <a href=""https://www.last.fm/music/The+Rolling+Stones"">Read more on Last.fm</a>",Unknown
Jimmy Smith,426313,3706936,"Jimmy Smith (1925–2005) was a jazz musician whose instrument was the Hammond B-3 electric organ.

Born James Oscar Smith on 8th December 1925 in Norristown, Pennsylvania, USA. Smith was influenced by both gospel and blues. He first achieved prominence in the 1950s where his recordings became popular on jukeboxes before there were commonly used terms to describe his unique musical flavor. In the sixties and seventies he helped create the jazz style known as soul jazz. <a href=""https://www.last.fm/music/Jimmy+Smith"">Read more on Last.fm</a>",Unknown
Elvis Presley,4315393,144903841,"Elvis Aaron Presley (January 8, 1935 – August 16, 1977) was an American singer and actor. Regarded as one of the most significant cultural icons of the 20th century, he is often referred to as the ""King of Rock and Roll"" or simply ""the King"".

Presley was born in Tupelo, Mississippi, and relocated to Memphis, Tennessee, with his family when he was 13 years old. His music career began there in 1954, recording at Sun Records with producer Sam Phillips, who wanted to bring the sound of African American music to a wider audience. <a href=""https://www.last.fm/music/Elvis+Presley"">Read more on Last.fm</a>",United States
J.B. Lenoir,105961,663645,"J. B. Lenoir /ləˈnɔːr/ (Monticello, Mississippi, March 5, 1929  – Urbana, Illinois, April 29, 1967) was an African American blues guitarist and singer-songwriter, active in the 1950s and 1960s Chicago blues scene.
Lenoir's guitar-playing father introduced him to the music of Blind Lemon Jefferson, whose music became a major influence. During the early 1940s, Lenoir worked with blues artists Sonny Boy Williamson II and Elmore James in New Orleans. Lenoir would eventually find musical influence in Arthur Crudup and Lightnin' Hopkins. <a href=""https://www.last.fm/music/J.B.+Lenoir"">Read more on Last.fm</a>",United States
Bill Wyman's Rhythm Kings,9937,216487,"Bill Wyman's Rhythm Kings are a blues-rock band founded in 1997 and led by the Rolling Stones' bass guitarist Bill Wyman. Together with his lifelong musical partner Terry Taylor. This ""Dirty Boys"" duo produce, arrange and compose original material for the award-winning band. Members of the band, eithering touring or as studio guests, has included such stars as Peter Frampton, Albert Lee, Gary Brooker, Georgie Fame, Andy Fairweather-Low, Mark Knopfler and Martin Taylor. <a href=""https://www.last.fm/music/Bill+Wyman%27s+Rhythm+Kings"">Read more on Last.fm</a>",Unknown
Vargas Blues Band,22103,264146,"”Javier Vargas was born in Madrid. When he was nine years old, he and his family moved to Argentina, where his parents had lived during the Spanish Civil War. They lived in Mendoza, San Luis, Buenos Aires and also in Mar del Plata, where he started playing the guitar with young musicians in places such as garages. He took guitar lessons, and he also used to go clubs to listen to groups playing blues live.

The first guitar Vargas had, present from his father, it was a Spanish guitar with naylon strings. <a href=""https://www.last.fm/music/Vargas+Blues+Band"">Read more on Last.fm</a>",Spain
Lighthouse Family,565149,6540576,"Lighthouse Family was a British pop-soul duo formed in 1993 that rose to prominence in the mid-1990s and initially remained active until 2003. The duo reformed during 2010 to 2011 and again from 2019 before splitting in 2022. 

The duo comprised vocalist Tunde Baiyewu (born in London on 25 November 1968) and keyboard player Paul Tucker, (born in London on 12 August 1968) and formed in 1993 in Newcastle upon Tyne, England after meeting at college. Their 1995 debut album ""Ocean Drive"" sold more than 1. <a href=""https://www.last.fm/music/Lighthouse+Family"">Read more on Last.fm</a>",United Kingdom
Dick Brave & The Backbeats,54014,805885,"Dick Brave & The Backbeats is a rockabilly cover band from germany best known for their electrifing 50s-style performances of pop/rock classics such as Depeche Mode's ""I Just Can't Get Enough"", Green Day's ""American Idiot"" or the Queens Of The Stone Age's ""No One Knows"". 

Though band leader Dick Brave claims to be canadian, the project actually marks the unlikely evolution of german pop singer Sasha - a frequent guest in the pop charts during the 1990s with hits like I Feel Lonely, If You Believe or Young Deenay's Walk On By. <a href=""https://www.last.fm/music/Dick+Brave+&+The+Backbeats"">Read more on Last.fm</a>",Germany
Ms. Lauryn Hill,1326796,35386645,"Lauryn Noelle Hill (born May 26, 1975) is an American rapper, singer, songwriter, record producer, and actress. She is celebrated as one of the most influential musical artists of her generation. Hill is credited with breaking barriers for female rappers, contributing to the mainstream success of both hip-hop and neo soul, and blending rap with melodic vocals. She has been honored as one of the 50 Great Voices by NPR, and one of the 200 Greatest Singers of All Time by Rolling Stone. <a href=""https://www.last.fm/music/Ms.+Lauryn+Hill"">Read more on Last.fm</a>",United States
Joe Dassin,523163,7352775,"Joseph Ira Dassin (November 5, 1938 - August 20, 1980) was a French-speaking American folk, pop and rock musician.

Dassin was born in New York City to Jules Dassin (Yiddish actor and film noir director) and Béatrice Launer. He began his childhood first in New York and Los Angeles, California. However after his father became a victim of the anti-communist policies of Senator Joseph McCarthy, he and his family moved from place to place across Europe. <a href=""https://www.last.fm/music/Joe+Dassin"">Read more on Last.fm</a>",United States
Ann Nesby,20294,152725,"Formerly the lead vocalist for the 30-piece gospel choir Sounds of Blackness, Ann Nesby struck out on her own in 1996 with an album for the Perspective label, Ann Nesby 1996. With the help of super-producers Jam & Lewis, the R&B-oriented LP scored a hit with ""I'm Here for You."" Nesby has contributed to several soundtracks (Batman, Mo' Money, Demolition Man) and tribute albums (to Curtis Mayfield, Marvin Gaye, John Lennon). She has also won two Grammy awards: one as part of Sounds of Blackness for the 1991 album Evolution of Gospel <a href=""https://www.last.fm/music/Ann+Nesby"">Read more on Last.fm</a>",Unknown
Johnny Burnette & The Rock 'n' Roll Trio,48709,292140,"Johnny Burnette & The Rock 'n' Roll Trio was an American rockabilly group formed in Memphis, Tennessee, during the 1950s. Later recordings were attributed to The Johnny Burnette Trio. The members of the Trio were Dorsey Burnette, his younger brother Johnny Burnette, and a friend Paul Burlison. Dorsey and Johnny Burnette were both natives of Memphis, having been born there in 1932 and 1934 respectively. Paul Burlison was born in Brownsville, Tennessee in 1929, but moved to Memphis with his family in 1937. <a href=""https://www.last.fm/music/Johnny+Burnette+&+The+Rock+%27n%27+Roll+Trio"">Read more on Last.fm</a>",United States
Gov't Mule,297117,5745334,"Gov't Mule is a southern rock/jam band formed in 1994 as a side project to The Allman Brothers Band, but has taken on a life of its own. Like many jam bands, Gov't Mule does not get much radio airplay but is popular due to constant touring and intense fan loyalty. 

When the Allman Brothers Band reformed in 1989 in response to the popularity of the Dreams box set, Warren Haynes was added on lead guitar and Allen Woody on bass. The two shared a love for '60s power trios, like Cream, Jimi Hendrix Experience, and James Gang. <a href=""https://www.last.fm/music/Gov%27t+Mule"">Read more on Last.fm</a>",Unknown
Patrick Yandall,11358,80845,"Patrick Yandall. Contemporary and smooth jazz guitarist with 14 international releases. He has been featured in Jazziz, Smooth Jazz News, Jazz Times, Guitar Player, and many other print and internet media. A producer and session guitarist based in San Diego, CA. His music has been used in feature film, Television, commercials, Internet media, The Weather Channel, Music Choice, and more! Producer and session musician. Influenced by Larry Carlton, George Benson <a href=""https://www.last.fm/music/Patrick+Yandall"">Read more on Last.fm</a>",Unknown
Sista Monica,1603,7736,"Sista Monica Parker, aka the “Lioness of the Blues,” is an award-winning blues, soul, and gospel singer, songwriter, producer, public speaker, director and minister of music. A captivating, dynamic performer, today she is one of the most admired women on the international music and festival scene. 

Sista Monica started singing as a young girl in the church choir in the Midwest between Chicago, Illinois, Gary, Indiana (her home town) and Detroit, Michigan. <a href=""https://www.last.fm/music/Sista+Monica"">Read more on Last.fm</a>",Unknown
Christian Padovan,4648,19259,biografia no encontrada,Unknown
Eric Bibb,120830,1454411,"Eric Bibb (b. 1951) is an American blues singer and guitarist, based in London, England, who has made his career largely in Europe.

Bibb was born on 16th August 1951 in New York into a musical family. His  father, Leon Bibb, is a trained singer who sang in musical theatre and made a name for himself as part of the 1960s New York folk scene. His uncle was the world-famous jazz pianist and composer John Lewis, of the Modern Jazz Quartet. Family friends included Pete Seeger, Odetta, and actor/singer/activist Paul Robeson, Bibb'sgodfather. <a href=""https://www.last.fm/music/Eric+Bibb"">Read more on Last.fm</a>",United States
The Brian Setzer Orchestra,320671,3873256,"Brian Setzer (born April 10, 1959 in New York) is an American guitarist, singer and songwriter whose popular big band orchestra is most appreciated commercially for their swinging take on Christmas holiday classics.

Early in his career Setzer was a member of the NYC band Bloodless Pharaohs, and later fronted the popular rockabilly revival band, Stray Cats. The Stray Cats particularly caught America's attention with the 1982 album Built for Speed <a href=""https://www.last.fm/music/The+Brian+Setzer+Orchestra"">Read more on Last.fm</a>",United States
Slim Harpo,179297,1149560,"Slim Harpo (11 January 1924 – 31 January 1970) was a blues musician.

Born James Moore in Lobdel, Louisiana, the eldest in an orphaned family, Moore worked as a longshoreman and building worker during the late 1930s and early 1940s. One of the foremost proponents of post-war rural blues, he began performing in Baton Rouge bars under the name Harmonica Slim. He later accompanied Lightning Slim, his brother-in-law, both live and in the studio, before commencing his own recording career in 1957. <a href=""https://www.last.fm/music/Slim+Harpo"">Read more on Last.fm</a>",Unknown
Los Lonely Boys,233722,2133412,"Los Lonely Boys is an American Chicano rock power trio from San Angelo, Texas. The band formed in 1996 and plays a style of music they call ""Texican Rock n' Roll,"" combining elements of rock and roll, Texas blues, brown-eyed soul, country, and Tejano. The band consists of three brothers: Henry Garza (guitar, vocals), Jojo Garza (bass, vocals), and Ringo Garza (drums, vocals).

The three brothers emerged as a group in Nashville in the 1990s. After moving back to their home state of Texas they recorded their debut album in 2003. <a href=""https://www.last.fm/music/Los+Lonely+Boys"">Read more on Last.fm</a>",United States
Seatbelts,528836,13148882,"

シートベルツ (Seatbelts), the name of the band, according to the fictional description given in the anime series Cowboy Bebop, derives from how the performers wear seatbelts to be safe while they play hardcore jam sessions.

The band performed the whole soundtrack of the anime series Cowboy Bebop and produced a total of seven albums and one live DVD. Their style is very diverse and ranges from straightforward big band jazz, blues, acoustic ballads, hard rock, country, funk to electronic, hip-hop and experimental compositions/elements. <a href=""https://www.last.fm/music/+noredirect/Seatbelts"">Read more on Last.fm</a>",Unknown
Stevie Ray Vaughan,1137189,17905282,"Stephen (""Stevie"") Ray Vaughan, born in Dallas, Texas (October 3, 1954 – August 27, 1990) was an American blues guitar legend, and is known as one of the most influential blues musicians in history.

Stevie Ray had been in numerous bands before joining blues rock combo Stevie Ray Vaughan and Double Trouble in the late 1970's.
 
Stevie Ray Vaughan and Double Trouble's debut album was released in 1983. The critically acclaimed Texas Flood (1983) featured the top-20 hit Pride and Joy and sold well in both blues and rock circles.  <a href=""https://www.last.fm/music/Stevie+Ray+Vaughan"">Read more on Last.fm</a>",United States
John Littlejohn,5634,21082,"John Wesley Funchess (April 16, 1931 – February 1, 1994) known professionally as John (or Johnny) Littlejohn, was an American blues slide guitarist. He was active on the Chicago blues circuit from the 1950s to the 1980s.

Born in Lake, Mississippi, Littlejohn first learned to play the blues from Henry Martin, a friend of his father. In 1946 he left home and traveled widely, spending time in Jackson, Mississippi, Arkansas, Rochester, New York, and Gary, Indiana. <a href=""https://www.last.fm/music/John+Littlejohn"">Read more on Last.fm</a>",United States
Albert Lee & Hogan's Heroes,8097,44490,biografia no encontrada,Unknown
Horace Silver,523349,4367048,"Horace Silver (September 2, 1928 - June 18, 2014) was an American jazz pianist and composer. 
He is known for his distinctive humorous and funky playing style, and for his pioneering contributions to hard bop. Silver was influenced by a wide range of musical styles, notably gospel music, African music, and Latin American music. Silver began his career as a saxophonist, but later switched to piano. His playing was highly influenced by the style of Bud Powell.  <a href=""https://www.last.fm/music/Horace+Silver"">Read more on Last.fm</a>",United States
Mark Knopfler,821170,24127457,"Mark Freuder Knopfler, OBE (born 12 August 1949) is a British singer, guitarist, composer, songwriter, record producer, and film score composer. He was the lead guitarist, lead singer, and songwriter for the rock band Dire Straits, which he co-founded with his younger brother, David Knopfler, in 1977. He was born in Glasgow but raised near Newcastle upon Tyne, England.

Since Dire Straits disbanded in 1995, Knopfler has recorded and produced nine solo albums and, as with his previous band, produced many hit songs. <a href=""https://www.last.fm/music/Mark+Knopfler"">Read more on Last.fm</a>",United Kingdom
Cave Catt Sammy,3474,30762,"Hailing from San Antonio, TX since forming in high school in 1997, Cave Catt Sammy exhibit maturation and a darker lyrical content with their self penned material. They also conjure up learned covers by greats such as Jerry Reed (""Your Money Makes You Purty"") and Roy Orbison (""Cast Iron Arm"", originally recorded for Decca by Peanuts Wilson). No doubt their youthful enthusiasm has been tempered by 5 years of hard national touring and international festival appearances. <a href=""https://www.last.fm/music/Cave+Catt+Sammy"">Read more on Last.fm</a>",Unknown
Ana Popovic,77282,935105,"Ana Popović (born May 13, 1976, Belgrade, Serbia) is a blues guitarist, singer and songwriter. Ana has released 5 studio albums as a solo artist; Hush! (2000), Comfort To The Soul (2003), Still Making History (2007), Blind For Love (2009) and Unconditional (2011).

Ana Popović's father first introduced her to the blues, through an extensive record collection and sessions hosted at the family home. Popović founded her first serious band at age nineteen. <a href=""https://www.last.fm/music/Ana+Popovic"">Read more on Last.fm</a>",Unknown
Luther Johnson,37054,147370,"There is more than one artist called Luther Johnson.

1) Luther Johnson (April 11, 1939-) is a Chicago blues singer and guitarist, who performs under the name Luther ""Guitar Junior"" Johnson. He is not billed as simply ""Guitar Junior"".

He was born in Itta Bena, Mississippi, USA in 1939 and moved to Chicago with his family in 1955. During the 1960s, he performed with Magic Sam. Johnson performed in Muddy Water's band from 1972 to 1980. In 1980, four of his songs were included on an anthology by Alligator Records. <a href=""https://www.last.fm/music/Luther+Johnson"">Read more on Last.fm</a>",Unknown
C.C. Adcock,9848,79919,"C.C. Adcock (born Charles Clinton Adcock, c. 1971, Lafayette, Louisiana) is a rock and roll musician from noted for his cajun, zydeco, electric blues and swamp pop-influenced sound, and for his efforts to preserve and promote swamp pop music.

Adcock has recorded two solo albums, the self-titled C. C. Adcock (produced by Tarka Cordell), issued in 1994 on the Island label, and reissued in 2000 on the Evangeline label, under the title House Rocker; and Lafayette Marquis, issued in 2004 on the Yep Roc label. <a href=""https://www.last.fm/music/C.C.+Adcock"">Read more on Last.fm</a>",Unknown
Heaven & Earth,12350,113929,"There is more than one artist under the name Heaven & Earth.

One is a soul group from Chicago, Illinois, U.S.A. and released 4 LPs from 1976 to 1981.

>>
A vocal quartet that originally went by the name the Soul Majestics, and consisted of brothers Dwight Dukes (falsetto/lead tenor) and James Dukes (bass), Keith Steward (tenor) and Michael Brown (baritone). Under the direction of producer Clarence Johnson, they recorded four albums as Heaven Earth: one for General Entertainment Corporation (GEC), three for Mercury (Phonogram) and one for WMOT. <a href=""https://www.last.fm/music/Heaven+&+Earth"">Read more on Last.fm</a>",Unknown
Elmore James,437576,3468039,"Elmore James (Elmore Brooks, Richland, Mississippi, 27th January 1918 – Chicago, Illinois, 24th May 1963) was an American blues singer and guitarist. He was known as ""The King of the Slide Guitar"".

James was born  fifty miles north of Jackson (not to be confused with another Richland just south of Jackson). He began playing as a teen, under the names ""Cleanhead"" and ""Joe Willie James"", alongside musicians such as the first Sonny Boy Williamson, Howlin' Wolf, and Robert Johnson. <a href=""https://www.last.fm/music/Elmore+James"">Read more on Last.fm</a>",United States
Rob Tognoni,11524,117756,"Rob Tognoni and his guitar have been treading the stages worldwide for the past 35 years.
He has opened for the greats - Roy Buchanan, Stevie Ray Vaughan's mentor Lonnie Mack, Joe Walsh from the Eagles, shared stages with Peter Green, Sting, ZZ Top, Bo Diddley. He has represented Australia at the Royal Wedding celebrations of Prince Frederik & Princess Mary of Denmark, performed for FIFA World Cup Football in Kaiserslautern, played from maximum security <a href=""https://www.last.fm/music/Rob+Tognoni"">Read more on Last.fm</a>",Unknown
Coen Wolters Band,3304,22180,"Since the release of the band’s latest album ""As The Crow Flies"" (2006) everything changed for the band. Coen's long history of self released CD's and continual live performances, cumulating in the release of his debut ""Broken Glass"" (2005) CD on Cryingtone Records, established him as an up and coming blues slinger with an original twist of his own.
The ""live band"" sound of ""as The Crow Flies"", coupled with the tours at major festivals that following year <a href=""https://www.last.fm/music/Coen+Wolters+Band"">Read more on Last.fm</a>",Unknown
Coco Montoya,81422,729422,"Coco Montoya (b. 1951 in Santa Monica, CA) is a blues guitarist and former member of John Mayall & The Bluesbreakers.

Montoya's career began in the mid-70's when Albert Collins asked him to join his band as drummer. Collins took Montoya under his wing and taught him his ""icy hot"" guitar style. The two remained friends even after Montoya left Collins' band.

In the early 80's John Mayall heard Montoya playing guitar in a Los Angles bar. Soon after Mayall asked Montoya to join the newly reformed Bluesbreakers. <a href=""https://www.last.fm/music/Coco+Montoya"">Read more on Last.fm</a>",Unknown
Calvin Russell,42153,467434,"Russell was born in Austin, Texas, on 1 November 1948. At age 12, Russell began learning guitar and at 13 joined a band called The Cavemen. In 1989, he met Patrick Mathe of the French record label, New Rose Records, while at a party in Austin and gave him a demo tape intended for noted Austin guitarist and producer, Charlie Sexton. 

He would go on to sign with the label releasing his first solo album in 1990 entitled A Crack In Time. In promotion of the album <a href=""https://www.last.fm/music/Calvin+Russell"">Read more on Last.fm</a>",France
Lucille Bogan,50340,211828,"Lucille Bogan (April 1, 1897 - August 10, 1948) was an American blues singer, among the first to be recorded. She also recorded under the pseudonym Bessie Jackson. Bogan sang straight-talking blues about drinking (""Sloppy Drunk Blues""), prostitution (""Tricks Ain't Walking No More""), gambling, lesbianism and other facets of what her generation called 'the life'. The jazz critic and sexologist Ernest Borneman grouped her with Ma Rainey and Bessie Smith in the ""the big three of the blues"". <a href=""https://www.last.fm/music/Lucille+Bogan"">Read more on Last.fm</a>",United States
Keith Urban,1092154,19990383,"Keith Lionel Urban (born 26 October 1967) is a New Zealand-born country music singer, songwriter and guitarist whose commercial success has been mainly in the United States and Australia. Originally the front man for The Ranch, a three-piece group that released one album in 1997 to critical acclaim, Urban disbanded the group to pursue a solo career.  In 2004 his album ""Be Here"" was nominated for best country album at the Grammy Awards and at the Academy of Country Music Awards. <a href=""https://www.last.fm/music/Keith+Urban"">Read more on Last.fm</a>",Unknown
Tommy Castro,73110,619059,"Tommy Castro (born April 15, 1955) is an American blues, R&B, and rock guitarist and singer. He has been recording since the mid-1990s. His music has taken him from local stages to national and international touring. His popularity was marked by his winning the 2008 Blues Music Award for Entertainer of the Year.[1]

According to The Chicago Sun-Times, Castro plays ""Memphis soul-drenched R&B…top-of-the-line blues.""[2] Tom Callahan of Blurt added, ""Castro has a soulful voice, searing guitar and is an excellent songwriter and vocalist. <a href=""https://www.last.fm/music/Tommy+Castro"">Read more on Last.fm</a>",United States
Kieran Kane,8700,86897,"Kieran Kane (born October 7, 1949 in Queens, New York) is an American country music artist, as well as the owner of Dead Reckoning Records, an independent record label.[1] Between 1986 and 1990, he and Jamie O'Hara comprised The O'Kanes, In 1993, Kieran returned to his career as a solo performer. He signed to Atlantic Records that year, releasing the album Find My Way Home. Due to poor sales of this album, he was soon dropped from Atlantic's roster. <a href=""https://www.last.fm/music/Kieran+Kane"">Read more on Last.fm</a>",United States
Lead Belly,203863,1950861,"Huddie Ledbetter (23 January 1888 - December 1949) was a leading American blues singer and guitarist. His songbook contained a large number of standard folk tunes, most adapted from previous sources.

Though many of his posthumous releases list him as ""Leadbelly,"" he himself spelled it ""Lead Belly."" This is also the usage on most of his original records, tombstone, as well as of the Lead Belly Foundation.

Lead Belly was born in Mooringsport, Louisiana, and spent time in and out of prison most of his life. <a href=""https://www.last.fm/music/+noredirect/Lead+Belly"">Read more on Last.fm</a>",United States
The Robert Cray Band,73070,650389,"Robert Cray is an American blues guitarist, composer and singer.
With bassist Richard Cousins, keyboardist Peter Boe and drummer Tom Murphy, they launched The Robert Cray Band in 1980 with ""Who's Been Talkin"". The album was recorded during constant touring in the U.S. in 1978. The record was initially shelved for two years, being eventually issued by the short-lived Tomato label (whose licence was picked up by ""Atlantic Records"" (U.S.) and ""Charly"" in the UK. <a href=""https://www.last.fm/music/The+Robert+Cray+Band"">Read more on Last.fm</a>",United States
The Hoodoo Kings,674,2204,"In bringing together elder bluesmen Eddie Bo (died in 2009), Raful Neal (died in 2004) and Rockin’ Tabby Thomas (died in 2014) with a band of younger cohorts, The Hoodoo Kings captured the simmering essence of Louisiana. Hoodoo Kings was produced in 2001 by Randy Labbe, and their backing band consisted of guitarists Greg Hoover and Denny Breau, bassist Dan Corbett, drummer Darren Thiboutot and backup vocalist Kelly Jones. On their Telarc release <a href=""https://www.last.fm/music/The+Hoodoo+Kings"">Read more on Last.fm</a>",Unknown
Byther Smith,36927,213256,"Byther Smith is a true Living Legend of the Chicago blues scene and during his long lasting career he worked with the greatest of the Chicago blues artists like Muddy Waters, Howlin' Wolf, Jimmy Reed and Otis Rush.

Born in Monticello, Mississippi on April 17, 1933 young Byther Smith got his first musical experiences with gospel music, a music that he returned to at various stages of his career.

As a teenager Byther moved to Arizona, working on a cattle ranch and playing with a country & western band at weekends. <a href=""https://www.last.fm/music/Byther+Smith"">Read more on Last.fm</a>",Unknown
Status Quo,915370,12792073,"Status Quo is a British rock band (London, England)  founded by bassist Alan Lancaster and guitarist Francis Rossi in 1962.

They began as a rock and roll freakbeat band called The Spectres. By 1967, with very little commercial success, they discovered psychedelia and changed their name to Traffic (later Traffic Jam, to avoid confusion with Steve Winwood's Traffic.) At this time the line-up also included organist Roy Lynes and drummer John Coghlan. <a href=""https://www.last.fm/music/Status+Quo"">Read more on Last.fm</a>",United Kingdom
Junior Wells,184572,1390338,"Junior Wells (December 9, 1934 - January 15, 1998), born Amos Blakemore, was a blues vocalist and harmonica player based in Chicago who was famous for playing with Muddy Waters, Buddy Guy, Magic Sam, Lonnie Brooks, The Rolling Stones and Van Morrison.

He was born in Memphis, Tennessee, and raised in Arkansas. Wells moved to Chicago in 1948 and first made his mark at age 18 playing in Muddy Waters' band. He later worked with Buddy Guy in the 1960s and recorded for Delmark Records. <a href=""https://www.last.fm/music/Junior+Wells"">Read more on Last.fm</a>",Unknown
Lightnin' Hopkins,360414,3665641,"Samuel John ""Lightnin'"" Hopkins (March 15, 1912 – January 30, 1982) was an American country blues singer, songwriter, guitarist and occasional pianist, from Centerville, Texas. Rolling Stone magazine ranked him number 71 on its list of the 100 greatest guitarists of all time.

The musicologist Robert ""Mack"" McCormick opined that Hopkins is ""the embodiment of the jazz-and-poetry spirit, representing its ancient form in the single creator whose words and music are one act"". <a href=""https://www.last.fm/music/Lightnin%27+Hopkins"">Read more on Last.fm</a>",United States
Bonnie Raitt,788393,8628326,"Bonnie Raitt, (born November 8, 1949) is an American blues and R&B singer, songwriter, and guitarist who was born in Burbank, California, the daughter of Broadway musical star John Raitt.

Raitt began playing guitar at an early age, something not a lot of her high school girlfriends did. ""I had played a little at school and at camp,"" she later recalled in a July 2002 interview. ""My parents would drag me out to perform for my family, like all parents do, but it was a hobby—nothing more. <a href=""https://www.last.fm/music/Bonnie+Raitt"">Read more on Last.fm</a>",United States
Blues Company,21963,228244,"There are three similar bands with the same name.
1. Blues Company - Hungary's No.1 Motorcycle-Blues Band
2. Blues Company - Germany´s No.1 Blues Band
3. Istambul Blues Company (İstanbul Blues Kumpanyası) - Blues band from turkey

1.) A Blues company 1994-ben alakult magyar rockegyüttes, amely jellegzetes, blues alapú zenéjéről, és humoros, gyakran vulgáris hangvételű szövegeiről vált híressé. Gyakran lépnek fel motorostalálkozókon, fesztiválokon. <a href=""https://www.last.fm/music/Blues+Company"">Read more on Last.fm</a>",Unknown
Eddy Wilsons Blues Band,1024,3733,biografia no encontrada,Unknown
Shemekia Copeland,69058,507931,"Shemekia Copeland (b Harlem, New York City, 10 April 1979) is an American blues singer.

The daughter of blues guitarist and singer Johnny Copeland, she began to pursue a singing career in earnest at age 16, when her father's health began to decline; he took Shemekia on tour as his opening act, which helped establish her name on the blues circuit.

She landed a record deal with Alligator, which issued her debut album ""Turn the Heat Up!"" in 1998. The record was met with enthusiastic reviews <a href=""https://www.last.fm/music/Shemekia+Copeland"">Read more on Last.fm</a>",United States
The Nimmo Brothers,2955,44590,"For over a decade The Nimmo Brothers, from Glasgow, Scotland have proven themselves to be one of the most respected exponents of modern blues the UK has seen since the blues boom of the 1960’s. It is from this period, that brothers Stevie and Alan Nimmo first drew their influences, which makes them the fine musicians they are today. Inspired by such greats as Peter Green’s Fleetwood Mac and John Mayall’s Bluesbreakers they had no doubt that when the time came <a href=""https://www.last.fm/music/The+Nimmo+Brothers"">Read more on Last.fm</a>",Unknown
Memphis La Blusera,28308,385419,"""Memphis La Blusera"" es una banda argentina de blues y rock nacida en el barrio porteño de La Paternal el 5 de mayo de 1978. Comenzaron a tocar como banda con temáticas muy sociales y trabajadoras, saliéndose de esa línea con el disco ""Tonto Rompecabezas"", donde se van al grano de lo que es las letras sobre el amor. Para su grabación en vivo de 25º aniversario en Luna Park, se revivió parte de la fama de la banda, que además visitó otros países como Chile. <a href=""https://www.last.fm/music/Memphis+La+Blusera"">Read more on Last.fm</a>",Unknown
The Bel-Aires,2712,8552,biografia no encontrada,Unknown
Wynonie Harris,116345,616777,"Wynonie ""Mr. Blues"" Harris (August 24, 1915-June 14, 1969) was an American blues shouter and rhythm and blues singer.

He was born in Omaha, Nebraska. Harris traveled as a singer and dancer with the Lucky Millinder Big Band in his youth. His first big solo hit was in 1944 with his record ""Who Threw The Whiskey in the Well"". He was a dynamic live performer who brought a lot of attention to the emerging styles of rhythm and blues.

Harris made a major contribution to the birth of rock and roll when he covered ""Good Rocking Tonight"" <a href=""https://www.last.fm/music/Wynonie+Harris"">Read more on Last.fm</a>",United States
Guitar Shorty,43667,318046,"There are two artists with the name 'Guitar Shorty': 
1) Guitar Shorty was American blues guitarist, singer and songwriter David William Kearney  (born on 8 September 1934 ; died 20 April 2022) who was known for his explosive guitar style and wild stage antics. 
2) Guitar Shorty was American acoustic blues guitarist John Henry Fortescue (born on 24 January 1923; died 26 May 1976). 

I. Guitar Shorty (born David William Kearney on  8 September 1934 ; died 20 April 2022), was an American blues guitarist. <a href=""https://www.last.fm/music/Guitar+Shorty"">Read more on Last.fm</a>",United States
Eddie Hope,1112,4008,biografia no encontrada,Unknown
Doyle Bramhall,18251,123038,"Doyle Bramhall (1949.02.17/Dallas, TX - 2011.11.12/Alpine) was strictly a Texas blues musician, a talented guitarist, drummer and singer who has worked with Stevie Ray Vaughan and his brother Jimmie Vaughan. Bramhall is sometimes confused with his son, Doyle Bramhall II, who is also a singer, songwriter, and guitarist.

It was initially reported that Mr. Bramhall may have died as a result of complications from pneumonia. One of his final North Texas performances was at 2011's Main St. <a href=""https://www.last.fm/music/Doyle+Bramhall"">Read more on Last.fm</a>",Unknown
Champion Jack Dupree,118422,678786,"William Thomas Dupree (birth date disputed; died January 21, 1992, in Hanover, Germany), best known as Champion Jack Dupree, was an American blues pianist. He was the embodiment of the New Orleans blues and boogie woogie pianist. On his best known album, Blues from the Gutter, for Atlantic in 1959, he was accompanied on guitar by Larry Dale, whose playing on that record inspired Brian Jones of The Rolling Stones. Although best known as a singer and pianist in the New Orleans style <a href=""https://www.last.fm/music/Champion+Jack+Dupree"">Read more on Last.fm</a>",United States
Eric Sardinas,57901,468079,"Slide guitarist and singer-songwriter Eric Sardinas has a reputation for packing intensity into his live performances. Since the late-90s’ Sardinas has taken the stage thousands of times across the globe, with audiences growing exponentially each passing year. His six albums have displayed a distinct style that musically pushes the boundaries of rock and blues, and the world has taken notice. 

Now Sardinas has put his onstage lighting in a bottle for the new album Sticks & Stones <a href=""https://www.last.fm/music/Eric+Sardinas"">Read more on Last.fm</a>",Unknown
Marcia Ball,41828,305915,"Marcia Ball (born 20 March 1949) is an American blues singer and pianist born in Orange, Texas but who grew up in Vinton, Louisiana. This same region spawned other American blues greats, including Clifton Chenier, Janis Joplin, Lonnie Brooks, Stevie Ray Vaughan, The Fabulous Thunderbirds, and Kenny Neal.

Born into a musical family, Ball began playing piano at age 5, and showed an early interest in New Orleans style piano playing, as exemplified by Fats Domino, Professor Longhair, and James Booker. <a href=""https://www.last.fm/music/Marcia+Ball"">Read more on Last.fm</a>",United States
Ray Charles,2727950,43013714,"Ray Charles (Ray Charles Robinson,  Albany, Georgia, September 23, 1930 - Beverly Hills, California, June 10, 2004), was an American singer-songwriter, musician, arranger, and band leader. 

As a rock and roll, rhythm & blues, soul, blues, jazz, country and pop musician he helped to shape the sound of rhythm & blues.

He brought a soulful sound to everything from country music (""I Can't Stop Loving You"") to rock and roll (""Mess Around""), to pop standards to a now-iconic rendition of ""America the Beautiful. <a href=""https://www.last.fm/music/Ray+Charles"">Read more on Last.fm</a>",United States
Freddie King,409888,3838063,"
Freddie King (September 3, 1934 – December 28, 1976), thought to have been born as Frederick Christian in Gilmer, Texas, originally recording as Freddy King, and nicknamed ""the Texas Cannonball"", was an influential African-American blues guitarist and singer. He is often mentioned as one of ""the Three Kings"" of electric blues guitar, along with Albert King and B.B. King (though he was the youngest of the three).

King's mother, Ella May King, and her brother, who both played the guitar, began teaching him to play at the age of six. <a href=""https://www.last.fm/music/Freddie+King"">Read more on Last.fm</a>",Unknown
Eric Clapton,3345918,79870206,"Eric Patrick Clapton CBE (born 30 March 1945) is an English rock and blues guitarist, singer, and songwriter. He is regarded as one of the most successful and influential guitarists in rock music. He ranked second in Rolling Stone's list of the ""100 Greatest Guitarists of All Time"" and fourth in Gibson's ""Top 50 Guitarists of All Time"". In 2023, Rolling Stone named Clapton the 35th best guitarist of all time. He was also named number five in Time magazine's list of ""The 10 Best Electric Guitar Players"" in 2009. <a href=""https://www.last.fm/music/Eric+Clapton"">Read more on Last.fm</a>",Unknown
Solomon Burke,625178,5301408,"Solomon Burke (born March 21, 1940 in Philadelphia, Pennsylvania, USA, died October 10, 2010 at Schiphol Airport, The Netherlands) was a soul music pioneer and member of the Rock and Roll Hall of Fame. Despite releasing numerous rnb chart hits in the 1960s, he never had a Top 20 hit on the pop charts. Burke's influence, however, has outstripped his mainstream commercial success. He is considered a legend of American music.

He began his adult life as a young preacher in Philadelphia, where he hosted a gospel radio show. <a href=""https://www.last.fm/music/Solomon+Burke"">Read more on Last.fm</a>",United States
Joe Bonamassa,475577,13852116,"Joe Bonamassa (born May 8, 1977) is an American blues rock  guitarist, singer and songwriter.

Bonamassa was born in Utica, New York. He started playing guitar at age four, encouraged by his father, who was an avid music fan and exposed him to British blues rock records by Eric Clapton and Jeff Beck, greatly inspiring him. At 11 years old Joe was mentored and trained by American guitar legend, Danny Gatton. When he was 12 years old, he had his own band called Smokin' Joe Bonamassa <a href=""https://www.last.fm/music/Joe+Bonamassa"">Read more on Last.fm</a>",United States
Nina Simone,2882508,71824953,"Eunice Kathleen Waymon (21 February 1933 – 21 April 2003), better known by her stage name Nina Simone, was an American singer, pianist, arranger, and civil rights activist widely associated with jazz music. Simone aspired to become a classical pianist while working in a broad range of styles including classical, jazz, blues, soul, folk, rhythm and blues, gospel, and pop.

Simone was born Eunice Kathleen Waymon on 21st February 1933 in Tryon, North Carolina, USA, one of eight children. <a href=""https://www.last.fm/music/Nina+Simone"">Read more on Last.fm</a>",United States
De-Phazz,646436,12381796,"De Phazz is a downtempo jazz ensemble integrating modern turntablism and elements of soul, Latin, trip hop and drum and bass into a lounge music sound. De Phazz is led by Pit Baumgartner, a German producer who changes his crew for every new album. Some of the more permanent members are Karl Frierson and Pat Appleton. Since the release of Detunized Gravity and Godsdog, De Phazz have appeared on the radar of listeners of equally innovative and sample-driven jazz by the likes of Amon Tobin and The Cinematic Orchestra. <a href=""https://www.last.fm/music/De-Phazz"">Read more on Last.fm</a>",Germany
Rascal Flatts,1650089,27070132,"Rascal Flatts was an American country rock/pop country band founded in Columbus, Ohio, USA. Since its inception, Rascal Flatts has been composed of three members: Gary LeVox (lead vocals), Jay DeMarcus (bass guitar, keyboards, vocals), and Joe Don Rooney (lead guitar, vocals). DeMarcus and LeVox are also second cousins.

Rascal Flatts has released six studio albums and a greatest hits album, all on Lyric Street Records. Their first two albums, 2000's Rascal Flatts and 2002's Melt <a href=""https://www.last.fm/music/Rascal+Flatts"">Read more on Last.fm</a>",United States
Gary Moore,949553,17249767,"Gary Moore (born April 4, 1952 as Robert William Gary Moore in Belfast, Northern Ireland, United Kingdom; died February 6, 2011 in Malaga, Spain) is acknowledged as one of the finest guitarists to have originated in Ireland. He was a virtuoso guitarist and is considered by his fans to be one of the best guitar players ever.

In a career dating back to the 1960s he has played with bands including Thin Lizzy, Colosseum II, Greg Lake and Skid Row as well as having a successful solo career. <a href=""https://www.last.fm/music/Gary+Moore"">Read more on Last.fm</a>",Unknown
Son House,333352,2652024,"Eddie James House, Jr. (March 21, 1902 – October 19, 1988), better known as Son House, was an influential blues singer and guitarist. His date of birth is a matter of some debate. Son House himself alleged that he was middle aged during World War I, and, more specifically, that he was 79 in 1965, which would mean that he was born around 1886. However, all legal records place his birth on March 21, 1902.

House was born, the middle of three brothers, in Riverton, Mississippi, two miles from famed blues capital Clarksdale, Mississippi. <a href=""https://www.last.fm/music/Son+House"">Read more on Last.fm</a>",Unknown
Bessie Smith,360405,2877165,"Bessie Smith (April 15, 1894 – September 26, 1937) was an American blues singer.
Nicknamed The Empress of the Blues, Smith was the most popular female blues singer of the 1920s and 1930s. She is often regarded as one of the greatest singers of her era and, along with Louis Armstrong, a major influence on other jazz vocalists.

The 1900 census indicates that Bessie Smith was born in Chattanooga, Tennessee, in July 1892. However, the 1910 census recorded her birthday as April 15 <a href=""https://www.last.fm/music/Bessie+Smith"">Read more on Last.fm</a>",United States
Debbie Davies,30275,256470,"A thirty-year veteran of the road,  Debbie Davies is truly one of the leading lights on the contemporary blues music scene today.  She is one of less than a handful of women who paved the road for all of the young female guitar players on the scene today.

Debbie Davies is an award-winning singer, songwriter, guitar player of extraordinary talent. A professional musician since the early 1980s, Debbie ranks among the top blues artists in the country. <a href=""https://www.last.fm/music/Debbie+Davies"">Read more on Last.fm</a>",Unknown
Dany Brillant,40839,374844,"French singer, influenced by 60s rock n'roll.

After studying for two years to become a doctor, he dropped out and entered the prestigious Parisian theater school, 'Cours Florent'. <a href=""https://www.last.fm/music/Dany+Brillant"">Read more on Last.fm</a>",France
"Arthur ""Big Boy"" Crudup",85702,410264,"Arthur ""Big Boy"" Crudup (also known as ""Pop"" Crudup) (August 24, 1905 – March 28, 1974) was a delta blues singer and guitarist. He is best known outside blues circles for writing songs later covered by Elvis Presley (and since covered by dozens of other artists), such as ""That's All Right Mama"", ""My Baby Left Me"" and ""So glad you're mine"", and by many claims, ""Blue Suede Shoes"".

Born in Forest, Mississippi and living and working in throughout the South and Midwest as a migrant worker for a time <a href=""https://www.last.fm/music/Arthur+%22Big+Boy%22+Crudup"">Read more on Last.fm</a>",Unknown
The Black Keys,3238428,193022200,"The Black Keys are an alternative rock  group from Akron, Ohio, United States which formed in 2001, consisting of singer and guitarist Dan Auerbach and drummer Patrick Carney. The band name was inspired by a schizophrenic artist and friend in Akron, who used the term ""black keys"" to describe things he disliked or people he did not trust. The Black Keys have roots in traditional blues and psychedelic rock stylings.

They released their first album, The Big Come Up, in 2002, followed by Thickfreakness in 2003, and Rubber Factory in 2004. <a href=""https://www.last.fm/music/The+Black+Keys"">Read more on Last.fm</a>",Unknown
Billie Holiday,2289911,50566040,"Billie Holiday (Eleanora Fagan Gough, Philadelphia, PA, April 7, 1915 – New York City, NY, July 17, 1959) was an American jazz singer and songwriter.

Nicknamed Lady Day by her loyal friend and musical partner Lester Young, Holiday was a highly original influence on jazz and pop singing. Her vocal style, strongly inspired by jazz instrumentalists, pioneered a new way of manipulating phrasing and tempo. Above all, she was admired for her deeply personal and intimate approach to singing. <a href=""https://www.last.fm/music/Billie+Holiday"">Read more on Last.fm</a>",United States
Keb' Mo',293281,3460147,"Keb' Mo' (born October 3, 1951 in South Los Angeles, California as Kevin Moore) is an American blues singer, guitarist, and songwriter.

He first started recording in the early 1970s with Jefferson Airplane violinist Papa John Creach. Creach hired him when Moore was just twenty-one years old; Moore appeared on four of Creach's albums.

He was further immersed in the blues with his long stint in the Whodunit Band, headed by Bobby ""Blue"" Bland producer Monk Higgins. Moore jammed with Albert Collins and Big Joe Turner. <a href=""https://www.last.fm/music/Keb%27+Mo%27"">Read more on Last.fm</a>",United States
The Inmates,16996,155870,"Formed in 1977 from an amalgamation of ""Ronnie and the Biggs"" vocalist, the superb Bill Hurley, and ""The Cannibles"" Tony Oliver, Ben Donnelly and Peter Gunn, this hard-hitting R&B combo are often likened to their compadres ""Dr. Feelgood"" and ""Eddie and the Hot Rods"".
Signed to Radar Records they quickly made an impact with their debut LP. ""First Offence"" containing the hit singles ""Dirty Water"" (U.S. top forty) and Jimmy McCracklin's ""The Walk"" (UK. top forty). <a href=""https://www.last.fm/music/The+Inmates"">Read more on Last.fm</a>",Unknown
Mississippi John Hurt,282033,3418116,"John Smith Hurt, better known as Mississippi John Hurt (July 3, 1893 or March 8, 1892 - November 2, 1966) was an American country blues singer and guitarist.

Raised in Avalon, Mississippi, Hurt taught himself how to play the guitar around age nine. Singing to a melodious finger-picked accompaniment, he began to play local dances and parties while working as a sharecropper. He first recorded for Okeh Records in 1928, but these were commercial failures. <a href=""https://www.last.fm/music/Mississippi+John+Hurt"">Read more on Last.fm</a>",United States
Johnny Boyd,3230,14378,biografia no encontrada,Unknown
The White Stripes,4728720,194990319,"The White Stripes was an alternative rock band, formed in 1997 in Detroit, Michigan, United States. They disbanded in 2011. The group consisted of songwriter Jack White (vocals, piano/keyboards, guitar) and Meg White (drums, vocals).

After releasing several singles and three albums within the Detroit independent music underground, The White Stripes rose to prominence in 2002, as part of the garage rock revival scene. Their successful albums White <a href=""https://www.last.fm/music/The+White+Stripes"">Read more on Last.fm</a>",Unknown
Norah Jones,2910251,101268485,"Norah Jones, born on March 30, 1979 in New York City, is one of the most popular contemporary jazz and jazz-influenced singers of our time. She was a member of Wax Poetic before her debut album Come Away with Me. She can still be heard singing with them on two tracks of their release, NuBlu Sessions.

Her debut album Come Away with Me was released in 2002 and sold 26 million copies worldwide. It won 5 Grammy Awards in 2003. This album was produced by Arif Mardin. <a href=""https://www.last.fm/music/Norah+Jones"">Read more on Last.fm</a>",Unknown
R.L. Burnside,276498,3219408,"R. L. Burnside (November 23, 1926 – September 1, 2005), born Robert Lee Burnside, was an American blues singer, songwriter, and guitarist who lived much of his life in and around Holly Springs, Mississippi. He played music for much of his life, but did not receive much attention until the early 1990s. In the latter half of the 1990s, Burnside repeatedly recorded with Jon Spencer, garnering crossover appeal and introducing his music to a new fanbase within the underground garage rock scene. <a href=""https://www.last.fm/music/R.L.+Burnside"">Read more on Last.fm</a>",United States
Delbert McClinton,90978,842882,"Delbert McClinton is a blues musician born 4 November 1940, in Lubbock, Texas. He honed his craft working in a bar band, The Straitjackets, backing visiting blues giants such as Sonny Boy Williamson II, Howlin' Wolf, Lightnin' Hopkins, and Jimmy Reed. He made his first recordings as a member of the Ron-Dels and was noted for his distinctive harmonica work on Bruce Channel's 1962 hit ""Hey Baby"". On a tour of the UK with Channel, McClinton met a young John Lennon and advised him on his harmonica technique <a href=""https://www.last.fm/music/Delbert+McClinton"">Read more on Last.fm</a>",Unknown
Simon Crashly & The Roadmasters,2803,15946,biografia no encontrada,Unknown
B.B. King,1295082,20148949,"B. B. King (b. September 16, 1925 in Itta Bena, Mississippi; died May 14, 2015 in Las Vegas) was a U.S. blues guitarist and songwriter. He is among the most respected electric guitarists; Rolling Stone magazine ranked him third in its list of the hundred greatest guitarists of all time.

Born as Riley B. King, he began broadcasting his music live on a Memphis radio station called WDIA. At first, he used the name The Peptikon Boy on air, which later was changed to The Beale Street Blues Boy, and then further shortened to just Blues Boy or B.B. <a href=""https://www.last.fm/music/B.B.+King"">Read more on Last.fm</a>",Unknown
Nick Moss & The Flip Tops,4674,31485,"Chicago blues is now synonymous with guitarist Nick Moss. Though the golden era of Chicago blues is long past with many of its key players deceased or retired, this young Chicagoan stands tallest in the current generation of blues performers that honor the letter and spirit of the great urban African-American music. No less than Jimmy Rogers saw Nick as a protégé, a torchbearer, and a colleague. Leading Chicago-style guitarist Buddy Guy sanctions his talent: ""Nick Moss is one of the local favorites at my club, Legends. <a href=""https://www.last.fm/music/Nick+Moss+&+The+Flip+Tops"">Read more on Last.fm</a>",Unknown
Soledad Brothers,160416,1082666,"(1998-2006) (2010-present)

Soledad Brothers are an American blues punk group from Maumee, Ohio. Consisting of Benjamin Swank on drums, Johnny Walker on guitar and vocals, and Oliver Henry (who was recruited just before the release of their second album) on sax and guitar, they took their name from a trio of convicted felons, George Jackson, Fleeta Drumgo, and John Clutchette who were incarcerated at Soledad Prison and killed by police fire. They are known for their very energetic, loud sound. <a href=""https://www.last.fm/music/Soledad+Brothers"">Read more on Last.fm</a>",United States
Lee Rocker,86071,741976,"Lee Rocker (born August 3, 1961 in Long Island, New York) is a rockabilly double bass player. He is best known for his time as a member of Stray Cats. He is now a solo musician.

Rocker has reunited with former Stray Cats band members Brian Setzer and Slim Jim Phantom and they toured the U.S. with The Pretenders and ZZ Top in the summer of 2007.

Lee Rocker released Black Cat Bone in August 2007, an album featuring his loyal musicians Brophy Dale on guitar and Jimmy Sage on drums <a href=""https://www.last.fm/music/Lee+Rocker"">Read more on Last.fm</a>",Unknown
RJD2,1206207,34641508,"RJD2 is Ramble John Krohn, a hip-hop producer. RJD2 was born in Eugene, Oregon, and raised in Columbus, Ohio. Until recently, he was part of the Definitive Jux label and produced tracks for many of its artists, as well as having a solo career.  In 2006, RJ ""ditched hip-hop"" for the indie-rock label XL, releasing The Third Hand in March 2007.

From 1998 to 1999, he saw success blossom as DJ/producer for the Columbus-based group the Megahertz, with two twelve-inch singles on Bobbito Garcia's legendary NY label, Fondle 'Em Records. <a href=""https://www.last.fm/music/RJD2"">Read more on Last.fm</a>",Unknown
Otis Taylor,152596,1779143,"Otis Taylor is an American blues musician. He is a multi-instrumentalist whose talents include the guitar, banjo, mandolin, harmonica, and vocals. In 2001, he was awarded a fellowship to the Sundance Film Composers Laboratory.

Taylor's career in music performance and recording has taken a circuitous path. Born in Chicago 1948, and growing up in Denver after his family relocated there, he began listening to blues and folk-blues in his teens. Through Denver's Folklore Center, he began to play the blues. <a href=""https://www.last.fm/music/Otis+Taylor"">Read more on Last.fm</a>",United States
Greg Brown,91255,1141017,"Greg Brown is a folk musician from Iowa, USA. His ""Iowa Waltz"" has been (unsuccessfully) proposed to replace the state song of Iowa.

During the 1980s, his reputation was established through frequent touring and recurring performances on A Prairie Home Companion. Subsequently, his work has been nominated for Grammy awards. He also founded his own record label and named it Red House Records after a home he lived in in Iowa.  Red House Records is an independent record label specializing in folk music, based in St. <a href=""https://www.last.fm/music/Greg+Brown"">Read more on Last.fm</a>",Unknown
Deborah Coleman,26381,216756,"Deborah Coleman (October 3, 1956 - April 12, 2018) was an American blues guitarist, singer and songwriter. She won the Orville Gibson Award for ""Best Blues Guitarist, Female"" in 2001, and was nominated for a W.C. Handy Blues Music Award nine times.

Coleman was born in Portsmouth, Virginia and raised in a music-loving military family that lived in San Diego, San Francisco, Bremerton, Washington, and the Chicago area. With her father playing piano <a href=""https://www.last.fm/music/Deborah+Coleman"">Read more on Last.fm</a>",United States
La Mississippi,10165,137166,"Argentinean blues band La Mississippi started playing under the name of Mississippi Blues Band in the late '80s. In 1993, the group released its debut album, called Mbugi, followed by 1995's Bagayo and 1996's Classic. La Mississippi starting getting closer to contemporary blues while recording Cara y Ceca in 1997. Two years later, the six-piece act had the opportunity to perform in front of a major audience, when they opened for Credence Clearwater Revisited at Buenos Aires' Obras Sanitarias. They later issued Palacio de Pulgas. 
 
 <a href=""https://www.last.fm/music/La+Mississippi"">Read more on Last.fm</a>",Unknown
Jools Holland,86280,815003,"Julian Miles Holland (born 24 January 1958) is a British pianist, bandleader ( Jools Holland & His Rhythm & Blues Orchestra ), television presenter, architectural eccentric and pop music enthusiast. He was also a founding member of the highly acclaimed and successful band Squeeze. <a href=""https://www.last.fm/music/Jools+Holland"">Read more on Last.fm</a>",United Kingdom
Johnny & The Jailbirds,1490,11737,biografia no encontrada,Unknown
Julian Sas,51791,490102,"My name is Julian. I was born on a river in 1970 in a small town in the center of the Netherlands called Beneden-Leeuwen. Since I was born I have been a restless person, This is something that I still have today. Only until I was 6 years old I knew where this was coming from; I saw this movie called the Toronto rock 'n roll festival. There I saw Jerry lee lewis and Chuck Berry. From that day on I knew what I was going to be In my life I wanted to make music. <a href=""https://www.last.fm/music/Julian+Sas"">Read more on Last.fm</a>",Unknown
Robert Johnson,713297,10713343,"There are several artists by the name Robert Johnson:

1. An American blues singer, guitarist and songwriter (1911-1938) amongst the most famous of Delta blues musicians; ranked fifth in Rolling Stone's list of 100 Greatest Guitarists of All Time; considered by some to be the ""Grandfather of Rock 'n' Roll""

2. An English lutenist and composer of the late Tudorian and early Jacobean eras (c.1580-c.1634)

3. A 1970s Memphis-based American guitarist <a href=""https://www.last.fm/music/Robert+Johnson"">Read more on Last.fm</a>",United States
The Ditty Bops,137094,2246921,"The Ditty Bops is a band from Los Angeles, California that play a blend of folk, bluegrass, jazz, swing music, ragtime and musical theater. They are headed by Abby DeWald (vocals and acoustic guitar) and Amanda Barrett (vocals, mandolin and dulcimer). They are noted for their excellent harmonies and generally playful style and tempo.

The Ditty Bops formed in New York City, when Abby and Amanda were on a hunt for a friend's lost cat. When they stumbled into the backyard of a stranger <a href=""https://www.last.fm/music/The+Ditty+Bops"">Read more on Last.fm</a>",Unknown
James Intveld,20989,192278,"
A native of Los Angeles, he started his career at an early age listening and singing along to his parents' recordings of Hank Williams, Sr., Dean Martin, Lefty Frizzell, and Elvis. By high school he was playing in cover bands and was soon a regular sitting in with the house band at the legendary Palomino Club.

Initially, Intveld worked with his younger brother Ricky and friend Pat Woodward in a band known as the Rockin' Shadows. The group dissolved <a href=""https://www.last.fm/music/James+Intveld"">Read more on Last.fm</a>",Unknown
Blue Stew,2404,7675,"Start with a Mississippi delta base, add a little Muddy Waters followed by a dab of funky Lowell George and Ry Cooder, then spinkle with a pinch of melancholy. Simmer until the crowd can't sit still. That's the recipe for Blue Stew... Elena Jarvis (March 1999) Oxnard Star

BAND MEMBERS

Michael Miller

From the band's beginning, Michael has been playing guitar and writing for Blue Stew from which four critically acclaimed CDs were produced. He toured <a href=""https://www.last.fm/music/Blue+Stew"">Read more on Last.fm</a>",Unknown
Don Vilanova Botafogo,1050,8481,"Miguel ""Botafogo"" Vilanova was born on February 7, 1956. He began playing classical guitar at age 9.

At 12 he got his first electric guitar. His professional debut was at age 17 joining Pappo's Blues. From there he participated in Engranaje, Avalancha (recording a single), Carolina and Studebaker.

Between 1977 and 1984 he lived in Madrid where he joined, among others, the group Cucharada. With Joaquín Sabina he records ""Viceversa""; with Antonio Flores he recorded ""Antonio"" <a href=""https://www.last.fm/music/Don+Vilanova+Botafogo"">Read more on Last.fm</a>",Unknown
Michael Bublé,3344773,84561046,"Michael Steven Bublé (born September 9, 1975) is a Canadian singer and songwriter known for his interpretations of traditional pop standards and his contributions to reviving interest in the Great American Songbook. He has sold over 75 million records globally and received numerous accolades, including five Grammy Awards and fifteen Juno Awards.

Bublé's self-titled debut album was released in 2003 and reached the top ten in Canada and the United Kingdom. <a href=""https://www.last.fm/music/+noredirect/Michael+Bubl%C3%A9"">Read more on Last.fm</a>",Canada
Stan Webb,8397,40177,"There are several artists with that name: 1. British blues guitarist with Chicken Shack, 2. American country guitarist from Tennessee.

1) Stanley Frederick Webb (born 3 February 1946) is the frontman and lead guitarist with the blues band Chicken Shack founded in 1965. The original band featured Christine Perfect, who later married John McVie and joined Fleetwood Mac, drummer Dave Bidwell and bassist Andy Sylvester, who later played bass for Savoy Brown. <a href=""https://www.last.fm/music/Stan+Webb"">Read more on Last.fm</a>",United States
"Clarence ""Gatemouth"" Brown",96737,565406,"Clarence ""Gatemouth"" Brown (April 18, 1924 — September 10, 2005) was an American blues musician. He was born in Vinton, Louisiana and raised in Orange, Texas. He is best known for his work as a blues musician, but embraced other styles of music, having ""spent his career fighting purism by synthesizing old blues, country, jazz, cajun music and rhythm & blues styles"" His work also encompasses rock and roll, rock music, folk, electric blues, and Texas blues. <a href=""https://www.last.fm/music/Clarence+%22Gatemouth%22+Brown"">Read more on Last.fm</a>",United States
The Crew Cuts,183781,831575,"The Crew-Cuts were a Canadian vocal quartet (formed in 1952 - Toronto, Ontario, Canada) that made a number of popular records that charted in the United States and worldwide. They named themselves after the popular crew cut haircut, one of the first connections made between pop music and hairstyle. While the crew-cut hair style came as a result of the name change, the original intent was that the name crew-cuts denoted the music they sang (pop) as opposed to Longhair (classical). <a href=""https://www.last.fm/music/The+Crew+Cuts"">Read more on Last.fm</a>",Canada
Benny Neyman,21119,192478,"Wilhelmus Albertus Neyman (born 9 June 1951 in Maastricht, The Netherlands - 7 February 2008 in Soesterberg, The Netherlands) was a Dutch singer known as Benny Neyman.

Neyman was born in Maastricht, Limburg County, NL (Europe). In the beginning of the 1970s, he took a course at Kleinkunst Academy in Amsterdam. Neyman's first success came in 1980 with the song Ik weet niet hoe. In 1985 Neyman scored his biggest hit with Waarom fluister ik je naam nog (number 1 position in some Dutch charts). <a href=""https://www.last.fm/music/Benny+Neyman"">Read more on Last.fm</a>",Netherlands
Rod Stewart,2152471,32472444,"Sir Roderick David Stewart (born 10 January 1945) is a British rock and pop singer and songwriter. Born and raised in London, he is of Scottish and English ancestry. With his distinctive raspy singing voice, Stewart is among the best-selling music artists of all time, having sold over 250 million records worldwide. He has had 10 number-one albums and 31 top ten singles in the UK, six of which reached number one. Stewart has had 16 top ten singles in the US, with four reaching number one on the Billboard Hot 100. <a href=""https://www.last.fm/music/Rod+Stewart"">Read more on Last.fm</a>",United Kingdom
Walter Trout and The Free Radicals,3725,25862,"Walter Trout (born 1951, Ocean City, New Jersey) is a blues guitarist, singer and songwriter of his own band.

Trout's career began on the Jersey coast scene of the late 60's and early 70's that jump started the career of artists like Bruce Springsteen. He then decided to relocate to Los Angeles where he became a sideman for such artists as Percy Mayfield and Deacon Jones. He also worked in the bands of John Lee Hooker and Joe Tex.

In 1981 be became the guitarist for blues rock band Canned Heat. <a href=""https://www.last.fm/music/+noredirect/Walter+Trout+and+The+Free+Radicals"">Read more on Last.fm</a>",Unknown
Ruth Brown,241668,1263244,"Ruth Brown (1928–2006) was a U.S. rhythm and blues singer and actress, noted for bringing a popular music style to rhythm and blues in a series of hit songs for fledgling Atlantic Records in the 1950s, such as ""So Long"", ""Teardrops from My Eyes"", and ""(Mama) He Treats Your Daughter Mean"".

Born Ruth Alston Weston on 30th January 1928 in Portsmouth, Virginia, she attended I. C. Norcom High School, a historically black high school. Brown's father was a dockhand who directed the local church choir <a href=""https://www.last.fm/music/Ruth+Brown"">Read more on Last.fm</a>",Unknown
Mighty Mo Rodgers,12968,88282,"Mighty Mo Rodgers is a remarkably original singer/songwriter who’s shaped his life experiences into a terrifically eclectic and immensely deep vision on his Blue Thumb debut, Blues Is My Wailin’ Wall.

Rodgers combines soulful, gritty vocals and driving rhythms with a wholly personal panorama on songs like ""Took Away The Drum,"" ""The Kennedy Song,"" ""Tuskegee Blues"" and a moving tribute to his childhood friend with ""Willie B. And Me."" Blues Is My Wailin’ Wall has already made an indelible impression on listeners <a href=""https://www.last.fm/music/Mighty+Mo+Rodgers"">Read more on Last.fm</a>",Unknown
Heidi Hauge,3103,39747,"Heidi Hauge is a country singer from Norway.

Biography


 


Heidi Hauge was born in Skien, Norway, on October 14th 1967.


Besides the fact that Heidi Hauge is the best selling country-singer in Scandinavia, she's also a mother of four children. How she manages to balance the time and needs, is something that confuses most of us. In Heidi's case, the answer might be that she's always been active. In her youth, she liked different kinds of sporting activities and she learned how to play the fiddle and the guitar. <a href=""https://www.last.fm/music/Heidi+Hauge"">Read more on Last.fm</a>",Unknown
Jimmy LaFave,27480,338306,"Jimmy LaFave (born 12  July 1955 in Wills Point, Texas, a small town 30 miles east of Dallas; died May 21, 2017) was an American singer-songwriter. He is best remembered for crafting a musical style called Red Dirt music, which he did after moving to Stillwater, Oklahoma, something which cemented him as a disciple of the state's most famous folk musician: Woody Guthrie.

LaFave began school down the road from Wills Point in Mesquite and by Junior High was making music perched behind his Sears & Roebuck drum kit. <a href=""https://www.last.fm/music/Jimmy+LaFave"">Read more on Last.fm</a>",United States
Hanne Boel,27756,283348,"Hanne Boel (born August 31, 1957 in Bagsværd, Copenhagen) is a best-selling Danish singer. She is a versatile artist and has sung in church choirs as well as gospel, soul, jazz, pop and rock, not to mention a short stint in techno. 

Boel graduated from the Royal Danish Academy of Music in 1980 and studied a year at the Berklee School of Music in Boston. When she returned to Denmark, she worked as a music teacher for several years, but at the same time she had also been a member of the group Blast from 1981 until 1986. <a href=""https://www.last.fm/music/Hanne+Boel"">Read more on Last.fm</a>",Unknown
Mr. Airplane Man,65577,649231,"Mr. Airplane Man is a Boston duo, Margaret Garrett (guitar, vocals) and Tara McManus (drums, keyboards), who have been playing since 1996. They named themselves after a Howlin' Wolf song. Their obsession with rock and roll music since early high school inspired the band. They began playing on the street and by 1999 they were voted Best New Local Act by readers of the Boston Phoenix.

They recorded their first full-length record in March 2001. It was raw and real. <a href=""https://www.last.fm/music/Mr.+Airplane+Man"">Read more on Last.fm</a>",Unknown
Tab Benoit,95743,961950,"Tab Benoit (born November 17, 1967 in Baton Rouge, Louisiana, United States) is a blues guitarist, musician and singer. He plays a style that is a combination of Swamp blues, Soul blues and Chicago blues. He plays Fender guitars and writes his own music compositions. Benoit graduated from Vandebilt Catholic High School in Houma, Louisiana in May, 1985. In 2003, he formed an organization promoting awareness of coastal wetlands preservation known as ""Voice of the Wetlands."" <a href=""https://www.last.fm/music/Tab+Benoit"">Read more on Last.fm</a>",Unknown
Michael Burks,47746,348848,"Styles: Modern Electric Blues, Soul-Blues, Blues-Rock

Biography

Born in Milwaukee in 1957, blues guitarist Michael Burks began learning his instrument at an early age -- inspired by his musical family (his father played bass and often performed alongside harmonica legend Sonny Boy Williamson II, while his grandfather was a Delta-style bluesman from Camden, AR). By the age of five, he was playing along with his father, and picked up a thing or two <a href=""https://www.last.fm/music/Michael+Burks"">Read more on Last.fm</a>",Unknown
The Blues Brothers,628390,8917981,"The Blues Brothers is an American blues band founded in 1978 by comedians Dan Aykroyd and John Belushi as part of a musical sketch on Saturday Night Live. Belushi and Aykroyd, respectively in character as lead vocalist ""Joliet"" Jake Blues and harpist/vocalist Elwood Blues, fronted the band, which was composed of well-known and respected musicians. The band made its debut as the musical guest on the April 22, 1978, episode of Saturday Night Live.
 <a href=""https://www.last.fm/music/The+Blues+Brothers"">Read more on Last.fm</a>",United States
Chris Thomas King,160222,727879,"Chris Thomas King (born October 14, 1962 in Baton Rouge, Louisiana) is an American blues musician and actor. He is the son of blues musician Tabby Thomas.

In the 2000 movie O' Brother, Where Art Thou?, he played legendary bluesman Tommy Johnson. On the “O Brother…” soundtrack he plays Skip James’ “Hard Time Killing Floor Blues”. In the 2004 movie Ray, he played bandleader Lowell Fulson. He has also appeared in several documentaries about the blues and about music.

Website: Chris Thomas King <a href=""https://www.last.fm/music/Chris+Thomas+King"">Read more on Last.fm</a>",United States
Lucky Lloyd,1586,5044,biografia no encontrada,Unknown
Mighty Sam McClain,28062,182911,"Samuel McClain (April 15, 1943 – June 15, 2015), billed as Mighty Sam (McClain), was an American soul blues singer and songwriter.

He was born in Monroe, Louisiana. As a five-year-old, he began singing in his mother's Gospel Church. McClain left home when he was thirteen and followed local R&B guitarist, Little Melvin Underwood through the Chitlin' Circuit, first as his valet and then as lead vocalist himself at 15.

While singing at the 506 Club in Pensacola <a href=""https://www.last.fm/music/Mighty+Sam+McClain"">Read more on Last.fm</a>",United States
Jimmy Thackery,26441,197522,"Jimmy Thackery (born May 19, 1953, Pittsburgh, Pennsylvania, United States) is an American blues singer, guitarist and songwriter.

Career

Thackery spent fourteen years as part of The Nighthawks, the Washington, D.C.–based blues and roots rock ensemble. After leaving the Nighthawks in 1986, Thackery toured under his own name.

Born in Pittsburgh and raised in Washington, Thackery co-founded The Nighthawks with Mark Wenner in 1972 and went on to record over twenty albums with them. <a href=""https://www.last.fm/music/Jimmy+Thackery"">Read more on Last.fm</a>",United States
Free,936265,8988256,"Free was an English rock band formed in London in 1968 by Paul Rodgers (vocals), Paul Kossoff (guitar), Andy Fraser (bass, piano), and Simon Kirke (drums, percussion). The band is best known for the songs ""All Right Now"" and ""Wishing Well"". Although initially more successful as a live act, their commercial breakthrough came with their third studio album, ""Fire and Water"" (1970), which included ""All Right Now"". This track contributed to their appearance at the 1970 Isle of Wight Festival <a href=""https://www.last.fm/music/Free"">Read more on Last.fm</a>",Unknown
The Notorious Cherry Bombs,5234,34082,"Formed in the late '70s as Rodney Crowell's road band, the Cherry Bombs' original members include guitarists Vince Gill and Richard Bennett, keyboardist Tony Brown, steel guitarist Hank DeVito, drummer Larrie Londin and bassist Emory Gordy Jr. The core group recorded with Crowell during his tenure at Warner Bros. Records and on the first three albums recorded by Crowell's then-wife, Rosanne Cash.

Members of the band reunited briefly in 2002 for a performance at the ASCAP awards banquet <a href=""https://www.last.fm/music/The+Notorious+Cherry+Bombs"">Read more on Last.fm</a>",Unknown
Denise LaSalle,65575,306571,"Denise LaSalle (Ora Denise Allen, July 16, 1934 - January 8, 2018) was an American blues  R&B and soul singer, songwriter, and record producer who, since the death of Koko Taylor, has been recognized as the ""Queen of the Blues"".

Born near Sidon, Mississippi and raised in Belzoni, she sang in church choirs before moving to Chicago in the early 1960s. She sat in with R&B musicians and wrote songs, influenced by country music as well as the blues, before winning a recording contract with Chess Records in 1967. <a href=""https://www.last.fm/music/Denise+LaSalle"">Read more on Last.fm</a>",United States
Jimmy Rogers,107180,601348,"Jimmy Rogers (June 3, 1924–December 19, 1997) was a blues guitarist best known for his work as a member of Muddy Waters' band of the 1950s.

Jimmy Rogers was born James A. Lane in Ruleville, Mississippi, and was raised in Memphis. Rogers learned the harmonica alongside his childhood friend Snooky Pryor, and as a teenager took up the guitar and played professionally in East St. Louis, Illinois (where he played with Junior Lockwood), before moving to Chicago in the mid-1940s after serving in the military. <a href=""https://www.last.fm/music/Jimmy+Rogers"">Read more on Last.fm</a>",Unknown
The Beat Daddys,3281,21902,"The BEAT DADDYS 

  

Larry Grisham is a survivor, plain and simple. Both personally and professionally, he has overcome obstacles most people will never face. Time and again he not only met these challenges, but rose to them and came out the other side stronger for the experience. But isn't that what the Blues is all about? 

Larry was born in southern Indiana in 1953 and moved about much as a child, attending sixteen different schools before graduating from high school. <a href=""https://www.last.fm/music/The+Beat+Daddys"">Read more on Last.fm</a>",Unknown
The Derek Trucks Band,209179,2631246,"The Derek Trucks Band is a band started by slide guitarist prodigy, Derek Trucks, who began playing guitar and touring with The Allman Brothers Band, as early as eleven years old. Raised partly on tour with them throughout his youth, meeting and playing with famous musicians, Trucks was still unsure about his own future. He resolved to start his own band while still an adolescent. What first began as a side project, and a way for Trucks to explore his own creativity <a href=""https://www.last.fm/music/The+Derek+Trucks+Band"">Read more on Last.fm</a>",Unknown
The Quantic Soul Orchestra,325508,4318418,"The Quantic Soul Orchestra is a live funk project initiated by Will Holland, aka Quantic, which eschews the use of samples in favour of a rawer '70s sound. Considered one of the main acts in the modern funk movement.

Releases
- Stampede (2003)
- Pushin' On (2005)
- I'm Thankful (2006)
- Tropidélico (2007)

""Putting something back"" is how Will Holland described the reason for starting The Quantic Soul Orchestra. Having released two succesful albums <a href=""https://www.last.fm/music/The+Quantic+Soul+Orchestra"">Read more on Last.fm</a>",Unknown
Luther Allison,199510,1409838,"Luther Allison (born 17 August 1939 in Widener, AR, died 12 August 1997 in Madison, WI) was an American blues guitarist. His powerful guitar work – equal parts traditional blues string-bending and wall-shaking rock 'n roll – is matched in energy only by his soul-deep vocals. His live shows (often clocking in at well over three hours) are the stuff of legend.

He was born in Widener, Arkansas (the 14th of 15 musically gifted children) first connected to the blues at age ten <a href=""https://www.last.fm/music/Luther+Allison"">Read more on Last.fm</a>",United States
Grant Green,464767,4852710,"Grant Green (June 6, 1935 – January 31, 1979) was a jazz guitarist and composer.

Recording prolifically and almost exclusively for Blue Note Records (as both leader and sideman) Green performed well in hard bop, soul jazz, bebop and Latin-tinged settings throughout his career. Critics Michael Erlewine and Ron Wynn write, ""A severely underrated player during his lifetime, Grant Green is one of the great unsung heroes of jazz guitar ... Green's playing is immediately recognizable -- perhaps more than any other guitarist. <a href=""https://www.last.fm/music/Grant+Green"">Read more on Last.fm</a>",Unknown
Buddy Guy,730672,8816314,"Buddy Guy (born George Guy, July 30, 1936 in Lettsworth, Louisiana) is an American blues music and rock music guitarist, as well as a singer. Known as an inspiration to Jimi Hendrix and other 1960s blues and rock legends, Guy is considered as an important proponent of Chicago blues made famous by Muddy Waters and Howlin' Wolf. He has influenced both widely known and local blues guitarists.

Guy is known for his showmanship; for example, he plays with drumsticks and walks into the audience whilst playing <a href=""https://www.last.fm/music/Buddy+Guy"">Read more on Last.fm</a>",United States
Guru,532598,8443768,"Keith Edward Elam (July 17, 1961 – April 19, 2010) - known professionally as Guru - was one half of the legendary hip hop duo Gang Starr and an accomplished solo artist. Guru, an acronym for Gifted Unlimited Rhymes Universal, originally began his hip hop career in Boston but due to lack of local support moved to New York where Gang Starr then blew up. Guru was well known for his smooth voice; socially conscious and hardcore lyrics; and an effortless, confident delivery. <a href=""https://www.last.fm/music/Guru"">Read more on Last.fm</a>",Unknown
John Mayall & The Bluesbreakers,426663,3592448,"John Mayall & the Bluesbreakers was a pioneering English blues band, led by singer, songwriter, and multi-instrumentalist John Mayall, OBE. Mayall used the band name between 1963 and '67 then dropped it for some fifteen years, but in 1982 a 'Return of the Bluesbreakers' was announced and the name began to be re-used. The name became generic without a clear distinction which recordings could be credited just to the leader or to leader and his band. The Bluesbreakers have included luminaries such as: <a href=""https://www.last.fm/music/John+Mayall+&+The+Bluesbreakers"">Read more on Last.fm</a>",Unknown
Mitch Woods And His Rocket 88‘s,5673,22503,"See Mitch Woods & His Rocket 88's. <a href=""https://www.last.fm/music/Mitch+Woods+And+His+Rocket+88%E2%80%98s"">Read more on Last.fm</a>",Unknown
Little Milton,136104,742386,"James Milton Campbell Jr. (September 7, 1934 – August 4, 2005), better known as Little Milton, was an American blues singer and guitarist, best known for his number-one R&B single ""We're Gonna Make It"". His other hits include ""Baby, I Love You"", ""Who's Cheating Who?"", and ""Grits Ain't Groceries (All Around The World)"".

A native of the Mississippi Delta, Milton began his recording career in 1953 at Sun Records before relocating to St. Louis and co-founding Bobbin Records in 1958. <a href=""https://www.last.fm/music/Little+Milton"">Read more on Last.fm</a>",United States
Magic Sam,161042,1129330,"Magic Sam (Samuel Gene Maghett, February 14, 1937 – December 1, 1969) was an American Chicago blues musician. He was born in Grenada, Mississippi, and learned to play the blues from listening to records by Muddy Waters and Little Walter. After moving to Chicago at the age of 19, he was signed by Cobra Records and became well known as a bluesman after the release of his first record, ""All Your Love"", in 1957. He was known for his distinctive tremolo guitar playing. <a href=""https://www.last.fm/music/Magic+Sam"">Read more on Last.fm</a>",United States
Albert Cummings,75782,620182,"Albert Cummings (born Williamstown, Massachusetts) is an American blues musician who has recorded under Blind Pig Records. He has played alongside B.B. King, Johnny Winter, and Buddy Guy.

Cummings learnt the requisite three chords on the guitar from his father, but then switched to playing banjo at age 12 and became a fan of bluegrass music. He went to festivals and won several picking contests in high school. Before graduating, he heard the early recordings of Stevie Ray Vaughan and, while in college in 1987,  saw Vaughan perform. <a href=""https://www.last.fm/music/Albert+Cummings"">Read more on Last.fm</a>",United States
Peter Green Splinter Group,47224,372888,"Peter Green formed the splinter group with Nigel Watson.
The Peter Green Splinter Group was a band led by renowned blues guitarist and singer, Peter Green.

Green was the leader of Fleetwood Mac until he suffered a mental breakdown during the 1970s. He was rehabilitated with the aid of Nigel Watson, the late Cozy Powell and other friends, and then began touring and recording with the Splinter Group. The group was disbanded in early 2004 with Green's departure from the group - an upcoming tour was cancelled <a href=""https://www.last.fm/music/Peter+Green+Splinter+Group"">Read more on Last.fm</a>",Unknown
Magic Slim & The Teardrops,35230,255127,"Magic Slim was born Morris Holt in Torrence, Mississippi, on August 7, 1937. He took an early interest in music, singing in the church choir, and fashioning a guitar for himself with baling wire from a broom, which he nailed to the wall. ""Mama whooped me for that,"" recalls Slim. His first love was the piano, but having lost the little finger on his right hand in a cotton gin accident he found it difficult to play properly. Undaunted, he simply switched to guitar <a href=""https://www.last.fm/music/+noredirect/Magic+Slim+&+The+Teardrops"">Read more on Last.fm</a>",Unknown
Lil Ed & The Blues Imperials,11088,48293,biografia no encontrada,Unknown
Muddy Waters,1078872,16447017,"Muddy Waters (McKinley Morganfield, Issaquena County, Mississippi, April 4, 1913 - Westmont, Illinois,  April 30, 1983) was an American blues musician and is generally considered ""the father of Chicago Blues."" His career spanned over thirty years and he produced what are considered to be some of the finest blues songs ever, such as Hoochie Coochie Man, Mannish Boy and Got My Mojo Working. 

Muddy Waters is generally considered one of the most influential bluesmen of all time. <a href=""https://www.last.fm/music/Muddy+Waters"">Read more on Last.fm</a>",United States
Nitty Gritty Dirt Band,286350,2863672,"The Nitty Gritty Dirt Band <a href=""https://www.last.fm/music/+noredirect/Nitty+Gritty+Dirt+Band"">Read more on Last.fm</a>",Unknown
Bobby Wayne,2764,10993,biografia no encontrada,Unknown
Alicia Keys,4060588,98165315,"
Alicia Augello Cook (born January 25, 1981), better known by her stage name Alicia Keys, is an American recording artist, musician and actress. She was raised by a single mother in the Hell's Kitchen area of Manhattan in New York City, New York, United States. At age seven, Keys began to play classical music on the piano. She attended Professional Performing Arts School and graduated at 16 as valedictorian. She later attended Columbia University before dropping out to pursue her music career. <a href=""https://www.last.fm/music/Alicia+Keys"">Read more on Last.fm</a>",United States
Robert Belfour,27572,169924,"Robert ""Wolfman"" Belfour (born September 11, 1940, Holly Springs, MS, passed February 24, 2015) is an American Blues musician. His father, Grant Belfour taught him the guitar at a young age and he continued his tutelage in the Blues from musicians Otha Turner, R. L. Burnside, and Junior Kimbrough. Kimbrough, in particular, had a profound influence on him.

His father died when Belfour was thirteen, and his music was relegated to what little free time he had, as his energy went to helping his mother provide for the family. <a href=""https://www.last.fm/music/Robert+Belfour"">Read more on Last.fm</a>",United States
Tadg Galleran,67,242,biografia no encontrada,Unknown
"David ""Honeyboy"" Edwards",19258,84607,"David ""Honeyboy"" Edwards (Shaw, Mississippi, June 28, 1915 - Chicago, Illinois, August 29, 2011) was a Delta blues guitarist and singer from the American South.

Honeyboy Edwards was the oldest living Delta blues player, and continued to tour at the age of 95. Edwards received a Grammy Lifetime Achievement Award on January 31, 2010, his second Grammy.

Edwards was born in Shaw, Mississippi. He was a friend to the musician Robert Johnson and claims he was present on the fateful night Johnson drank the poisoned whiskey that took his life. <a href=""https://www.last.fm/music/David+%22Honeyboy%22+Edwards"">Read more on Last.fm</a>",United States
Snowy White,222146,1958414,"
Snowy White (born on 3 March 1948, as Terence Charles White, in Barnstaple, Devon) is a British blues and rock guitarist, mostly known for having played for Thin Lizzy (permanent member from 1979 to 1981) and for Pink Floyd (as a backup player; he was first invited to join the band through Europe and America, in 1977).

His 1983 solo debut album after leaving Thin Lizzy was titled White Flames and spawned the hit single Bird of Paradise. 

During the following years, White focused on touring extensively with his White Flames band. <a href=""https://www.last.fm/music/Snowy+White"">Read more on Last.fm</a>",United Kingdom
Johnny Nicholas,2575,18690,"When it comes to Americana Roots Music and especially the Blues, the late great Stephen Bruton knew what he was talking about. Those who knew him knew that he always got to the point. His description of his long time friend and musical comrade in arms is succinct and quite a heady compliment, but then, Johnny Nicholas is an amazing talent.

For four decades Johnny’s consummate musicianship and vocal skills have graced live music scenes across the country and abroad. <a href=""https://www.last.fm/music/Johnny+Nicholas"">Read more on Last.fm</a>",Unknown
Sister Swing,3423,19553,biografia no encontrada,Unknown
"Jimmy ""T99"" Nelson",662,2530,biografia no encontrada,Unknown
Guy Davis,49960,299707,"Guy Davis (born 12 May 1952 in New York, NY) is an award-winning American blues guitarist, actor, and musician. 

The son of stage and film performers Ossie Davis and Ruby Dee, Davis made his stage debut at age 16 in the play ""Cotton Comes to Harlem"".  He recorded an album for the Folkways label in 1978, appeared in the film ""Beat Street"" in 1984, appeared on the daytime television drama ""One Life to Live"", appeared in the play ""Mulebone"" -- with a score by Taj Mahal -- in 1991. <a href=""https://www.last.fm/music/Guy+Davis"">Read more on Last.fm</a>",United States
Robert Randolph & The Family Band,193330,1614816,"Robert Randolph & The Family Band is a multicultural American blues and funk band composed of Robert Randolph, Marcus Randolph (drums), Danyel Morgan (bass), and Jason Crosby (organ). Frontman Robert Randolph was trained as a pedal steel guitarist in the House of God Church, Keith Dominion, in Nashville, TN and makes prominent use of the instrument in the band's music. The group's sound is inspired by successful 1970s funk bands such as Earth, Wind & Fire and Sly & the Family Stone <a href=""https://www.last.fm/music/Robert+Randolph+&+The+Family+Band"">Read more on Last.fm</a>",United States
Rory Gallagher,485873,9627397,"Rory Gallagher (1948-1995) was a legendary Irish blues/rock guitarist, born in Ballyshannon, County Donegal, and raised in County Cork. He is regularly credited as one of the most influential Irish rock and blues musicians of all time. Before finding solo fame he was a member of blues-rock band Taste.

In 1972 he was voted Melody Maker's Top Musician of the Year, dethroning Eric Clapton.

Rory's relevance faded in the 1980s, amid health issues and dwindling interest in blues rock as a whole. <a href=""https://www.last.fm/music/Rory+Gallagher"">Read more on Last.fm</a>",Ireland
The Bellfuries,5276,70963,"The Bellfuries are a root-rock Americana band out of Austin, Texas. The rotating members are lead by the singer-songwriter, Joey Simeone. Simeone has a wealth of influences from The Smiths and The Misfits to Dave Rich and Webb Piece. His insightful and often humorous lyrics only rival the brillancy of the music. Currently, The Bellfuries are reinventing themselves again as a quartet, bringing in Bobby Trimble of Big Sandy and the Fly-Rite Boys, Shecky Seaver and Mike Molnar.  <a href=""https://www.last.fm/music/The+Bellfuries"">Read more on Last.fm</a>",Unknown
Tom Waits,1925492,123084950,"Tom Waits (born Thomas Alan Waits, in Pomona, California, on December 7, 1949) is a prolific American singer, songwriter, composer, and actor.

He started his career in the early 1970s as a singer in spit 'n' sawdust bars. Initially, he was deeply influenced by the beat generation, novelists like Jack Kerouac and William S. Burroughs, and poets like Allen Ginsberg and Charles Bukowski.  Waits is often compared to Charles Bukowski, being similar both in content and lifestyle <a href=""https://www.last.fm/music/Tom+Waits"">Read more on Last.fm</a>",United States
Rusty Zinn,6445,37686,"Rusty Zinn was born in 1970 in Long Beach, Ca. Rusty's love for music began at the tender age of five upon hearing sweet vocal harmonies on the radio. As Rusty says, ""one of my first musical memories is driving in the back seat of my folks old Toyota as my Mother drove to the laundromat and hearing The Stylistics and The Spinners on the car radio. I don't think my Mom was necessarily digging on it, I think she just merely had the radio on, but those sounds stuck with me. <a href=""https://www.last.fm/music/Rusty+Zinn"">Read more on Last.fm</a>",Unknown
Robert Cray,265685,2651231,"Robert Cray (born August 1, 1953, Columbus, Georgia) is an American blues guitarist and singer. A five-time Grammy Award winner, he has led his own band (the Robert Cray Band), as well as an acclaimed solo career. In 2011, Cray was inducted to the Blues Hall of Fame.

While Cray was among artists such as Stevie Ray Vaughan and George Thorogood who got wider radio airplay and regular MTV video exposure during the late 1980s, he started playing guitar in his early teens. <a href=""https://www.last.fm/music/Robert+Cray"">Read more on Last.fm</a>",United States
Steve Vaus,800,4635,biografia no encontrada,Unknown
Sam Myers,9795,35706,"Sam Myers (February 19, 1936 – July 17, 2006) was an American blues musician and songwriter.

He was born in Laurel, Mississippi. Myers appeared as an accompanist on dozens of recordings for blues artists over the past five decades, and fronted one of the top blues bands in the world. He began his career as a drummer for Elmore James but was most famous as a blues vocalist and blues harp player. Myers was in high demand for his authentic delta blues sound. <a href=""https://www.last.fm/music/Sam+Myers"">Read more on Last.fm</a>",United States
Xavier Rudd,548537,10007684,"Xavier Rudd (born 29 May 1978) is a soulful Australian singer-songwriter and multi-instrumentalist whose songs encompass themes such as spirituality, humanity, environmentalism and the rights of Indigenous Australians. He recorded as Xavier Rudd & Izintaba for the 2010 album ""Koonyum Sun"" and as Xavier Rudd & the United Nations for the 2017 album ""Nanna"". 

Growing up in a family of seven children in Torquay, Victoria (Australia), near the famous surfing location Bells Beach, Rudd showed a keen interest in music. <a href=""https://www.last.fm/music/Xavier+Rudd"">Read more on Last.fm</a>",Australia
Randy Crawford,460420,3562510,"Randy Crawford (born Veronica Crawford, February 18, 1952, in Macon, Georgia, USA), is a jazz and R&B singer.

Crawford first polished her craft at club gigs from Cincinnati to St. Tropez, but made her name in mid 1970s in New York, where she sang with jazzmen George Benson on his album ""Big Man"" 1975) and Cannonball Adderley.

She then led Jazz veterans The Crusaders on the transatlantic big hit ""Street Life"" (1979). Her follow up solo efforts included ""'One Day I'll Fly Away"" (1980 <a href=""https://www.last.fm/music/Randy+Crawford"">Read more on Last.fm</a>",Unknown
Eric Burdon,230809,1414870,"Eric Victor Burdon (May 11, 1941 in Newcastle, England) is a singer. He formed The Animals in 1963, a blues rock group who were one of the early influences of punk rock. They were known for their organ-guitar sound and Burdon's aggressive show performance, screaming, growling and howling. In September 1966 he formed Eric Burdon & The Animals, a psychedelic/progressive/hard rock group, who influenced grunge, heavy metal and the modern alternative rock genre. <a href=""https://www.last.fm/music/Eric+Burdon"">Read more on Last.fm</a>",Unknown
Kirk Fletcher,19465,107645,"When founder and CEO Randy Chortkoff initially formed Delta Groove Music, his vision for the label’s first two premiere albums shared a common bond; an exceptionally gifted, young African-American guitarist named Kirk Fletcher. Born December 23, 1975 in Bellflower, California, and son of a Baptist minister, Fletcher began playing guitar at the age of eight after watching his brother Walter perform at their father’s church. A life changing experience then occurred at the age of twelve <a href=""https://www.last.fm/music/Kirk+Fletcher"">Read more on Last.fm</a>",Unknown
Sean Costello,12642,155294,"April 16, 1979-April 15, 2008

Born in Philadelphia, Costello began playing guitar at age nine, about the time his family moved to Atlanta. He came of age early, appearing regularly in clubs before he could drive, much less gain legal admission, to them. At age 14, his winning performance in the finals of the Memphis Blues Society’s talent competition had career-changing effects. First, it netted him studio time to record his debut album, Call The Cops, a collection of 1940s and 1950s-style Chicago blues. <a href=""https://www.last.fm/music/Sean+Costello"">Read more on Last.fm</a>",Unknown
Mem Shannon,4859,26586,"Mem is a former 15-year Bourbon Street cab driver who's since released 4 albums worldwide (2 on Rykodisc, 2 on Shanachie). Mem Shannon & The Membership are from New Orleans and while their music is rooted in the blues, it's soaked through with that Big Easy syncopated sound, oozing with funk. They've played the New Orleans Jazz & Heritage Festival 12 years. They've won or been nominated for a ton of ""Best Of"" awards for Louisiana music and national blues - including 2 W. <a href=""https://www.last.fm/music/Mem+Shannon"">Read more on Last.fm</a>",Unknown
Mark Selby,11901,99854,"Mark Otis Selby (born in Enid, Oklahoma, died September 18, 2017 in Nashville, Tennessee, aged 56) was an American blues rock singer-songwriter, guitarist, multi-instrumentalist and producer. He is a solo artist, signed to ZYX Records in Europe, and one half of performing duo with his wife, songwriter Tia Sillers. He also plays guitar in recording sessions for musical artists such as Kenny Rogers, Johnny Reid, Keni Thomas, Jimmy Hall and Wynonna Judd. <a href=""https://www.last.fm/music/Mark+Selby"">Read more on Last.fm</a>",United States
The Band,1352459,26997139,"The Band was an influential Canadian rock n' roll group in the 1960s and 1970s formed in Toronto, Ontario, Canada. The original members were Robbie Robertson (guitar, piano, drums, harmonica), Richard Manuel (piano, harmonica, drums, saxophone, organ, slide guitar), Garth Hudson (organ, piano, clavinet, accordion, synthesizer, saxophone), Rick Danko (bass guitar, violin, trombone, guitar), and Levon Helm (drums, mandolin, guitar, bass guitar, harmonica).  <a href=""https://www.last.fm/music/The+Band"">Read more on Last.fm</a>",Canada
Ten Years After,926426,9092482,"Ten Years After is an English blues rock band, most popular in the late 1960s and early 1970s. Between 1968 and 1973, the band scored eight Top 40 albums in the UK Albums Chart,  twelve albums in the US Billboard 200, and are best known for tracks such as ""I'm Going Home"", ""Hear Me Calling"", ""I'd Love to Change the World"" and ""Love Like a Man"". Their musical style is blues rock and hard rock.

Originally from Nottingham in the UK, this band of virtuoso <a href=""https://www.last.fm/music/Ten+Years+After"">Read more on Last.fm</a>",Unknown
Tommy Johnson,79604,391454,"Tommy Johnson (1896 – November 1, 1956) was an influential American delta blues musician, who recorded in the late 1920s, and was known for his eerie falsetto voice and intricate guitar playing.

Johnson was born near Terry, Mississippi, and moved around 1910 to Crystal Springs where he lived for most of his life. He learned to play the guitar and, by 1914, was supplementing his income by playing at local parties with his brothers Major and LeDell. <a href=""https://www.last.fm/music/Tommy+Johnson"">Read more on Last.fm</a>",United States
Andy Lee Lang,1447,11501,biografia no encontrada,Unknown
Sonny Rollins,729190,7498056,"Walter Theodore ""Sonny"" Rollins (born September 7, 1930) is an American jazz tenor saxophonist who is widely recognized as one of the most important and influential jazz musicians. In a seven-decade career, he has recorded over sixty albums as a leader. A number of his compositions, including ""St. Thomas"", ""Oleo"", ""Doxy"", ""Pent-Up House"", and ""Airegin"", have become jazz standards. Rollins has been called ""the greatest living improviser"" and the ""Saxophone Colossus"".  <a href=""https://www.last.fm/music/Sonny+Rollins"">Read more on Last.fm</a>",United States
Wes Montgomery,780410,10343606,"John Leslie ""Wes"" Montgomery (March 6, 1923 – June 15, 1968) was an American jazz guitarist. He is widely considered one of the major jazz guitarists, emerging after such seminal figures as Django Reinhardt and Charlie Christian and influencing countless others, including George Benson, Kenny Burrell, Royce Campbell, Grant Green, Jimi Hendrix, Steve Howe, Russell Malone, Pat Martino, Pat Metheny, Lee Ritenour, Randy Napoleon, and Emily Remler.
 <a href=""https://www.last.fm/music/Wes+Montgomery"">Read more on Last.fm</a>",United States
Los Deltonos,6952,116509,"Los DelTonos is a spanish rock band from Muriedas, Cantabria. The band was started at the end of the 80's by Hendrik Röver, (Berlin, 03/23/66), who was responsible for guitar and voices. Their debut album was ""3 Hombres Enfermos"", published in 1990. Their initial sound was close to blues and rythm 'n blues versioning songs from Albert Collins, Albert King, Freddie King, Otis Rush or Fabulous Thunderbirds in live performances. During the last years <a href=""https://www.last.fm/music/Los+Deltonos"">Read more on Last.fm</a>",Spain
Dr. John,665626,7299392,"Dr. John (born Malcolm John Rebennack on 20 November 1941; died 6 June 2019) was an American singer, pianist, guitarist, and songwriter whose music combined blues, boogie woogie and rock and roll.  The winner of six Grammy awards, Rebennack was inducted to the Rock and Roll Hall of Fame by singer John Legend on Monday, March 14, 2011. He was variously known as Mac Rebennack, Dr. John Creaux, Dr. John, the Night Tripper.

Dr. John began making his own idiosyncratic music in the 1960s. <a href=""https://www.last.fm/music/Dr.+John"">Read more on Last.fm</a>",United States
Mario Bradley,1127,9436,"Mario Bradley, by now a familiar name on the scene, has been passionate about his music since an early age. He recalls being influenced quite early on by such favourite artists as Joe Clay, Hardrock Gunter, Jack Earl, Big Joe Turner, Elvis, Carl Perkins and Big Boy Arthur Cruddup. Mario was already playing double bass by the age of 17, but his musical career began in the late seventies and early eighties when he was playing with such bands as The Marvels, and later on The Blue Ridge Mountain Boys and The Bootleggers. <a href=""https://www.last.fm/music/Mario+Bradley"">Read more on Last.fm</a>",Unknown
Jamie Cullum,1320953,27807178,"Jamie Cullum (born 20 August 1979) is an English jazz singer-songwriter, and multi-instrumentalist. Though he is a primarily a vocalist, he also accompanies himself on instruments including piano, guitar and drums.

Cullum was born in Romford, East London. He was brought up in Hullavington, Wiltshire, and educated at the independent fee-paying Grittleton House School and the sixth form at Sheldon School. He then went on to study English Literature, and minored in Film Studies, at Reading University where he graduated with First Class Honours. <a href=""https://www.last.fm/music/Jamie+Cullum"">Read more on Last.fm</a>",Unknown
Art Blakey & The Jazz Messengers,535925,5347104,"Art Blakey and Horace Silver formed the Jazz Messengers in 1955 and co-led it. When Silver dropped out in the group's first year the group name was changed to Art Blakey & The Jazz Messengers.  Wayne Shorter was a long-standing member of the group, joining after the departure of Benny Golson, while other young musicians like Curtis Fuller, Donald Byrd, James 'Blood' Ulmer,Jymie Merritt, Hank Mobley, Freddie Hubbard, Lee Morgan, Bobby Timmons and Wynton Marsalis would come and go. <a href=""https://www.last.fm/music/Art+Blakey+&+The+Jazz+Messengers"">Read more on Last.fm</a>",Unknown
Ivory Joe Hunter,36508,139871,"Ivory Joe Hunter (10 October 1914 – 8 November 1974) was an African American R&B singer, songwriter and pianist, best known for his hit recording, ""Since I Met You, Baby"" (1956). Billed as The Baron of the Boogie, he was also known as The Happiest Man Alive. He is sometimes confused with Motown producer-songwriter Ivy Joe Hunter.

Born in Kirbyville, Texas, he was christened Ivory Joe as an infant. Developing an early interest in music from his father <a href=""https://www.last.fm/music/Ivory+Joe+Hunter"">Read more on Last.fm</a>",United States
Joe Cocker,1543186,19387181,"John Robert ""Joe"" Cocker (20 May 1944 – 22 December 2014) was an English singer known for his gritty, bluesy voice and dynamic stage performances that featured expressive body movements. Most of his best known singles were recordings of songs written by other song writers, though he composed a number of songs for most of his albums as well, often in conjunction with songwriting partner Chris Stainton.

His first album featured a recording of the Beatles' ""With a Little Help from My Friends"", which brought him to near-instant stardom. <a href=""https://www.last.fm/music/Joe+Cocker"">Read more on Last.fm</a>",Unknown
Monkey Beat,692,2455,biografia no encontrada,Unknown
John Mayall,293503,2889173,"John Mayall (November 29, 1933  – July 22, 2024) was a pioneering English blues singer, songwriter, guitarist, keyboard player and  harmonica player.

John Mayall is often referred to as the ""Father of the British blues."" His well-known band is still called John Mayall & The Bluesbreakers. They started out in the late 1950s in England, using Chicago style blues as a starting basis for their sound, which has evolved from album to album. And while at one point John Mayall was playing a fairly jazzy sound, he has always come back to the blues. <a href=""https://www.last.fm/music/John+Mayall"">Read more on Last.fm</a>",United Kingdom
Tony Bennett,1694386,17487206,"Anthony Dominick Benedetto, known professionally as Tony Bennett, was an American singer of traditional pop standards, big band, show tunes and jazz. He is also a painter, having created works under his birth name that are on permanent public display in several institutions. He is the founder of the Frank Sinatra School of the Arts in Astoria, Queens, New York.

Bennett began singing at an early age. He fought in the final stages of World War II as a U. <a href=""https://www.last.fm/music/Tony+Bennett"">Read more on Last.fm</a>",United States
Jimmie Vaughan,147236,922923,"Jimmie Lawrence Vaughan (born in March 20, 1951 in Dallas, Texas) is an American blues guitarist and singer. He is the older brother of Stevie Ray Vaughan.

Jimmie Vaughan's style was influenced by Freddie King who gave him personal advice. Also two other blues guitarists, Albert King and B. B. King, were important influences. Johnny ""Guitar"" Watson was another important early influence (Jimmie says that he and his younger brother Stevie studied Johnny ""Guitar"" Watson more than any other single guitarist). <a href=""https://www.last.fm/music/Jimmie+Vaughan"">Read more on Last.fm</a>",United States
Mike Sanchez,2395,26805,"Jesus Miguel ""Mike"" Sanchez (born 17 February 1964, Hackney, north London, England) is a rhythm and blues singer, pianist and songwriter of Spanish-English heritage. Sanchez is known for his work with the Big Town Playboys and Bill Wyman's Rhythm Kings, and also for his solo career. He is noted for his authenticity to the work of post-war blues shouters and piano players (Wikipedia)

awesome artist, grew up in bewdley Worcs, started with big town playboys in early 80's and did a set at Thurston pub ( we have gr8 memories )twice a month. <a href=""https://www.last.fm/music/Mike+Sanchez"">Read more on Last.fm</a>",Unknown
ZZ Top,2180527,46148163,"ZZ Top is a hard rock band formed in 1969 in Houston, Texas. For 51 years, it was composed of vocalist-guitarist Billy Gibbons, drummer Frank Beard and bassist-vocalist Dusty Hill, until Hill's death in 2021. ZZ Top had developed a signature sound based on Gibbons' blues guitar playing style and Hill and Beard's rhythm section. They are popular for their live performances, sly and humorous lyrics, and the matching appearances of Gibbons and Hill, who wore sunglasses, hats and long beards. <a href=""https://www.last.fm/music/ZZ+Top"">Read more on Last.fm</a>",Unknown
Sonny Boy Williamson I,16683,72244,"John Lee Curtis ""Sonny Boy"" Williamson (March 30, 1914 – June 1, 1948) was an American blues harmonica player and singer, and the first to use the name Sonny Boy Williamson.

Biography and career

Williamson was born near Jackson, Tennessee in 1914. His original recordings were considered to be in the country blues style, but he soon demonstrated skill at making harmonica a lead instrument for the blues, and popularized it for the first time in a more urban blues setting. <a href=""https://www.last.fm/music/Sonny+Boy+Williamson+I"">Read more on Last.fm</a>",United States
Uriah Heep,790975,16035085,"Uriah Heep is an English rock band formed in London in 1969. Their current lineup consists of guitarist Mick Box, keyboardist Phil Lanzon, lead vocalist Bernie Shaw, drummer Russell Gilbrook, and bassist Dave Rimmer. They have experienced numerous lineup changes throughout their 53-year career, leaving Box as the only remaining original member. Notable former members of the band are vocalists David Byron, John Lawton, John Sloman and Peter Goalby <a href=""https://www.last.fm/music/Uriah+Heep"">Read more on Last.fm</a>",Unknown
Susan Tedeschi,158923,1625592,"Susan Tedeschi (born 9 November 1970 in Boston, Massachusetts) is an American blues and soul musician who has received multiple Grammy Award nominations. She is known for her singing voice, guitar playing, and stage presence. Married to blues guitarist Derek Trucks, Tedeschi is also known for her current endeavor, Tedeschi Trucks Band (originally know as ""Soul Stew Revival""), a conglomeration of The Derek Trucks Band and assorted other musicians. <a href=""https://www.last.fm/music/Susan+Tedeschi"">Read more on Last.fm</a>",United States
Johnny Winter,466878,4615600,"John Dawson ""Johnny"" Winter III (born February 23, 1944 died July 16, 2014) was an American blues guitarist, singer, and producer. Best known for his late 1960s and 1970s high-energy blues rock albums and live performances, Winter also produced three Grammy Award-winning albums for blues legend Muddy Waters. Since his time with Waters, Johnny Winter has recorded several Grammy-nominated blues albums and continues to tour extensively. In 1988, he was inducted into the Blues Foundation Hall of Fame and in 2003 <a href=""https://www.last.fm/music/Johnny+Winter"">Read more on Last.fm</a>",United States
Juicy Lucy,29222,174417,"1) - Juicy Lucy is a British blues rock band formed in 1969. The band name was inspired by a character in The Virgin Soldiers (1966) by Leslie Thomas. 

Juicy Lucy was formed by steel guitarist Glenn Ross Campbell, and prolific Blackburn saxophonist Chris Mercer, following the demise of The Misunderstood. They subsequently recruited vocalist Ray Owen, guitarist Neil Hubbard, bassist Keith Ellis, and drummer Pete Dobson.

The line-up of the band has changed throughout its existence. <a href=""https://www.last.fm/music/Juicy+Lucy"">Read more on Last.fm</a>",United Kingdom
Brad Paisley,1101840,18982459,"Brad Douglas Paisley (born October 28th 1972 in Glen Dale, WV) is a country music singer and songwriter. Starting with his 1999 debut album Who Needs Pictures, he has released 11 studio albums and a Christmas compilation on the Arista Nashville label, with all of his albums certified Gold or higher by the RIAA. He has scored 32 Top 10 singles on the US Billboard Country Airplay chart, 19 of which have reached #1. He set a new record in 2009 for the most consecutive singles (10) reaching the top spot on that chart. <a href=""https://www.last.fm/music/Brad+Paisley"">Read more on Last.fm</a>",Unknown
Jeffrey Foucault,59826,725983,"Jeffrey Foucault (born January 1976 in Janesville, Wisconsin) is an American singer-songwriter grown out of the americana/folk troubadour tradition. Foucault's musical career was seeded at seventeen, when he began playing John Prine tunes on his father's beat up mail-order guitar, and spent long evenings in his bedroom, spinning piles of old records on a hand-me-down turntable. When he was 18 he stole a copy of Townes Van Zandt: Live and Obscure from a friend <a href=""https://www.last.fm/music/Jeffrey+Foucault"">Read more on Last.fm</a>",United States
Lonnie Brooks,62658,312109,"Lonnie Brooks (Lee Baker Jr., December 18, 1933 - April 1, 2017) was an American blues singer and guitarist.

The musicologist Robert Palmer, writing in Rolling Stone, stated, ""His music is witty, soulful and ferociously energetic, brimming with novel harmonic turnarounds, committed vocals and simply astonishing guitar work."" Jon Pareles, a music critic for the New York Times, wrote, ""He sings in a rowdy baritone, sliding and rasping in songs that celebrate lust <a href=""https://www.last.fm/music/Lonnie+Brooks"">Read more on Last.fm</a>",United States
Allman Brothers Band,517184,7317055,"The Allman Brothers Band, formed in 1969 in Macon, Georgia blended strains of Southern Rock music - Blues, R&B, Country, Jazz, and Gospel - into a flexible, jam-oriented style of Rock and Roll that reflected the emergence of the “New South” and set the style for Lynyrd Skynyrd, the Marshall Tucker Band, and countless other Southern rockers. Oddly - or eerily, some would say - the band’s unusual string of untimely deaths has been repeated in other Southern-rock bands. <a href=""https://www.last.fm/music/+noredirect/Allman+Brothers+Band"">Read more on Last.fm</a>",Unknown
J. B. Hutto,4781,23018,biografia no encontrada,Unknown
Etta James,2184835,30703861,"Etta James (1938-2012) was a U.S.  blues, soul, R&B, rock & roll, and jazz singer and songwriter. She is the winner of four Grammies, seventeen Blues Music Awards, and was inducted into the Rock & Roll Hall of Fame (in 1993), the Blues Hall of Fame (in 2001), and the Grammy Hall of Fame (in both 1999 and 2008).

James was born Jamesetta Hawkins in Los Angeles, California, on 25th January 1938, to an unmarried fourteen-year-old mother, Dorothy Hawkins. <a href=""https://www.last.fm/music/Etta+James"">Read more on Last.fm</a>",Unknown
Dr. Feelgood,158303,2111133,"Dr. Feelgood is a British pub rock band, formed in 1971. The classic line-up included Lee Brilleaux (b. 1953, d. 7 April 1994; vocals/harmonica), Wilko Johnson (b. John Wilkinson, 1947, d. 21 November 2022; guitar), John B. Sparks (b. 1953; bass) and John 'The Big Figure' Martin (drums). 

Initially based in Canvey Island, Essex, on the Thames estuary, Dr. Feelgood broke into the London circuit in 1974. Brilleaux's menacing personality complemented Johnson's propulsive <a href=""https://www.last.fm/music/Dr.+Feelgood"">Read more on Last.fm</a>",United Kingdom
Murali Coryell,6068,25436,"Acclaimed by Billboard, CNN, Rolling Stone, & The New York Times, singer/guitarist/songwriter Murali Coryell is a rising force in contemporary American music. As the son of jazz guitar legend Larry Coryell and author/actress Julie Coryell and grandson of TV, film and stage actress Carol Bruce, Murali was born into an entertainment family. Murali is blessed with a voice that has been called soothing and soulful. With a guitar style to match he has <a href=""https://www.last.fm/music/Murali+Coryell"">Read more on Last.fm</a>",United States
Sammy Price,11269,50345,"Sammy Price (October 6, 1908 – April 14, 1992) was an American jazz, boogie-woogie and jump blues pianist and bandleader. 

He was born Samuel Blythe Price, in Honey Grove, Texas, United States. Price was most noteworthy for his work on Decca Records with his own band, known as the Texas Bluesicians, that included fellow musicians Don Stovall and Emmett Berry. The artist was equally notable for his decade-long partnership with Henry ""Red"" Allen. <a href=""https://www.last.fm/music/Sammy+Price"">Read more on Last.fm</a>",United States
Twelve Bar Blues Band,7030,33378,"The Twelve Bar Blues Band

From the moment the band started in 2005 the Twelve Bar Blues Band, also known as 12BBB, was considered as THE surprise of the Dutch blues scene. As the band demonstrated their musical qualities already many times at national and international stages  journalists and organizers made clear this band is not a surprise anymore . Everybody who saw and heard the band play consider 12BBB  as the top in the Netherlands and beyond for sure.  <a href=""https://www.last.fm/music/Twelve+Bar+Blues+Band"">Read more on Last.fm</a>",Netherlands
Barbra Streisand,938118,14871043,"Barbra Streisand (born Barbara Joan Streisand; April 24, 1942  Brooklyn, New York),  is an Academy Award-winning American singer, theater and film actress, composer, film producer, and director. She has won Oscars for Best Actress and Best Original Song as well as multiple Emmy Awards, Grammy Awards, Golden Globe Awards and an honorary Tony Award. She received the prestigious Kennedy Center Honor on December 7, 2008. She is the most successful female recording artist according to the Recording Industry Assoc. of America (RIAA). <a href=""https://www.last.fm/music/Barbra+Streisand"">Read more on Last.fm</a>",United States
Popa Chubby,116144,1230903,"Popa Chubby (Theodore Joseph Horowitz, born 31. March 1960 in New York) is a New York blues singer and guitar player. His angry and aggressive style of blues is influenced heavily by Willie Dixon. Like Jerry Lewis, he is more popular in France than the U.S.

Popa Chubby is a true native son of the Big Apple. He was born in the Bronx and grew up in a neighborhood made famous by Robert De Niro in the movie A Bronx Tale. His parents owned a candy store on the corner of 181st Street and Arthur Avenue. <a href=""https://www.last.fm/music/Popa+Chubby"">Read more on Last.fm</a>",Unknown
Carl Weathersby,4334,19992,"Carlton Weathersby (born in Jackson, Mississippi, on 24 February 1953; died 9 August 2024) was an American electric blues vocalist, guitarist, and songwriter remembered for his work with Albert King and Billy Branch, among others, and his career as a solo artist. He was nominated for the W. C. Handy Award for Best New Blues Artist in 1997. 

Weathersby moved to east Chicago, Indiana, with his family when he was eight. When he started playing guitar as a teen he said his father always had musician friends stopping by the house. <a href=""https://www.last.fm/music/Carl+Weathersby"">Read more on Last.fm</a>",United States
Sister Rosetta Tharpe,160395,1169758,"""Sister"" Rosetta Tharpe (1915–1973) was a pioneering U.S. Gospel singer and songwriter who attained great popularity in the 1930s and 1940s with a unique mixture of spiritual lyrics and early rock accompaniment. She became the first great recording star of Gospel music, first surfacing on the pop charts in 1939 with ""This Train"", her version of the traditional gospel standard.

Born Rosetta Nubin on the 20th March 1915 in Cotton Plant, Arkansas <a href=""https://www.last.fm/music/Sister+Rosetta+Tharpe"">Read more on Last.fm</a>",Unknown
Koko Taylor,232811,1446048,"Koko Taylor (September 28, 1928 - June 3, 2009) was an American blues musician, popularly known as the ""Queen of the Blues."" She was known primarily for her rough and powerful vocals and traditional blues stylings.

Taylor was born as Cora Walton on a farm just outside Memphis, Tennessee. In 1954, Taylor left Memphis for Chicago with her husband, truck driver Robert ""Pops"" Taylor. In the late 1950s she began singing in Chicago blues clubs and was spotted by Willie Dixon in 1962, leading to wider performances and her first recording contract. <a href=""https://www.last.fm/music/Koko+Taylor"">Read more on Last.fm</a>",United States
George Thorogood & The Destroyers,515929,4533557,"George Thorogood & The Destroyers is an American blues-rock band led by George Thorogood (born 	February 24, 1950), a blues-rock and rock guitarist and singer from Wilmington, Delaware. To date the band has released sixteen studio albums, including two that were certified Platinum, six that have been certified Gold, and have sold fifteen million albums worldwide.

While a first album (entitled Better Than the Rest) was recorded in 1974, the major recording debut came  with the release of the eponymous album 'George Thorogood & The Destroyers' <a href=""https://www.last.fm/music/George+Thorogood+&+The+Destroyers"">Read more on Last.fm</a>",United States
Alvin Lee,74392,824190,"Alvin Lee (19 December 1944 - 6 March 2013) was famous as the guitarist in the seminal seventies rock band Ten Years After.

Born Graham Barnes in Nottingham England, Alvin Lee took up guitar at the age of thirteen. By the age of fifteen he had formed the group Jaybirds. Following in the footsteps of earlier beat groups such as the Beatles, the Jaybirds played the clubs in Hamburg, Germany to great local acclaim. On returning to London in 1966, the group changed its name to Ten Years After. <a href=""https://www.last.fm/music/Alvin+Lee"">Read more on Last.fm</a>",Unknown
Nappy Brown,25765,114744,"Nappy Brown is the stage name of Napoleon Brown Culp (born October 12, 1929, died September 20, 2008). Nappy Brown's earliest musical influences were blues and gospel. As a youngster he performed in several gospel groups, including the Heavenly Lights. Nappy's singing eventually brought him in touch with Herman Lubinsky's Newark, NJ Savoy label, which signed him in the early 1950s to compete with shouters like Roy Brown, Wynonie Harris and Big Joe Turner. <a href=""https://www.last.fm/music/Nappy+Brown"">Read more on Last.fm</a>",Unknown
Magic Slim,55880,331449,"Magic Slim (born Morris Holt in Torrence, Mississippi, in 1937; died February 21, 2013) was a well-known American blues singer and guitarist who led one of the major Chicago blues bands, Magic Slim and The Teardrops, for about 30 years. He first came to the city in 1955 with friend and mentor Magic Sam. The elder Magic (Sam) let the younger magic (Slim) play bass with his band and even gave him his nick-name (the later-imposing Magic Slim was apparently a bit leaner back in the fifties). <a href=""https://www.last.fm/music/Magic+Slim"">Read more on Last.fm</a>",United States
Son Seals,75210,383074,"Frank ""Son"" Seals (August 13, 1942-December 20, 2004) was an American blues guitarist and singer.

He was born in 1942 in Osceola, Arkansas where his father, Jim ""Son"" Seals, owned a small club. He began performing professionally by the age of 13, first as a drummer and later as a guitarist. In 1959, he formed his own band which performed locally and he also toured with Albert King.[1]

In 1971, he moved to Chicago. His career took off after he was discovered by Bruce Iglauer of Alligator Records at the Flamingo Club in Chicago's South Side. <a href=""https://www.last.fm/music/Son+Seals"">Read more on Last.fm</a>",United States
Doyle Bramhall II,27818,271137,"Doyle Bramhall II (born 24 December 1968) is a guitarist and vocalist in his band Smokestack  and was also the second guitarist in Eric Clapton's band from 2004 to 2009. He is the son of singer, songwriter and drummer Doyle Bramhall, who was raised with Stevie Ray Vaughan and Jimmie Vaughan.

At age 16, Doyle Bramhall II toured with Jimmie Vaughan's band, The Fabulous Thunderbirds, as second guitarist. In 1992 Doyle formed Arc Angels with Charlie <a href=""https://www.last.fm/music/Doyle+Bramhall+II"">Read more on Last.fm</a>",Unknown
Ray Bonneville,21580,196784,"Ray Bonneville (Born Raymond J. Bonneville on 11 October 1948) is a French Canadian American musician, singer and songwriter. Born in Canada, and raised in the United States, Bonneville is a folk and blues-influenced musician strongly influenced by the music of New Orleans, Louisiana.

Bonneville calls himself a North American. Born in Canada, he moved to the Boston area in his early teens where he started playing guitar and harmonica. His career have seen him playing music throughout the world. <a href=""https://www.last.fm/music/Ray+Bonneville"">Read more on Last.fm</a>",Canada
Red Stick Ramblers,5220,55694,"The music of Louisiana has a lot in common with the cuisine. An initial blast of heat usually commands attention right off the bat, but then -- slowly, but surely -- all sorts of subtler notes start to creep in, making for an irresistibly captivating experience. That’s the vibe that emanates from The Red Stick Ramblers, an appropriately-named aggregation that builds stylistic bridges spanning the decades -- not to mention connecting styles as diverse as traditional Cajun, western swing, blues and old-school jazz. <a href=""https://www.last.fm/music/Red+Stick+Ramblers"">Read more on Last.fm</a>",Unknown
Robben Ford,141279,1536732,"Robben Ford (born December 16, 1951) is a blues, jazz and rock guitarist with a diverse career. 

He was born in Woodlake, California and raised in Ukiah. He taught himself guitar when he was 13 and considered his first influence to be Mike Bloomfield. At 18 he moved to San Francisco to form the Charles Ford Blues Band (named after his father, who was also a guitarist) featuring his brothers Mark (mouth harp) and Patrick (drums). 

Robben was soon hired to play with Charles Musselwhite for nine months. <a href=""https://www.last.fm/music/Robben+Ford"">Read more on Last.fm</a>",Unknown
The Refreshments,104208,1170221,"There are three artists with this name:
1. An alternative rock band from the United States
2. A rock band from Sweden
3. A power pop band from Finland

1. The Refreshments were a rock band from Arizona formed in 1992. They wrote and performed the title theme of King of the Hill, an animated series. The band split up in 1997, after releasing the album The Bottle and Fresh Horses and breaking from Mercury Records, their record label. Lead singer Roger Clyne and P.H. Naffah regrouped to form Roger Clyne & the Peacemakers. <a href=""https://www.last.fm/music/The+Refreshments"">Read more on Last.fm</a>",Unknown
Zucchero,373658,5446934,"Zucchero (Italian for ""sugar"") is an Italian rock singer. He was born Adelmo Fornaciari on September 25, 1955 in the Italian province Reggio Emilia, Italy and has since become one of the most famous Italian singers.

He is probably best known internationally for the song Senza Una Donna, which is a duet with Paul Young and hit number 4 in the latter's native United Kingdom, where Zucchero has generally made little commercial impact, in 1991. He commenced his musical career in 1970 with his first single in 1976, and his first album in 1983. <a href=""https://www.last.fm/music/Zucchero"">Read more on Last.fm</a>",Italy
Gomez,630900,11854928,"Gomez is a five-piece British act consisting of Ben Ottewell (vocals, guitar), Tom Gray (vocals, guitar, keyboards), Paul Blackburn (bass, guitar), Olly Peacock (drums), and Ian Ball (vocals, guitar, harmonica). Emerging during a time in which the majority of up-and-coming British bands were either retro-pop (à la Oasis), trip-hop (Portishead), or space rock (the Verve, Radiohead), Gomez were one of the few to feature bluesy influences. The Southport boys' debut for Virgin Records <a href=""https://www.last.fm/music/Gomez"">Read more on Last.fm</a>",United Kingdom
Muddy Waters Blues Band,2442,17262,biografia no encontrada,Unknown
Aerosmith,4588950,127189422,"Aerosmith is an American rock band formed in Boston, Massachusetts, in 1970. The group consists of lead vocalist Steven Tyler, bassist Tom Hamilton, drummer Joey Kramer, and guitarists Joe Perry and Brad Whitford. Their musical style is primarily rooted in blues-based hard rock and also incorporates elements of pop rock, heavy metal, glam metal, and rhythm and blues. The band’s primary songwriting partnership between Tyler and Perry is often referred to as the Toxic Twins. <a href=""https://www.last.fm/music/Aerosmith"">Read more on Last.fm</a>",United States
Big Bill Broonzy,190733,1480177,"Big Bill Broonzy (June 26, 1893 – August 15, 1958) was a prolific American blues singer, songwriter and guitarist. His career began in the 1920s when he played country blues to mostly African-American audiences. Through the 1930s and 1940s he successfully navigated a transition in style to a more urban blues sound popular with working class African-American audiences. In the 1950s a return to his traditional folk-blues roots made him one of the leading figures of the emerging American folk music revival and an international star. <a href=""https://www.last.fm/music/Big+Bill+Broonzy"">Read more on Last.fm</a>",United States
Santana,2752151,50687515,"Santana is a Latin music and rock band formed in San Francisco, California in 1966 by Mexican-American guitarist Carlos Santana. The band came to public attention with their performance of ""Soul Sacrifice"" at Woodstock in 1969. This exposure helped propel their first album, also named Santana, into a hit, followed in the next two years by Abraxas and Santana III. Lineup changes were common. Carlos Santana's increasing involvement with guru Sri Chinmoy took the band into more esoteric music, though it never lost its Latin influence. <a href=""https://www.last.fm/music/Santana"">Read more on Last.fm</a>",Unknown
Earl King,40948,193079,"Earl King (Earl Silas Johnson IV, New Orleans, Louisiana, February 7, 1934 – April 17, 2003)  (not to be confused with Earl Connelly King (born Earl B. Connelly, Jr. in Philadelphia)) was an American Rhythm & Blues singer, guitarist, and songwriter.

A composer of well known standards such as ""Come On"" (covered by Jimi Hendrix) and Professor Longhair's ""Big Chief"", he is an important figure in New Orleans R&B music.

His father, a local piano player, died when King was still a baby, and he was brought up by his mother. <a href=""https://www.last.fm/music/Earl+King"">Read more on Last.fm</a>",United States
Buddaheads,8496,80752,"Buddaheads (also known as  The Buddaheads, Buddah Heads, B.B. & The Screaming Buddah Heads and  BB Chung King & The Buddaheads). BAND MEMBERS:Alan Mirikitani, guitar and lead vocals, Boyd Lefan, bass,Joe ""The Bricklayer"" Pafumi, drums.

Guitarist/Singer Alan Mirikitani realized that he wanted to pursue a career in music after playing an eighth-grade dance with his first band while in junior high school in his hometown of Downey.

""After we got done, some girls came and sat in our laps,"" he said. <a href=""https://www.last.fm/music/Buddaheads"">Read more on Last.fm</a>",Unknown
Charlie Parker,934452,15021377,"Charles Christopher ""Bird"" Parker, Jr (29th August 1920 – 12th March 1955) was a U.S. bebop saxophonist and composer. Early in his career Parker was dubbed Yardbird; this was later shortened to ""Bird"" (or sometimes ""Yard"") and remained Parker's nickname for the rest of his life, and inspiration for the titles of his works such as ""Ornithology and Yardbird suite"".

Parker is commonly considered the greatest bebop jazz musician. In terms of influence and impact <a href=""https://www.last.fm/music/Charlie+Parker"">Read more on Last.fm</a>",Unknown
Esther Phillips,249613,1457443,"Esther Phillips (December 23, 1935 – August 7, 1984) was an American singer. Phillips was known for her R&B vocals, but she was a versatile singer, also performing pop, country, jazz, blues and soul music.

Born Esther Mae Jones in Galveston, Texas, when she was an adolescent, her parents divorced, and she was forced to divide her time between her father in Houston and her mother in the Watts area of Los Angeles. Because she was brought up singing in church <a href=""https://www.last.fm/music/Esther+Phillips"">Read more on Last.fm</a>",United States
Alabama 3,317161,4540869,"Alabama 3 are a band originating from Brixton, England, their music incorporates elements of country, acid house,  blues and gospel. 

Named for the Alabama 2, a legal case in the American deep South during the 1930s, in which two black men were hanged for allegedly raping a white woman. The name is also a nod to other victims of injustice like the Birmingham 6 and Guildford 4. In the United States, they are known as A3, after they were sued by the legendary country outfit Alabama. <a href=""https://www.last.fm/music/Alabama+3"">Read more on Last.fm</a>",United States
Saffire-The Uppity Blues Women,4603,23110,"It's not often that dreams come true. In the case of the acoustic blues trio, Saffire--The Uppity Blues Women, that's just what happened. Over the course of nine recordings and thousands of gigs, the group has gone from virtual obscurity to one of the most popular, witty, and just plain satisfying acoustic blues groups on the scene today. These women tear into their material with passion, dedication, and originality. Every song they cover becomes theirs, and their originals blend seamlessly with their interpretations. <a href=""https://www.last.fm/music/+noredirect/Saffire-The+Uppity+Blues+Women"">Read more on Last.fm</a>",Unknown
David Gogo,9942,85180,"Born in Nanaimo, British Columbia, David received a ukulele at age 4 and his first guitar at age 5. Encouraged by his parents throughout his childhood, the guitar began to captivate him. By the age of 16 Gogo was working steadily as a professional musician. His interest in the blues could be considered unusual for a teenager in the early 1980's. Nonetheless, David was drawn to the emotional power and raw depth of such performers as Howling Wolf and Son House. <a href=""https://www.last.fm/music/David+Gogo"">Read more on Last.fm</a>",United Kingdom
Ray Collins' Hot Club,12345,107171,biografia no encontrada,Unknown
John Hammond,93004,587213,"There are more than 2 artists that go by the name of John Hammond, two are mentioned below:

1. John Paul Hammond (born 13th November 1942), also known as ""John Hammond Jr"", is a blues singer and guitarist. He usually plays acoustic guitars and dobros and sings in a barrelhouse style. Since 1962, when he made his debut on Vanguard Records, Hammond has made 29 albums. In the 1990s he recorded for the Pointblank label. Hammond has earned one Grammy Award and been nominated for four others. <a href=""https://www.last.fm/music/John+Hammond"">Read more on Last.fm</a>",Unknown
Lucky Peterson,51688,427053,"Lucky Peterson (born Judge Kenneth Peterson in Buffalo, NY, on 13 December 1964; died 17 May 2020) was an American musician who played contemporary blues, fusing soul, R&B, gospel and rock and roll.

Peterson played his first gig at age three. By the time he was five, he had already recorded his first single, produced by none other than the legendary Willie Dixon. Before Peterson turned six, his career had been propelled into the national spotlight with television appearances on The Ed Sullivan Show <a href=""https://www.last.fm/music/Lucky+Peterson"">Read more on Last.fm</a>",United States
Howlin' Wolf,829551,11095454,"Chester Arthur Burnett  (June 10, 1910 in White Station, Mississippi, United States – January 10, 1976 in Hines, Illinois, United States), known as Howlin' Wolf, was an influential American blues singer, guitarist and harmonica player.

With a booming voice and looming physical presence, Burnett is commonly ranked among the leading performers in electric blues; musician and critic Cub Koda declared, ""no one could match Howlin' Wolf for the singular <a href=""https://www.last.fm/music/Howlin%27+Wolf"">Read more on Last.fm</a>",United States
Amy Winehouse,4464029,195177465,"Amy Jade Winehouse was an English singer and songwriter. She was known for her deep, expressive contralto vocals and her eclectic mix of musical genres, including soul, rhythm and blues, reggae and jazz.

A member of the National Youth Jazz Orchestra during her youth, Winehouse signed to Simon Fuller's 19 Management in 2002 and soon recorded a number of songs before signing a publishing deal with EMI. She also formed a working relationship with producer Salaam Remi through these record publishers. <a href=""https://www.last.fm/music/Amy+Winehouse"">Read more on Last.fm</a>",Unknown
Mojo Blues Band,7016,89086,"The founders of the band played before 1977 in clubs of Vienna. In 1977 Palden won a boogie woogie contest. The first prize was a record contract. They decided to form a band, which they named ""Mojo Blues Band"". 

The line up was:
guitar, vocals Erik Trauner
piano Joachim Palden
bass Matthias Mitsch
drums Bobby Sperling

Being the only blues band in Vienna they were often booked as backing band for blues artists who were touring in Austria. They played for example with Johnny Shines, J. <a href=""https://www.last.fm/music/Mojo+Blues+Band"">Read more on Last.fm</a>",Unknown
Big Mama Thornton,250820,1505916,"Big Mama Thornton (Willie Mae Thornton, December 11, 1926, Ariton, AL - July 25, 1984, Los Angeles, CA) was an American blues musician. 

Her introduction to music, as with most fellow blues legends, started in the Baptist church. The daughter of a minister, she and her six siblings began to sing at a very early age. While still a child, Willie Mae taught herself to play the drums and harmonica, and by the age of 14, she had run away from home to make her career in secular music. <a href=""https://www.last.fm/music/Big+Mama+Thornton"">Read more on Last.fm</a>",United States
Sam Cooke,1791994,30721445,"Samuel Cooke (born January 22, 1931 in Clarksdale, Mississippi; died December 11, 1964 in Los Angeles, California) was a popular and influential American gospel, R&B, soul, and pop, songwriter and singer,  recognized as one of the true founders of soul music. Often referred to as The King of Soul, Cooke had 29 Top 40 hits in the U.S. between 1957 and 1964 including major hits You Send Me, A Change Is Gonna Come, Chain Gang and Wonderful World. Cooke <a href=""https://www.last.fm/music/Sam+Cooke"">Read more on Last.fm</a>",United States
Marc Broussard,284616,2654398,"Marc Broussard (born January 14, 1982) is an American singer and songwriter. The Louisiana native released his first major album (with Island Def Jam Records) on August 3, 2004. The album's title Carencro pays tribute to the musician's hometown of Carencro, Louisiana. His style is best described as ""Bayou Soul,"" a mix of funk, blues, R&B, rock, and pop, matched with distinct Southern roots.

Marc is best known for the songs ""Where You Are"" and ""Home. <a href=""https://www.last.fm/music/Marc+Broussard"">Read more on Last.fm</a>",United States
Ben B. Beckendorf,2006,5275,biografia no encontrada,Unknown
Chris Smither,87444,844828,"Chris Smither (born November 11, 1944 in Miami, Florida) is an American folk/blues singer, guitarist, and songwriter. He grew up mainly in New Orleans and attended the University of the Americas in Mexico City, planning on becoming an anthropologist, but transferred to Tulane University after a year, during which time he discovered the music of Mississippi John Hurt. While in Paris for a junior year abroad, he spent his time playing guitar rather than attending classes and was kicked out of college as a result. <a href=""https://www.last.fm/music/Chris+Smither"">Read more on Last.fm</a>",United States
Chick Willis,4231,17483,"Robert ""Chick"" Willis (September 24, 1934 – December 7, 2013)   R.I.P.


Bluesman Chick Willis, who was currently residing in Forsyth, Georgia, passed away on Saturday, December 7, 2013 after a lengthy battle with cancer. Willis was 79 years old.

He was born in 1934 in Cabiness, Georgia.  His dad was a railroad man and the Willis family moved to Atlanta when he was about 6 years of age.  He was surrounded by music as a youngster and displayed an early affinity by teaching himself guitar while already having experience with vocals <a href=""https://www.last.fm/music/Chick+Willis"">Read more on Last.fm</a>",Unknown
