artista,oyentes,reproducciones,bio_resumen
Andre Toussaint,22710,97433,"Haitian ex-patriot  André Toussaint moved to Nassau, Bahamas in the 1950s performing as a singer-guitarist for the tourist and lounge crowd. Featuring many of his own compositions along with many current calypsos of the day, Toussaint was fluent in French, Haitian Creole, Italian, and Spanish. He performed folk songs of Bahama, was an accomplished guitarist who worked with small orchestras until his death in 1981 and was considered to be one of the founding fathers of modern Bahamian music. <a href=""https://www.last.fm/music/Andre+Toussaint"">Read more on Last.fm</a>"
Morgan Heritage,239661,1939659,"Morgan Heritage is a reggae band formed by five children of famed reggae-artist Denroy Morgan. Despite their relative youth, they have been referred to as ""reggae royalty"". Having grown up in their father's music studio in the U.S. the group, then consisting of eight of the children, made their first appearance at Reggae Sunsplash in Jamaica. They were subsequently signed by MCA and released their debut album Miracles in 1994. They have since criticized Miracles as being overly pop-influenced. <a href=""https://www.last.fm/music/Morgan+Heritage"">Read more on Last.fm</a>"
Chiclete Com Banana,136792,1815571,"Chiclete com Banana is an Axé music band consisting of Bell Marques, Wadinho Marques, Rey, Waltinho Cruz and Deny. They released their first album, called ""Traz os montes"", in 1982.

Nowadays, they are one of the most successful axé music bands in Brazil. Their abadás are the most expensive on Salvador Carnival. They usually have anywhere from 200.000 to 500.000 people walking along their sound truck Trio Elétrico as it is known. <a href=""https://www.last.fm/music/Chiclete+Com+Banana"">Read more on Last.fm</a>"
King Chango,41849,290690,"Latin music is given its hardest edge by New York based band King Chango. Combining dancehall chants, deep space dub, straight up skanking and Latin rhythms, King Chango creates some of contemporary music's most intense dance music. According to Spin magazine, the band combines ""Gen-X irony with the street energy of classic salsa and a hyperactive horn section."" King Chango, which takes its name from the god of music and partying in the Afro-Cuban religion of Santeria <a href=""https://www.last.fm/music/+noredirect/King+Chango"">Read more on Last.fm</a>"
Ganja,14071,153754,"There are currently three artists with this name

1. A  Mexican Reggae Group.
Ganja is a Mexican reggae band, originally from Mexico City, who was born in late 1995 as one of the pioneering bands banda in Mexican reggae movement with Splash, Rakes, The Commune and Antidoping. It has musical influences with Salsa, Merengue, Jazz and Blues, but has always been distinguished for its reggae. He participated in the last four editions of Razteca Festival, the largest reggae in the country. <a href=""https://www.last.fm/music/Ganja"">Read more on Last.fm</a>"
Jah Spirit,528,1473,biografia no encontrada
Leroy Sibbles,24903,110067,"Leroy Sibbles (born January 29, 1949) is a reggae musician from Jamaica. He was the lead singer for The Heptones in the 1960s and 1970s.

In addition to his work with The Heptones, Sibbles was a session bassist and arranger at Clement 'Coxsone' Dodd's Jamaica Recording and Publishing Studio and the associated Studio One label during the prolific late 1960s.


The Heptones

Sibbles and Heptones' co-founders Barry Llewellyn and Earl Morgan met in the mid 1960s, around the time Sibbles' first group auditioned for Duke Reid's Treasure Isle studio. <a href=""https://www.last.fm/music/Leroy+Sibbles"">Read more on Last.fm</a>"
Freddie McGregor,198041,1261558,"Freddie McGregor was born on June 27, 1956 in Clarendon, Jamaica. He is a singer, musician and producer.

McGregor's career began at the age of seven. In 1963 he joined with Ernest Wilson and Peter Austin to form The Clarendonians, and began to record for the legendary Studio One label. Freddie worked with producer Niney The Observer during the late 1970s and early 1980s.

His popularity soared in the early 1980s with the release of ""Bobby Bobylon"". <a href=""https://www.last.fm/music/Freddie+McGregor"">Read more on Last.fm</a>"
Prince Jazzbo,64460,295522,"Linval Roy Carter (September 3, 1951–September 11, 2013), better known as Prince Jazzbo, was a Jamaican reggae and dancehall deejay and producer.

Born in Clarendon, Jamaica, Carter began recording with Coxsone Dodd's Studio One label in the early 1970s under the name Prince Jazzbo. He went on to work on his own releases with Bunny Lee, producing as well in collaboration with many artists as a vocalist and producer for labels including his own, Ujama. <a href=""https://www.last.fm/music/Prince+Jazzbo"">Read more on Last.fm</a>"
Groundation,352403,6569527,"1. Groundation is a Fusion-Reggae band based in Sonoma County, California. It was established in 1998 by Harrison Stafford, Ryan Newman and Marcus Urani upon their meeting at the Jazz program at Sonoma State University.  Groundation's music incorporates the lyrical struggle of Roots Reggae, the progressive musicianship of Funk/Jazz fusion, and other-worldly transcendental Dub.  

The 9-piece band creates an altogether new Reggae sound, featuring swirling horns, stout poly-rhythmics, and soulful harmony vocals. <a href=""https://www.last.fm/music/Groundation"">Read more on Last.fm</a>"
Jimmy Somerville,149500,1087006,"Jimmy Somerville (b. June 22, 1961) is a Scottish pop singer. Was a star in the 80's with Bronski Beat and The Communards as well as while working solo.

Born and raised in Glasgow with his signature falsetto singing style, he happens to also be a left-wing human rights activist.

He went solo when the Communards split up in 1988. <a href=""https://www.last.fm/music/Jimmy+Somerville"">Read more on Last.fm</a>"
Gregory Isaacs,647245,6303853,"Gregory Anthony Isaacs ⋆ 15 July 1951 in Kingston, Jamaica ⋆ 25 Oct 2010 in London UK ⋆ was a Jamaican singer and songwriter. He recorded an enormous amount of songs in the genres (regular) reggae, lovers rock, roots reggae. His nickname was the Cool Ruler. By the late 1970s, Isaacs was one of the biggest reggae performers, regularly touring the US and the UK. Well-known songs are Night Nurse, Mr Cop, My Only Lover, Tune In, and Love Is Overdue. <a href=""https://www.last.fm/music/Gregory+Isaacs"">Read more on Last.fm</a>"
Beenie Man,477348,4343799,"Anthony Moses Davis (born August 22, 1973 in Kingston, Jamaica), better known by the stage name Beenie Man, is a well established reggae artist and DJ. He was involved in the music industry from a young age when he won the Tastee Talent contest in 1981. Only one year later, when he was eight years old, he recorded a single, ""Too Fancy"", with record producer ""Junjo"" Lawes. By 1983, Beenie Man was recording with heavyweight DJs, such as Dillinger and Fathead and released his debut album <a href=""https://www.last.fm/music/Beenie+Man"">Read more on Last.fm</a>"
Hopeton Lewis,87954,426610,"Hopeton Lewis is a Jamaican singer.

Lewis began recording in the mid-1960s, and had one of the earliest rocksteady hits with ""Take It Easy"" in late 1966. He had several more Jamaican hits in the late 1960s and early 1970s, including the first 'herb' song ever recorded in Jamaica, ""Cool Collie"", worked for Duke Reid as an arranger and backing singer, and won the Festival Song Contest in 1970 with ""Boom Shaka Lacka"". He began working as a singer with Byron Lee & the Dragonaires, and in 1971 had a hit with ""Grooving Out On Life"". <a href=""https://www.last.fm/music/Hopeton+Lewis"">Read more on Last.fm</a>"
Ska-P,447668,19801201,"Ska-P is a Spanish ska punk group formed in Vallecas (a neighborhood of Madrid, Spain) in 1994. Most of their songs feature an infectious and energic vibe and feature lyrics about non-conformity, criticism of capitalism and racism, and their defense of equal justice, plus taking part in various multicultural, alternative and anti-globalization festivals. Their song ""Cannabis"", supporting and defending the legalization of said substance, launched them to certain popularity in Spain and parts of Mexico and South America. <a href=""https://www.last.fm/music/Ska-P"">Read more on Last.fm</a>"
Rastrillos,4323,42514,"We are a reggae band from Mexico, our base is D.F, but the members come from diferents parts of the world (Celaya, Cuba, Argentina, Tepalcates, Coyoacanos, etc.). We 've been playing for more than 15 years, we've played with some international artists like Alpha Blondy,Pato Banton, Black Uhuru, Israel Vibration, Jimmy Cliff, Linton Kwesi Jhonson, Michael Frantti, Los Mocosos, los Pericos, Quinto Sol, Cultura Profetica, Arman rock, Chololo, La Lupita <a href=""https://www.last.fm/music/+noredirect/Rastrillos"">Read more on Last.fm</a>"
Gondwana,177781,3350588,"There are at least three bands called Gondwana.

1. Gondwana is a reggae musical group from La Pincoya, Santiago, Chile, founded in 1987 by I Locks Labbé. Their leader, Quique Neira (known as the chilean Bob Marley) was the soul of the band, the first one to be noticed with real success in Chile, and left the band to begin a single career. Now, the band has another singer, Kingo, and plays in important festivals around Latin America, with lot of fans everywhere. <a href=""https://www.last.fm/music/Gondwana"">Read more on Last.fm</a>"
The Pioneers,181158,1225949,"The Pioneers are a Jamaican reggae vocal trio, whose main period of success was in the 1960s. The trio has had different line-ups, and still occasionally performs.
The Pioneers were formed in 1962 by brothers Sydney and Derrick Crooks, and their friend Winston Hewitt. Their early recordings ""Good Nanny"" and ""I'll Never Come Running Back to You"" were self-produced at the Treasure Isle studio using money lent to the Crooks brothers by their mother and appeared on Ken Lack's Caltone label. <a href=""https://www.last.fm/music/The+Pioneers"">Read more on Last.fm</a>"
Rupee,111410,692448,"Rupert Clarke (born September 10, 1975), best known by his stage name Rupee, is a soca musician from Barbados. He was born in military barracks in Germany to a German mother and a Barbadian father, who was serving in the British armed forces at the time. He is signed to Atlantic Records. <a href=""https://www.last.fm/music/Rupee"">Read more on Last.fm</a>"
Terry Linen,24509,136456,"Terry Linen is easily one of reggae music's greatest talents to have emerged in the new millennium. Blessed with a brilliantly distinctive voice, this diminutive singer has cemented a place in the hearts of reggae lovers worldwide with his hit songs, with their haunting melodies and wonderful songwriting. 

Born Kiplin Simpson, Linen grew up in the district of Red Bank, where he attended the Red Bank Primary and Red Bank High schools. Being the first child for his mother <a href=""https://www.last.fm/music/Terry+Linen"">Read more on Last.fm</a>"
Fishbone,247633,3005406,"Fishbone is an American rock band formed in 1979 in Los Angeles, California, which plays a fusion of ska, punk, funk, heavy metal, reggae, and soul. AllMusic has described the group as ""one of the most distinctive and eclectic alternative rock bands of the late '80s. With their hyperactive, self-conscious diversity, goofy sense of humor, and sharp social commentary, the group gained a sizable cult following yet they were never able to earn a mainstream audience."" <a href=""https://www.last.fm/music/Fishbone"">Read more on Last.fm</a>"
Mr. Rango,3013,30972,biografia no encontrada
Rhythm & Sound,162697,2518152,"Rhythm & Sound is a contemporary dub project initiated and produced by Moritz von Oswald and Mark Ernestus, originated in 1996 in Berlin, Germany. Amongst other Oswald and Ernestus aliases is Basic Channel and they run a label under the same name, which upon closure in 1995 was followed by the infamous Chain Reaction.

One of several anonymous projects linked to the mysterious Berlin dub-techno duo Moritz von Oswald and Mark Ernestus, Rhythm & Sound released a series of 10"" records on Burial Mix and 12"" records on Rhythm & Sound <a href=""https://www.last.fm/music/Rhythm+&+Sound"">Read more on Last.fm</a>"
Cutty Ranks,130781,770229,"Cutty Ranks, born Philip Thomas in Jamaica in 1965, is a reggae and dancehall artist. His stage name stems from his sometime employment as a butcher.

At the age of 14, he began his career as a reggae artist on sound systems such as Gemini, Rebel Tone, and Papa Roots. Early on in his dee jaying career he was influenced by Josey Wales. He joined Killamanjaro where he worked alongside Early B, Super Cat, Puddy Roots, and Little Twitch. His prominence on sound systems evolved in the mid-to-late 1980s on SturMars and Metromedia <a href=""https://www.last.fm/music/Cutty+Ranks"">Read more on Last.fm</a>"
Elephant Man,267914,2240515,"Two artists go under the name Elephant Man:

1) Elephant Man (born September 11, 1976 as O'Neil Bryant in Kingston, Jamaica, also known as The Energy God) is one of the most colorful characters on the dancehall scene.

His stagename stemmed from his large ears, which led to the nickname Dumbo in his youth. ""Ele"" started out his musical career as a member of the Scare Dem Crew, later continuing as a solo artist. He was later characterized for several trademarks <a href=""https://www.last.fm/music/Elephant+Man"">Read more on Last.fm</a>"
Aswad,292026,2163048,"Aswad (""Black"" in Arabic) is a long-lasting British reggae group, noted for adding strong R&B, soul, and soca influences to the reggae sound. They have been performing since the early 1970s, and have released a total of twenty-one albums.

As naturalised children of immigrants from the Caribbean, part of the aftermath of World War II, the children were moved to London. They attended a local high school near Ladbroke Grove, and various junior schools as Tan Tan children of immigrants from the Caribbean around West London in 1975. <a href=""https://www.last.fm/music/Aswad"">Read more on Last.fm</a>"
El Gran Silencio,142959,1710504,"El Gran Silencio is a rock en español band from Monterrey, Nuevo León, Mexico that blends a variety of rock influences with regional musical forms, particularly popular in Monterrey. Their part was central in the Avanzada Regia musical movement during the 1990s and 2000s. Current members include the Cano Hernandez brothers, Tony Hernandez, Issac ""Campa"" Valdez, Wiwa, and Esquivel Alvarado. Their first album (1999) was titled ""Libres y locos"", which means 'Free and loony'  in Spanish <a href=""https://www.last.fm/music/El+Gran+Silencio"">Read more on Last.fm</a>"
Seeed,541971,16379367,"Seeed, formed in 1998 in Berlin, Germany, plays  dancehall,  reggae, and hip hop. 

The group currently consists of 10 people:
Enuff aka Peter Fox aka Pierre Baigorry (vocals)
Eased aka Dellé aka Frank A. Dellé (vocals)
Alfi Trowers (percussions)
Based (drums)
Moritz Delgado (sax)
DJ Luke (DJ) - (since 2005)
Jerome ""Tchamp"" Bugnon (trombone)
""Dubmaster"" Reibold (keyboard)
""Rudeboy"" Rudy (guitar)
Tobsen Cordes (bass)

Former members:
Ear aka Boundzound aka Demba Nabé (vocals) - (1998-2018, deceased) <a href=""https://www.last.fm/music/Seeed"">Read more on Last.fm</a>"
Discípulos De Otilla,32,118,biografia no encontrada
Sasha,523864,5671553,"There are currently several artists using the name Sasha:

1) Sasha, born Alexander Coe (born September 4, 1969), is a Welsh DJ and record producer. Late Night Tales Presents Sasha: Scene Delete was released in April 2016. He is also known for partnering with English DJ, John Digweed, as Sasha + Digweed. The pair released several mix albums together, including the Northern Exposure series (released between 1996 and 2001). They also released one of the all time best selling mix albums, The Renaissance Mix Collection part 1, in 1994. <a href=""https://www.last.fm/music/Sasha"">Read more on Last.fm</a>"
The Jamaicans,71103,301601,"The Jamaicans were a Jamaican rocksteady vocal group formed in 1967 and disbanded in 1972. Mostly known for the songs ""Ba Ba Boom"" (that won the Island's Festival Song Contest in 1967) and ""Things You Say You Love"" produced by Arthur ""Duke"" Reid for Treasure Isle.

The Jamaicans (Tommy Cowan, Norris Weir, Martin Williams) burst on the scene in 1967 by winning the second Jamaican Festival song contest with a bit of nonsensical rocksteady called ""Ba Ba Boom,"" a piece that had been written by Cowan and Weir. <a href=""https://www.last.fm/music/The+Jamaicans"">Read more on Last.fm</a>"
Dub Inc,32956,740697,biografia no encontrada
Axe Bahia,47324,304208,biografia no encontrada
The Uniques,83495,450919,"The Uniques is the name of more than one band:
1) Jamaican rocksteady 2) 60s US garage band 3) Doo Wop 4) Slovak electroclash

1)  The Uniques were a Jamaican rocksteady and reggae vocal group, formed in 1966 and active with varying line-ups until the late 1970s.
The Uniques originally formed as a vocal harmony trio of Roy Shirley, Slim Smith, and Franklyn White, (the latter two from The Techniques) releasing a few singles in 1966 including the R&B influenced ""Do Me Good"" for Ken Lack's (Keith Calneck) Caltone imprint. <a href=""https://www.last.fm/music/The+Uniques"">Read more on Last.fm</a>"
Barry Biggs,48399,233382,"Barry Biggs (born 1947, although some accounts list 1953;[1] St. Andrew, Jamaica) is a reggae singer, best known in the UK for his cover of the Blue Magic song, ""Sideshow"", which got to #3 in the UK Singles Chart in 1977

Biggs worked as an recording engineer and cameraman with the Jamaican Broadcasting Company, and also spent time as a member of the band the Astronauts, before becoming the lead singer for Byron Lee's Dragonaires.[1][3]
It was at <a href=""https://www.last.fm/music/Barry+Biggs"">Read more on Last.fm</a>"
The Slackers,170347,4877588,"  One of New York's most notable ska bands, the Slackers formed in Brooklyn in 1991 and have played the world over many times since.  Their first release was an eponymous self-released album, distributed by Moon Records in 1993 on cassette. Their first real debut is ""Better Late Than Never"" on Moon Ska Records. Coming out in 1996, this album saw a movement to more traditional ska music, as opposed to their earlier two-tone and garage influences. It was produced by Victor Rice <a href=""https://www.last.fm/music/The+Slackers"">Read more on Last.fm</a>"
Matisyahu,961385,24497632,"Matisyahu (""Gift of God""), Hebrew stagename for Matthew Paul Miller ⋆ 30 June 1979 in West Chester, Pennsylvania, is a spiritually minded American-Jewish singer, beatboxer, singjay and songwriter. He grew up in White Plains, New York. His music is an interplay between reggae, rock, hip-hop, and reggae fusion. His debute studioalbum Shake Off the Dust... Arise was released 2004 and his latest, Akeda 2014. Well-known songs are King Without A Crown, One Day and Happy Hanukkah. <a href=""https://www.last.fm/music/Matisyahu"">Read more on Last.fm</a>"
Giuliano Palma & The BlueBeaters,26656,392246,"Formed in 1994, the Bluebeaters comprises musicians of the Italian groups Casino Royale (Giuliano Palma, Ferdinando Masi, Patrick Benifei), of Africa Unite (Bunna, Paolo Parpaglione, Cato Senatore) and of the Fratelli di Soledad (Zorro).

The Bluebeaters are a rising cover band in Italy and perform a mix of reggae (eg. “Coming in from the cold” by Bob Marley and The Wailers), ska (eg. ""Shame and Scandal” of Lord Melody & Sir Lancelot) and rocksteady. <a href=""https://www.last.fm/music/Giuliano+Palma+&+The+BlueBeaters"">Read more on Last.fm</a>"
Long Beach Dub Allstars,85072,1074266,"From Wikipedia, the free encyclopedia
Jump to: navigation, search
Long Beach Dub Allstars
Origin 	Long Beach, California, United States
Genre(s) 	Reggae
Punk rock
Ska
Dub reggae
Years active 	1997–2002
Label(s) 	DreamWorks
Associated acts 	Sublime
Long Beach Shortbus
Eyes Adrift
Volcano
Former members
Eric Wilson
Jack Maness
Marshall Goodman
Bud Gaugh
Tim Wu
Opie Ortiz
RAS-1
Miguel Happoldt
Todd Foreman
Isaiah Ikey Owens

The Long Beach Dub Allstars was a dub reggae/ska/rock band formed in 1997 and disbanded in 2002. <a href=""https://www.last.fm/music/+noredirect/Long+Beach+Dub+Allstars"">Read more on Last.fm</a>"
Los Calzones,19145,195456,"Los Calzones (the underpants) from Argentina is a a Ska / Rock group which is a follow-up to Los Calzones Rotos (the ragged underpants) started out in Buenos Aires in 1988. Inspired by the like of Madness, Bad Manners, The Specials, The Skatalites and The Selecter at a time when ska was out of fashion.

Nevertheless, the group went on and founded their own label to show their independence. Halfway through1991, Los Calzones Rotos, their debut, appeared <a href=""https://www.last.fm/music/Los+Calzones"">Read more on Last.fm</a>"
Otis Gayle,9583,37778,"lovers rock <a href=""https://www.last.fm/music/Otis+Gayle"">Read more on Last.fm</a>"
Eve,1672847,46768015,"There are at least five artists using this name:
1. Eve (いぶ ibu), also known as Keitora (けいとら) and Kurowa (クロわ), is a Japanese singer and utaite who gained recognition on platforms such as Niconico and YouTube. He has composed original works, participated in live events, and been featured in utaite-centric magazines including Utattemita no Hon and 2.5Song MATE. Eve is also the creator of the ongoing manga ""Kara no Kioku"" and has over 4.5 million subscribers on YouTube. <a href=""https://www.last.fm/music/Eve"">Read more on Last.fm</a>"
Phoebe 1,687,2900,biografia no encontrada
10 Ft. Ganja Plant,229746,2604439,"10 Ft. Ganja Plant albums never offer musician credits, but the group's identity is no secret: This is a side project by members of John Brown's Body, one of the finest roots reggae bands in America. Usually side projects represent something of a stylistic departure, but in the case of John Brown's Body, the variation sounds an awful lot like the theme - not that that's a bad thing by any means. What does seem to set 10 Ft. Ganja Plant apart from its parent organization is an even greater emphasis on mystical <a href=""https://www.last.fm/music/10+Ft.+Ganja+Plant"">Read more on Last.fm</a>"
Chaka Demus & Pliers,368381,2029548,"Chaka Demus & Pliers are Jamaicans John Taylor (Chaka Demus) and Everton Bonner (Pliers) active together since 1992: one of the most successful acts in Jamaican music; the first Jamaican act to place three consecutive singles in the top five of the British music charts.  Both Chaka Demus and Pliers had established successful solo careers prior to combining their efforts. They are best known for their hits ""Murder She Wrote"" and ""Tease Me"". They had <a href=""https://www.last.fm/music/Chaka+Demus+&+Pliers"">Read more on Last.fm</a>"
Dezarie,63609,1138030,"Roots empress Dezarie has blessed the reggae community with the deliverance of her newest recording Gracious Mama Africa. Released on the Afrikan Roots Lab record label, this album emerges from the seeds planted on her amazing debut album of 2001 FYA. Gracious Mama Africa transports the incredible voice of Dezarie  to a whole new level - the highest heights. Her foundation is firmly established in songs such as Travelers and the title track. The brilliance and clarity of Dezaries voice is reverently unveiled on Exhalt. <a href=""https://www.last.fm/music/Dezarie"">Read more on Last.fm</a>"
Wayne Wonder,272981,1809038,"Wayne Wonder (born Von Wayne Charles in Buff Bay, Portland, Jamaica on 26 July 1972) is a Jamaican reggae fusion (specifically reggae / R&B) artist. While his early recordings were dancehall and reggae, he later moved towards hip hop and rap.

He auditioned at Sonic Sounds studio, but while Sly Dunbar was impressed, his touring commitments with Black Uhuru prevented him from signing Wonder. He had more success, however, with King Tubby, who produced his first single, ""Long and Lasting Love"", in 1985, with two more following. <a href=""https://www.last.fm/music/Wayne+Wonder"">Read more on Last.fm</a>"
Wyclef Jean,855021,9073654,"Wyclef Jean (born October 17, 1972 in Croix-des-Bouquets, Haïti) is an American rapper, producer, and member of the superstar hip hop trio The Fugees, known now for a series of high-profile hit singles.

Jean moved to Brooklyn, New York when he was nine, then to Northern New Jersey, where he began playing the guitar and studying jazz in his high school. In 1987, Jean, his friend (so close they told people they were cousins growing up) Prakazrel Michel (Pras) and his classmate <a href=""https://www.last.fm/music/Wyclef+Jean"">Read more on Last.fm</a>"
Manasseh,17437,104839,"Manasseh is a name of at least two artists:

[1] A mononym of Nick Manasseh, who began producing music for sound system exclusives around 1986 and after hooking up with Scruff Guilder in 1987 started to concentrate on a particular project, which eventually became Sound Iration in Dub. The first single ""Seventh Seal"" was cut on the 8/8/88 and was big on the roots scene (and Shaka's sound !), and was widely credited with being the first new wave UK dub track. <a href=""https://www.last.fm/music/Manasseh"">Read more on Last.fm</a>"
Lil Jon & The East Side Boyz,901041,5735770,"Smith took the stage name Lil Jon and formed musical group Lil Jon & the East Side Boyz with rappers Big Sam (born Sammie Dernard Norris) and Lil' Bo (born Wendell Maurice Neal). The group signed to the Atlanta-based Mirror Image Records and were distributed by Ichiban Records. In 1997, Lil Jon & the East Side Boyz debuted with Get Crunk, Who U Wit: Da Album. It included singles ""Who U Wit?"" and ""Shawty Freak a Lil' Sumthin'"", the latter of which came out in 1998. <a href=""https://www.last.fm/music/Lil+Jon+&+The+East+Side+Boyz"">Read more on Last.fm</a>"
Jazz Jamaica All Stars,12867,86581,"In 1991, inspired by the rhythms of traditional Jamaican music and the largely improvisational nature of jazz, original Jazz Warrior, and veteran jazz double bassist, Gary Crosby turned a musical concept into a joyful reality.

Gary’s concept was to create a quintessential fusion of mento, ska, reggae and jazz, playing classic and modern jazz standards alongside Jamaican folksongs. To achieve this, he gathered together a group of musicians drawn from the jazz and reggae circuits, each of whom is a distinguished musician in his own right. <a href=""https://www.last.fm/music/Jazz+Jamaica+All+Stars"">Read more on Last.fm</a>"
Zenzile,103275,1401304,"Zenzile was born in the late 90's in France, and are considered as the initiators of so called ""dub"" french scene along with High tone. French dub is mainly instrumental with rich use of effects and delays like reggae producers used to do with early reggae riddims. Zenzile moved towards rock in their numerous albums and EP's, and started inviting guest singers Jean Gomis, Jamika Ajalon (who sung the unforgettable Smell The Roses) and David Alderman on ""Living in Monochrome"" album. <a href=""https://www.last.fm/music/Zenzile"">Read more on Last.fm</a>"
The Upsetters,347603,3696035,"There are at least four bands with the name The Upsetters:
1) The Upsetters was the name given to the house band for Jamaican reggae producer Lee ""Scratch"" Perry. 
2) The Upsetters was the name of Little Richard's backing band playing R&B and rock 'n' roll during the 1950s. 
3) The Upsetters was a South African garage rock band active in the 1960s. 
4) The Upsetters was a soul band. 

1. ""The Upsetters"" was the name of the studio backing band of Jamaica Reggae producer Lee ""Scratch"" Perry, a. <a href=""https://www.last.fm/music/The+Upsetters"">Read more on Last.fm</a>"
Massilia Sound System,53394,797523,"Massilia Sound System is a reggae band formed in Marseille in the 1980s. They developed a Provençal hybrid version of reggae, rub-a-dub and raggamuffin with lyrics in the French and Occitan languages, sometimes referred to as trobamuffin (from the Occitan word trobador and the musical style raggamuffin). They incorporate many rhythms, beats and samples from the local tradition or other musical colleagues, and their lyrics indicate a profound parochialism for Marseille and the south of France in general. <a href=""https://www.last.fm/music/Massilia+Sound+System"">Read more on Last.fm</a>"
Planta e Raiz,119158,2076275,"Planta e Raiz é um grande nome do reggae nacional. Formada em 98 começou a carreira apresentando-se na capital e no litoral paulista tocando covers de Bob Marley, Gilberto Gil e Edson Gomes. O primeiro álbum, Que Brota da Terra, alavancou o nome da banda e os levou a se apresentar ao lado de grandes nomes do reggae. Seu segundo álbum, Esse é o Remédio, foi um grande sucesso, as músicas Com Certeza e Aquele Lugar, obtiveram os primeiros lugares nas principais rádios do segmento jovem. <a href=""https://www.last.fm/music/Planta+e+Raiz"">Read more on Last.fm</a>"
Dr. Ring Ding,12347,133395,"
Dr. Ring-Ding a.k.a. Richie Senior was born in 1970 in Münster, Germany to a multi-cultural and musical household. His introduction to music began with singing along with his family and learning the recorder (deathly boring) but he soon switched to more interesting instruments such as the trombone. From 1987 on he played in the horn section of El Bosso & die Ping Pongs, one of Germany‘s most famous Ska bands and the only one of its time which sang in German. From this experience he came to love Jamaican music. <a href=""https://www.last.fm/music/Dr.+Ring+Ding"">Read more on Last.fm</a>"
Inspector,132824,2248427,"There are 2 bands with this name:

1. Mexican ska revival ensemble Inspector comprises singer Javier Sánchez aka Big Javi, drummer David Martínez aka Tribi, bassist Arnoldo Ortega aka Lolo, sax players Jaime González aka Jimmy and Jesús Arriaga aka Padrino, guitarist Alejandro Ortega aka Güero, keyboardist Homero Ontiveros aka Marango and trumpeter Jesús Lemo. The band debuted in 1995 with the independently produced Misión Ska, featuring five original songs. <a href=""https://www.last.fm/music/Inspector"">Read more on Last.fm</a>"
Margareth Menezes,68291,597870,"Margareth Menezes (born October 13, 1962) is a Brazilian singer from Salvador, Bahia.

Her style is considered axé but her music also steers into samba and MPB territory, also drawing on African rhythms and reggae at times. Menezes is best known in Brazil for her song ""Me Abraça e Me Beija"", a major hit in 1990. She also scored another hit with ""Dandalunda"", a song which became the unofficial anthem of the 2003 Salvador carnival. <a href=""https://www.last.fm/music/Margareth+Menezes"">Read more on Last.fm</a>"
New York Ska-Jazz Ensemble,75977,1192657,"New York Ska-Jazz Ensemble is a group of New York ska musicians linking together ska and jazz music. 

Members:
Freddie Reiter (saxophone, flute, vocals),Mark Paquin (trombone, vocals)
Yao Dinizulu (drums), Alberto Tarin (guitar), Earl Appleton (keyboards)

ADDITIONAL MUSICIANS

Mitch Margold (keyboards),Cary Brown (keyboards), Gregg Leventhal (bass)
Lee Archibald(guitar, bass, vocals), Chris Weigers (bass)

PAST MEMBERS

Johnnathan McCain (drums <a href=""https://www.last.fm/music/New+York+Ska-Jazz+Ensemble"">Read more on Last.fm</a>"
Asian Dub Foundation,461171,9353165,"Asian Dub Foundation is an alternative electronica band from London, England. Formed in 1993, their style blends breakbeat, dub, dancehall, hip-hop and reggae with distinct Asian influences. 

Band members include John Pandit (aka Pandit G) (turntables), Deeder Zaman (aka Master D) (vocals) and Aniruddha Das (aka Dr Das) (bass), later joined by Steve Chandra Savale (aka Chandrasonic) (guitar and adf mastermind), Sanjay Tailor (aka Sun-J) (midi, soundeffects), and Bubble-E (dancer).  <a href=""https://www.last.fm/music/Asian+Dub+Foundation"">Read more on Last.fm</a>"
Glen Washington,46931,304772,"Glen Washington is a Jamaican Reggae/Soca singer, songwriter and drummer.

Washington evolved from humble beginnings. Born in the parish of Clarendon, Jamaica he is currently a popular artist in reggae music. this has come after many years of recording and waiting in the wings. In 1997, he released his debut album Brother To Brother and, to date, has released 10 albums.

Washington began his musical career in the early seventies as the lead singer for the group Names And Faces. <a href=""https://www.last.fm/music/Glen+Washington"">Read more on Last.fm</a>"
Ara Ketu,78566,673567,"The band Ara Ketu derived from the Carnival bloco of the same name and was founded in 1980. Before reaching success in Brazil, they became popular in Europe with an entertaining mix of Afro-Bahian percussive grooves with electronic paraphernalia and performing in colorful outfits. The group also added a vocalist (Tatau) and a horn section, counting up to 12 members. Since its beginning, the group developed a work of research on traditional African music keeping in perspective Brazilian and international pop music... <a href=""https://www.last.fm/music/Ara+Ketu"">Read more on Last.fm</a>"
Ventania,56208,1224023,"Wilson da Silva, mais conhecido como Ventania (Pariqüeraçu, 21 de agosto de 1962), é um cantor, e andarilho, cuja inspiração musical vem do movimento hippie, dos anos 60 e 70. Atualmente, Ventania mora em São Thomé das Letras, Minas Gerais.

Uma das mais importantes influências musicais de Ventania, é o cantor e compositor Raul Seixas, o ""Raulzito"", marco histórico do rock nacional e da mistura com influências ""alternativas"".

Biografia e carreira <a href=""https://www.last.fm/music/Ventania"">Read more on Last.fm</a>"
Banda Calypso,157795,8372833,"Banda Calypso was a Brazilian brega pop band formed in Belém, Pará, Brazil in 1999. The band was composed by Joelma da Silva Mendes and producer/guitarist Cledivan Almeida Farias, better known as Chimbinha.

The band achieved unbelievable success in the early 2000s and became a leader in CD and DVD sales, with approximately 15 million albums and over 5 million DVDs distributed in Brazil, making it one of the record-breaking bands of the country in sales. 
 <a href=""https://www.last.fm/music/Banda+Calypso"">Read more on Last.fm</a>"
The Specials,1108125,19387980,"The Specials is an English “2 Tone” ska revival band  formed in 1977 in Coventry, Warwickshire. Their music combines a danceable ska beat with punk’s energy, underpinned by an informed political and social stance. 

The group was formed by songwriter/keyboardist Jerry Dammers, with Terry Hall (vocals), Lynval Golding (guitar, vocals) and a rhythm section featuring Horace Panter (bass) and John Bradbury (drums; born 16 February 1953, died 28 December 2015). <a href=""https://www.last.fm/music/The+Specials"">Read more on Last.fm</a>"
Tijuana No!,41839,324462,"Tijuana No! is a Ska, Rock/Punk Mexican band, from Tijuana BC, México. It was characterized by the social critic in its lyrics, where they also showed their support to the EZLN, and made reference in his songs to racial, international and governmental problems, mainly to the immigration policies in the state of California. In its early stages they had the participation of Mexican singer Julieta Venegas. Luis Güereña, lead singer, died in 2004 due to a heart attack. <a href=""https://www.last.fm/music/+noredirect/Tijuana+No%21"">Read more on Last.fm</a>"
Los de Abajo,110493,820808,"Los de Abajo are a band from Mexico City founded in 1992 as a Latin ska four-piece band. Since then they have expanded to eight members and widened their musical influences to include rock, salsa, reggae, cumbia, Son Jarocho and banda sinaloense. Founder member Liber Terán is the main vocalist and writes many of the songs, although all band members receive equal pay for their contributions.

The band was unable to secure a record deal in Mexico, as their music was considered to be insufficiently commercial <a href=""https://www.last.fm/music/Los+de+Abajo"">Read more on Last.fm</a>"
Carlton & The Shoes,35361,204231,"Carlton and the Shoes (sometimes credited as Carlton & His Shoes) are a Jamaican vocal group who had their greatest success in the late 1960s, as rocksteady gradually became reggae and are still active in 2008, most notably in Japan and Jamaica. The group had several Studio One recorded hits in Jamaica, most notably ""Love me Forever"" in 1968.

The group is led by Carlton Manning, and the line-up was originally completed by his younger brothers Donald and Lynford (both members of The Abyssinians), and Alexander Henry. <a href=""https://www.last.fm/music/Carlton+&+The+Shoes"">Read more on Last.fm</a>"
Cheb Mami,79285,711466,"Romanized spelling of شاب مامي (Cheb Mami).
Cheb Mami, whose real name is Mohamed Khelifati, is an Algerian raï singer and actor, born 11 July 1966 in Saïda, Algeria. His collaboration with Sting for the track ""Desert Rose"" in 1999, was an international success that made his music known all over the world. <a href=""https://www.last.fm/music/Cheb+Mami"">Read more on Last.fm</a>"
Bernard Lavilliers,75181,1047917,"Bernard Lavilliers is a French anti-conformist rock singer since the early 80s. He's also influenced by latino-Cuban sounds like salsa. <a href=""https://www.last.fm/music/Bernard+Lavilliers"">Read more on Last.fm</a>"
Talco,80709,3254783,"Note: There are two different bands named Talco.
Talco's (Italy) project starts off within December 1999 and January 2000 as a politic ska-core band composed of Tomaso (vocals + guitar), Daniele (guitar) and Nicola (drums). During their first period Rocco (guitar) takes over in while Daniele begins to play bass: the most important arrival is, though, the one of Riccardo at the trumpet. With him the band starts playing around, starting with a ska festival, in Lugo di Romagna (Ravenna. <a href=""https://www.last.fm/music/Talco"">Read more on Last.fm</a>"
Los Rabanes,38646,359413,"Panamá wasn't a country known by its music in the world, until Los Rabanes appeared on the scene. Not only do they represent their country  in the music scene, but they do it with a fusion worthy of a country located in the center of the continent.
Genres as Reggae, Cumbia, Vallenato, Andina Music, Salsa, Merengue, are mixed with Rock and Ska in Rabanes' music, lyrics about Love, Politics and Fun are the Los Rabanes music subjects.
 <a href=""https://www.last.fm/music/Los+Rabanes"">Read more on Last.fm</a>"
Derrick Harriott,172360,1090590,"Derrick Harriott (born Derrick Clinton Harriott, 6 February 1939, Jamaica) is a singer and record producer. He has produced recordings by Big Youth, Chariot Riders, The Chosen Few, Dennis Brown, The Ethiopians, Keith & Tex, The Kingstonians, Rudy Mills, Scotty, Sly & Revolutionaries, and Winston McAnuff.
 <a href=""https://www.last.fm/music/Derrick+Harriott"">Read more on Last.fm</a>"
The Burning Souls,1844,6378,biografia no encontrada
Jennifer Lara,53664,413269,"Jennifer Lara recorded at Coxsone Dodd's famed Studio One studio for most of her career and released her own album in the 70s entitled 'Studio One Presents Jennifer Lara' (pictured left).

It is reported that her last song - 'Ordinary People' (a duet with Dalton Browne) - was recorded at Studio One just two weeks ago and she toured recently as a backing vocalist with The Ethiopians.

During her over 35 year association with the studio, Jennifer Lara added backing vocals to the songs of some of the camp's biggest names <a href=""https://www.last.fm/music/Jennifer+Lara"">Read more on Last.fm</a>"
Lord Kossity,23905,191458,"    Lord Kossity is a ragga-zouk musician from the French Antilles (Martinique & Guadeloupe), in the West French Indies (FWI). His family is originally from Martinique but he was born in France, in the suburbs of Paris, and moved back to the French Antilles with his family when he was 11 year old.

He began his career in the 90s with the group Contrast (band), with his cousin, Dr. Jekyll. He began incorporating ragga music with the zouk style later in the 1990s <a href=""https://www.last.fm/music/Lord+Kossity"">Read more on Last.fm</a>"
Intoxicados,121195,3508572,"Banda de Cristian 'el Pity' Alvarez, formada al finalizar Viejas Locas. Mas alla del Rock Stone caracteristico, tambien exploran en el hip-hop, reggae o con bases electronicas <a href=""https://www.last.fm/music/Intoxicados"">Read more on Last.fm</a>"
Lord Superior,1143,3660,"Lord Superior (Andrew Marcano,  Rio Claro, Trinidad and Tobago, November 30, 1937 - November 24, 2018) was a Trinidadian calypsonian.

Lord Superior made his debut into calypso at the age of 16 singing a calypso called ""Coconut"" at the Victory Calypso Tent in Port of Spain. In those days he was considered to be the youngest Calypsonian to perform locally.

Some of his memorable calypsoes were, Spread Joy, San Fernando Carnival, Saga T'ing, We want a day, Standardise Pan, Cultural Assassination and Put the women on top. <a href=""https://www.last.fm/music/Lord+Superior"">Read more on Last.fm</a>"
Phyllis Dillon,141437,1191324,"Phyllis Dillon (27 December 1944 — 15 April 2004) was a Jamaican ska and reggae singer who recorded for Duke Reid's lucrative Treasure Isle record label in the late 1960s and early 1970s.

Dillon was born in 1944 in Linstead, St. Catherine, Jamaica.[1] Influenced by American singers Connie Francis, Patti Page and Dionne Warwick, she began singing in talent contests. It was during a performance at the Glass Bucket Club in Kingston, Jamaica with the group The Vulcans, that Duke Reid's session guitarist Lynn Taitt discovered Dillon.[1] <a href=""https://www.last.fm/music/Phyllis+Dillon"">Read more on Last.fm</a>"
Tiken Jah Fakoly,159789,2342575,"Tiken Jah Fakoly (1968) is a reggae singer from Odienné, Côte d’Ivoire (a.k.a Ivory Coast).

Tiken Jah was born into a family of griots and christened Doumbia Moussa Fakoly on June 23, 1968 in Odienne, north-western Côte d'Ivoire. He discovered reggae at an early age, assembling his first group, Djelys, in 1987. He became well-known at a regional level, but would soon ascend to national recognition.

Concerned by the social and political evolution of his country <a href=""https://www.last.fm/music/Tiken+Jah+Fakoly"">Read more on Last.fm</a>"
Horace Andy,333736,3482801,"Horace Andy, or Horace Hinds ( ⋆ 19 Feb 1951 in  Kingston, Jamaica) is legendary reggae  artist and roots reggae singer and songwriter. He is also Rastafarian. His first single, ""This is a Black Man's Country,"" was released 1967 Andy is one of the most respected and influential singers in Jamaica, known for his distinctive falsetto vocal style and songs as Skylarking, Government Land, Angel, Five Man Army and for his work with English Massive Attack. <a href=""https://www.last.fm/music/Horace+Andy"">Read more on Last.fm</a>"
É O Tchan,155229,1399536,"É o Tchan! (not to be confused with the ghettotech producer/DJ ""tchan"") is a popular axé music group from Salvador, Brasil.

Originally called Gera Samba, they exploded onto the scene with their hit single 'Segura o Tchan'. Their first album, called É o Tchan (1995), sold into triple platinum.

After legal problems, the name of the band changed from Gera Samba to É o Tchan and with this name, they released the album 'Na Cabeça e na Cintura' [In the Head and In the Waist]. <a href=""https://www.last.fm/music/+noredirect/%C3%89+O+Tchan"">Read more on Last.fm</a>"
Betagarri,33289,468056,"Betagarri is a basque skaband from Vitoria-Gasteiz. Their sound seems to be a mix of ska, reggae and rock but are also influenced by latin and punk. Most texts are written and sung in basque language and largely deal with social- and globalisation critical issues. 

Betagarri consists of eight musicans who are Iñaki Ortiz de Villalba (voice), Aitor Ruiz de Arbulo (guitar) and Pablo Rodríguez (bass) who are the only remaining founder members from 1992 and Iker Uriarte (drumset) <a href=""https://www.last.fm/music/Betagarri"">Read more on Last.fm</a>"
Roots Manuva,577416,9077382,"Roots Manuva, born Rodney Smith is a British hip-hop artist, who mixes hip hop with reggae and dub as well as electronica, and even some gospel. He grew up around Stockwell in South London. His parents were from a small village in Jamaica called Banana Hole where his father was a preacher and tailor. Spending much of his early years in poverty, this and his strict Pentecostal upbringing clearly had an influence on his music as can be seen in many of his tracks such as ""Sinny Sin Sins"" and ""Colossal Insight"". <a href=""https://www.last.fm/music/Roots+Manuva"">Read more on Last.fm</a>"
T.O.K,38205,306700,biografia no encontrada
Manu Chao,1944347,60004067,"Manu Chao, born José-Manuel Thomas Arthur Chao on June 21, 1961, in Paris, France, is a multifaceted musician celebrated for his eclectic musical style and socially conscious lyrics. Chao's musical journey began in the vibrant Parisian music scene, where he immersed himself in diverse influences ranging from punk and rock to reggae and salsa. Co-founding the band Mano Negra in 1987, Chao showcased his knack for blending genres, resulting in international acclaim with albums like ""Patchanka"" (1988) and ""Casa Babylon"" (1994). <a href=""https://www.last.fm/music/Manu+Chao"">Read more on Last.fm</a>"
Buju Banton,479270,4657207,"Buju Banton (born Mark Myrie 1973) is a Jamaican dancehall, ragga, and reggae singer. He was born in a slum near Kingston, Jamaica called Salt Lane. ""Buju"" is a nickname  which is of  Breadfruit. The name is ironic in light of Mark Myrie's slim frame and large head, but it is, nevertheless, the nickname his mother gave him as a child. ""Banton"" is a Jamaican word referring to someone with a superior attitude and a gift with speech, but it was also the name of a local artist Burro Banton that Buju admired as a child. <a href=""https://www.last.fm/music/Buju+Banton"">Read more on Last.fm</a>"
Sidney Crooks,2019,4394,biografia no encontrada
Freddie Notes,8907,24122,biografia no encontrada
SOJA,306135,8265307,"Lead singers Jacob Hemphill (vocals, guitar) and Bob Jefferson (bass) met in first grade in Virginia, shortly after Jacob had returned from living in Africa with his family. The two instantly became best friends, and in middle school found a common love for hip hop and rock music. Throughout middle and high school, they met Patrick O’Shea (keyboards), Ryan Berty (drums), and Ken Brownell (percussion) – who would later form SOJA. During this period, reggae music was becoming an addiction for the budding musicians. <a href=""https://www.last.fm/music/SOJA"">Read more on Last.fm</a>"
No Doubt,3450848,80437878,"Formed in 1986 in Anaheim, California, United States as a ska punk band inspired by Madness, the lineup of No Doubt initially comprised John Spence as lead vocal, Gwen Stefani on back-up vocals, and her brother Eric Stefani on keyboards. While playing the party-band circuit around Anaheim, the trio picked up bassist Tony Kanal. Hardened by the suicide of Spence in December 1987, No Doubt nevertheless continued; Gwen became the lone vocalist and the group added guitarist Tom Dumont and drummer Adrian Young. <a href=""https://www.last.fm/music/No+Doubt"">Read more on Last.fm</a>"
Prince Buster,198199,1819335,"Prince Buster (Cecil Bustamente Campbell, 24 May 1938 - 8 September 2016) was a Jamaican singer, songwriter and producer. He is regarded as one of the most important figures in the history of ska and rocksteady music. The records he released in the 1960s influenced and shaped the course of Jamaican contemporary music and created a legacy of work that later reggae and ska artists would draw upon.

Born Cecil Bustamente Campbell on Orange Street in Kingston <a href=""https://www.last.fm/music/Prince+Buster"">Read more on Last.fm</a>"
Anthony B,338608,3326855,"Anthony B is the stage name of Keith Blair (born March 31, 1976), a Jamaican musician.

Blair grew up in rural Clarks Town in the northwestern parish of Trelawny. His deeply religious family life (his mother was a Seventh-day Adventist and his grandmother a Revivalist) imbued him with a profound spirituality. During his youth, his favorite singers were reggae legends Bob Marley, Peter Tosh, and Bunny Wailer, musicians who strongly influenced his own style. <a href=""https://www.last.fm/music/Anthony+B"">Read more on Last.fm</a>"
Bandits of the Acoustic Revolution,132841,1561601,"Bandits of the Acoustic Revolution (commonly abbreviated BOTAR) is an acoustic band started by Tomas Kalnoky. Often viewed as a precursor to Streetlight Manifesto, BOTAR is recognized as something of a side-project. 2001 marked the release of their only recording to date, ""A Call To Arms"". With 5 songs, including an updated version of Catch 22's ""Dear Sergio"", and the future Streetlight Manifesto song ""Here's To Life"", this collection marked something of a transition for Kalnoky. <a href=""https://www.last.fm/music/Bandits+of+the+Acoustic+Revolution"">Read more on Last.fm</a>"
Ernest Ranglin,148504,1443806,"Ernest Ranglin (born June 19, 1932) is a famous Jamaican guitarist.

As a child, Ranglin played ukulele, then guitar in his teen years. Charlie Christian was an early influence. Ranglin played on many classic recordings, with Jimmy Cliff, Monty Alexander, Prince Buster, The Skatalites, and others. Ranglin toured extensively with the Eric Deans Orchestra, one of the top bands in the Caribbean.

In 1958, Chris Blackwell recorded a Ranglin single; it was the first Island Records release. <a href=""https://www.last.fm/music/Ernest+Ranglin"">Read more on Last.fm</a>"
Errol Dunkley,79663,391115,"Errol Dunkley is a Jamaican reggae singer, born in Kingston in 1951. Dunkley's recording career began in 1965, when he was fourteen, with ""Gypsy"" (a duet with Roy Shirley) for Lindel Pottinger's Gaydisc label, ""My Queen"" (with Junior English) for Prince Buster, and ""Love Me Forever"" on the Rio label [1]. Between 1967 and 1968 he recorded several singles for Joe Gibbs including ""Please Stop Your Lying"" (1967) and ""Love Brother"" (1968), before switching to Coxsone Dodd in 1969.[2] <a href=""https://www.last.fm/music/Errol+Dunkley"">Read more on Last.fm</a>"
Lutan Fyah,177704,1512394,""" ... Rastafari livity means to tolerate and to live side by side with those of other faiths no matter which race, no matter which class. The purpose of Haile Selassie is to see that we become one in unity and love ... and that is my purpose."" Lutan Fyah 

Much, much more than a deejay, much more than a singer and more than a chanter too Lutan Fyah also plays guitar, keyboards and the kette drum. He holds strong beliefs in originality at all times and so he is a songwriter too and <a href=""https://www.last.fm/music/Lutan+Fyah"">Read more on Last.fm</a>"
Terra Samba,60215,356094,"Terra Samba is a brazilian Sambareggae group from Salvador da Bahia. In 1998 they quickly captured the hearts of the brazilian people with their mega hit ""Liberar Geral"". Typical for their music is its brazilian and carribean rhythm. A few more famous songs include ""Deus é Brasileiro"", ""Na Manteiga"", ""Banho De Chuveiro"" and ""Carrinho De Mão"".

The band consists of members Mário Ornellas and Edson Souza, both former percussionists of the popular band Gerasamba. <a href=""https://www.last.fm/music/Terra+Samba"">Read more on Last.fm</a>"
Skaparapid,8363,145296,"A ska band from Spain. Female lead voice and happy tunes that make everyone want to dance are the main points of Skaparapid.
www.skaparapid.net <a href=""https://www.last.fm/music/Skaparapid"">Read more on Last.fm</a>"
The Heptones,275758,2129136,"Leroy Sibbles, Earl Morgan and Barry Llewelyn first came together as ""The Hep Ones"" in 1965 in Kingston, Jamaica but they soon changed their name to ""The Heptones"".
They recorded for the major Jamaican producers at the time, including Coxsone Dodd of Studio One fame. The Heptones had a number of Jamaican hits for Studio One, including ""Pretty Looks Isn't All"", ""Fattie Fattie"" and ""I Hold the Handle."" They went on to record with Joe Gibbs, Harry J (Harry Johnson), and Rupie Edwards. <a href=""https://www.last.fm/music/The+Heptones"">Read more on Last.fm</a>"
Winston McAnuff,23168,181033,"The son of a preacher, Winston was born in 1957, in the hills of Manchester parish, near Christiana, in Jamaica. His parents were very fond of music and it was only natural for him to sing in church. After his father died in 1971, Winston left his native home and moved to Kingston, where his sister was a teacher. In this new city environment, he became friend with Hugh Mundell, Earl Sixteen and Wayne Wade. Because he was sure of their talent, he went with them to their first auditions and even wrote some of their first songs <a href=""https://www.last.fm/music/Winston+McAnuff"">Read more on Last.fm</a>"
Morodo,59383,1502634,"Morodo is a reggae or ragga singer from Madrid,Spain. He started in the music more influenced by Hip Hop but as time passes his style has changed an now he can be considered as reggae music.

He has two official discs named OZMLStyle and Cosas que contarte.

In his tours he has a backing band from Barcelona called Ranking Soldiers. <a href=""https://www.last.fm/music/Morodo"">Read more on Last.fm</a>"
Kevin Lyttle,364961,2087606,"Kevin Lyttle (born Lescott Kevin Lyttle Coombs, on 14 September 1976) is a soca artist hailing from Saint Vincent, who had a worldwide hit with the interpellative soca ballad, ""Turn Me On"" which was recorded by Lyttle and the ragga soca artist Spragga Benz. The song was originally done by the rhythm and a blues group

Lyttle recorded ""Turn Me On"" in Saint Vincent and the Grenadines in 2001. His strong live performances of soca influenced by hip hop and r&b made the song a hit throughout the Caribbean. <a href=""https://www.last.fm/music/Kevin+Lyttle"">Read more on Last.fm</a>"
Holy Piby,7174,42981,"Holy Piby was born in Buenos Aires and is playing modern reggae since 2003, the band is formed by 11 musicians that fusion reggae, rock, funk and dub. Their influences are black roots: Funk, Soul, Reggae, Hip Hop. (Steel Pulse, Ziggy Marley, Ben Harper, James Brown, Third World ).
 <a href=""https://www.last.fm/music/Holy+Piby"">Read more on Last.fm</a>"
Ben Harper,1549483,30769891,"Ben Harper (born in Pomona, CA, on 28 October 1969) is an American  Grammy-winning singer and songwriter. As well as solo albums, he has recorded as Ben Harper and Tom Freund, Ben Harper & The Innocent Criminals, Ben Harper And The Blind Boys Of Alabama, Ben Harper and Relentless7, Ben Harper & Charlie Musselwhite, and Ben & Ellen Harper. 

Harper grew up listening to blues, folk, soul, RnB, and reggae. Harper's blend of groove-laden funky soul and <a href=""https://www.last.fm/music/Ben+Harper"">Read more on Last.fm</a>"
Sean Paul,2967435,44847275,"Sean Paul Ryan Francis Henriques (born January 9, 1973 in Kingston, Jamaica) is a Grammy Award winning reggae and dancehall singer and rapper. He released his debut solo album, Stage One, in 2000 and followed this in 2002 with Dutty Rock, which won the 2004 Grammy Award for best reggae album and generated four top twenty Billboard Hot 100 hits, including #1 'Get Busy'. His new cd, Tomahawk Technique, was released in February 2012 and has generated another hit ""She Doesn't Mind"". <a href=""https://www.last.fm/music/Sean+Paul"">Read more on Last.fm</a>"
Judge Dread,95706,963553,"Alexander Minto Hughes (2 May 1945 - 12 March 1998), better known as Judge Dread, was a reggae and ska artist from England.

Born in Kent, Judge Dread was the first White British recording artist to get a reggae hit in Jamaica. He got his stage name from a Prince Buster song, and his first hits were inspired by Prince Buster's single, ""Big Five"".

The Guinness Book of World Records credits Judge Dread for having the most banned songs of all time. Many of his lyrics have sexual connotations <a href=""https://www.last.fm/music/Judge+Dread"">Read more on Last.fm</a>"
Mr. Vegas,258006,1661240,"He catapulted to the top of the Jamaican charts in 1997 with the dancehall boomshots ""Heads High"" and ""Nike Air"", his distinctive vocals fusing melodious singing with precision deejaying (rapping). Since then he has built an international fan base with hit singles like ""Pull Up"", ""Tamale"" and ""Hot Gal Today"" but it is on his latest CD ""Constant Spring"" that Mr. Vegas' spectacular sing-jay approach and cleverly crafted lyrics dazzle with the intensity of an evening in, well, Las Vegas. <a href=""https://www.last.fm/music/Mr.+Vegas"">Read more on Last.fm</a>"
Ziggy Marley,724106,6607658,"David Nesta ""Ziggy"" Marley (born October 17, 1968 in Saint Ann Parish, ghetto of Trenchtown, Jamaica), composer, singer and guitarist, is a multiple Grammy-winning (reggae) Jamaican musician. He is known for songs like ""Tomorrow People"", ""Love Is My Religion"" and ""A Lifetime"", He is the oldest son in the marriage between the singer Rita Anderson (Marley) and late legendary reggae Bob Marley. David's father Bob nicknamed him ""Ziggy"". A ziggy is a big marijuana spliff  on Jamaiaca. <a href=""https://www.last.fm/music/Ziggy+Marley"">Read more on Last.fm</a>"
Aquasky Vs Masterblaster,3725,21131,biografia no encontrada
Lynn Taitt,15089,49733,"Lynn Taitt (22 June 1934 – 20 January 2010) was a guitarist born in San Fernando, Trinidad and Tobago, closely associated with Jamaican rocksteady music.

Born Nerlynn Taitt, in San Fernando, Trinidad, he got his start as a musician playing in local steel drum bands, before taking up the guitar aged 14. He formed his own band, which was booked by Byron Lee to perform at the 1962 independence celebrations in Jamaica. Taitt decided to stay in Jamaica <a href=""https://www.last.fm/music/Lynn+Taitt"">Read more on Last.fm</a>"
Patrice,389653,7690345,"Patrice (Patrice Bart-Williams) is an Afro-German reggae artist. His music is influenced by Jimi Hendrix and Bob Marley.
Effortlessly combining folk, reggae, soul and blues, the singer/songwriter/guitarist , Patrice, exploded onto the music scene with his phenomenal testimonial debut Lions E.P in 1999 aged just 18. With the deep lyrical content and social conscience resonating within his work, Patrice alludes to his late father (a Sierra Leonian political activist and poet) and Bob Marley as the greatest influences on his music. <a href=""https://www.last.fm/music/Patrice"">Read more on Last.fm</a>"
Dr. Calypso,20483,215234,"Dr. Calypso és un grup barceloní d'ska fundat el 1989.

Després de grabar sa primera maqueta al 1990, han editat quatre àlbums d'estudi, un doble CD en directe i dos recopilatoris. Early Years (2004) està dedicat als seus primers anys, i en ell es troba sa maqueta, per primera vegada disponible en CD. The Best of Dr. Calypso (Groover, 2004) és un recopilatori exclusiu per a sa distribució a Europa.

Són molt coneguts dins del circuit de música jamaicana internacional <a href=""https://www.last.fm/music/Dr.+Calypso"">Read more on Last.fm</a>"
Keith & Tex,66591,303890,"The duo Texas Dixon (b. 1948, Kingston, Jamaica, West Indies) and Keith Rowe (b. 22 October 1950, Kingston, Jamaica, West Indies) recorded for Derrick Harriott in the late 60s. Rowe recorded solo and then emigrated to USA, while Dixon moved to Canada.
 
   *  Don't Look Back, 1968
    * Let Me Be The One, 1968
    * Lonely Man, 1968
    * Stop That Train, 1967
    * This Is My Song, 1968
    * Tonight, 1967
 <a href=""https://www.last.fm/music/Keith+&+Tex"">Read more on Last.fm</a>"
Joe Budden,575488,6125699,"Joe Budden (born August 31, 1980 in Spanish Harlem, New York) is a rapper from Jersey City, New Jersey. In recent years he has come to prominence as one of the most skilled and sought-for rappers in the game, despite his best work being on the internet mixtape circuit. 

His music initially gained popularity on New York City's famous mixtape circuit in 2002. Although his biggest mainstream hit to-date is 2003's up-tempo ""Pump It Up,"" Budden is known for his reflective and often insecure lyrics. <a href=""https://www.last.fm/music/Joe+Budden"">Read more on Last.fm</a>"
Los Auténticos Decadentes,246091,4609288,"Los Auténticos Decadentes (Spanish for ""The Authentic Decadents"") is an Argentine band that mixes ska with Latin American rhythms. The band was formed around 1986 by Cucho and Nito, who invited Gastón to join them.

Their first hit was Veni Raquel, which set the tone for their later lyrics' irreverence and ironic humor. Many of their songs are classic anthems of Argentinian nightlife, such as Corazón, Loco (Tu Forma de Ser), Entregá el Marrón, La Guitarra, Los Piratas, and El Murguero. <a href=""https://www.last.fm/music/+noredirect/Los+Aut%C3%A9nticos+Decadentes"">Read more on Last.fm</a>"
La Gran Orquesta Republicana,6000,132592,"La Gran Orquesta Republicana was a ska-fusion band from Mallorca (Spain) formed in 1997 and split up in 2008. <a href=""https://www.last.fm/music/La+Gran+Orquesta+Republicana"">Read more on Last.fm</a>"
Edi Fitzroy,4690,20709,"Fitzroy Edwards (17 November 1955 – 4 March 2017), better known by his stage name Edi Fitzroy, was a Jamaican reggae singer, active from 1975 but best known for his work in the dancehall era.

Edwards was born in Chapelton, Clarendon Parish, Jamaica and attended Chapelton All-Age and Clarendon College. He was exposed to music from an early age via his father Vasco Edwards' sound system. After studying at the West Indies Commercial Institute, he <a href=""https://www.last.fm/music/Edi+Fitzroy"">Read more on Last.fm</a>"
Twinset,14873,90133,"Twinset (formerly known as The Spider Men) hooked up at the start of their second year at the then Wellington Polytechnic Conservatorium of Music in 1996. Their first gig was at a warehouse party along with various Goth bands who splattered themselves in blood – needless to say, they were in suits & ties.

Since then this fine trio have been a regular live feature in Wellington, going under a variety of names (Los Tigres Del Norte, Moose Head etc) until Leon Matterhorn had the honour of eventually naming them Twinset. <a href=""https://www.last.fm/music/Twinset"">Read more on Last.fm</a>"
Chimarruts,190186,2854306,"Chimarruts is a Brazilian reggae band from Porto Alegre. <a href=""https://www.last.fm/music/Chimarruts"">Read more on Last.fm</a>"
Tchakabum,154534,733266,biografia no encontrada
Resistencia Suburbana,24045,346870,"Nacen en 1993, en la localidad de San Martín, Provincia de Buenos Aires, Argentina. Resistencia Suburbana es una banda de reggae contestatario que manifiesta con elocuencia la realidad, la lucha, el descontento popular y que tira por la ventana uno de los tópicos más comunes del género: No problem. Al cual ellos mismos transforman en ""Sí problem"". Autodefinidos como una banda luchadora y con mucha energía, se convirtieron en una de las agrupaciones más representativas y con mayor proyección de la escena del reggae argentino. <a href=""https://www.last.fm/music/Resistencia+Suburbana"">Read more on Last.fm</a>"
Mad Caddies,393796,12533936,"The Mad Caddies are a ska punk band from Goleta/Santa Barbara/Solvang, USA. The band formed in 1995 and has released five full-length albums, one live album, and two EP's. Their sound has influences from a wide range of genres, including ska, punk, hardcore, swing, reggae and jazz.

Founding members Chuck Robertson, Sascha Lazor, Todd Rosenberg, Carter Benson and James Malis started the group in high school but the band's membership has changed frequently since its inception. <a href=""https://www.last.fm/music/Mad+Caddies"">Read more on Last.fm</a>"
The Toasters,221968,3365070,"The Toasters came out of the lower east side of Manhattan, New York in 1981. Cutting their teeth at legendary punk rock clubs such as CBGBs,  the band has proceeded  on to defy gravity and  industry skeptics alike by staying true to their original 2-Tone roots and earning their rightful place in the history of international ska music, particularly influential on ska punk.

In their role as consummate outsiders, the band has turned down major record deals and have opted instead to run down their own track where <a href=""https://www.last.fm/music/The+Toasters"">Read more on Last.fm</a>"
Andy and Joey,2999,10684,biografia no encontrada
Bob Andy,120779,642544,"Bob Andy CD (born Keith Anderson in Kingston, Jamaica, on 28 October 1944; died 27 March 2020) was a Jamaican reggae musician widely regarded as one of reggae's most influential songwriters. As well as solo recordings, he was a founding member of The Paragons and was in Bob & Marcia.

He emerged as a solo star in 1966 with the smash hit ""I've Got to Go Back Home"", a song which has become a much-loved anthem for Jamaicans. He had served his singing and songwriting apprenticeship with the legendary vocal group THE PARAGONS <a href=""https://www.last.fm/music/Bob+Andy"">Read more on Last.fm</a>"
Dakidarria,4835,80417,biografia no encontrada
UB40,1399592,18116845,"UB40 is an English reggae and pop band, formed in December 1978 in Birmingham, England. The band has had more than 50 singles in the UK Singles Chart and has also achieved considerable international success. They have been nominated for the Grammy Award for Best Reggae Album four times and were nominated for the Brit Award for Best British Group in 1984. UB40 have sold more than 70 million records worldwide. The ethnic make-up of the band's original line-up was diverse <a href=""https://www.last.fm/music/UB40"">Read more on Last.fm</a>"
Banda Kebradeira,521,812,biografia no encontrada
Streetlight Manifesto,497704,28252122,"Streetlight Manifesto is a post-third wave ska punk band from New Brunswick, New Jersey, under the creative leadership of singer/guitarist Tomas Kalnoky. Since forming in 2002, the band has released four full-length albums.

Several of Streetlight's members were already well known among the New Jersey ska community for their roles in past ska bands from that area, most notably Catch 22's Tomas Kalnoky, James Egan, Mike Soprano, and Josh Ansley, as well as One Cool Guy's Stuart Karmatz, Pete Sibilia, Dan Ross, and Chris Paszik.  <a href=""https://www.last.fm/music/Streetlight+Manifesto"">Read more on Last.fm</a>"
Lennie Hibbert,23091,105088,"Leonard Aloysius Hibbert, popularly known as ""Lennie"", popularized the Vibes in Jamaica. He was born in Mavis Bank, Jamaica on November 12, 1928. His interest in music started at the early age of 2 when he devised a little drum from an empty pan. Later at the age of six the local Salvation Army allowed him to play on their drums. At the age of eight years he went to Alpha Boy's School and after some time joined the school band where he was placed on his 'old love', the drums. <a href=""https://www.last.fm/music/Lennie+Hibbert"">Read more on Last.fm</a>"
panteon rococo,107693,2340132,biografia no encontrada
Salon Victoria,32367,451760,biografia no encontrada
Glen Adams,26224,112553,"Glen Adams (b. Glenroy Phillip Adams, 1950) is a Jamaican musician, composer, arranger, engineer, producer, based since the mid-1970s in Brooklyn, New York.

Adams' first break in the music business came as a teenager when he appeared as a singer on Radio Jamaica's Opportunity Knocks show hosted by Vere Johns, and he began performing in Kingston and St. Andrews at weekends. He made his first record, ""Wonderthirst"", in 1960 for Coxsone Dodd at Federal Recording Studio, the title of the song becoming his nickname. <a href=""https://www.last.fm/music/Glen+Adams"">Read more on Last.fm</a>"
Mikey Dread,112801,848485,"Michael Campbell (1954-2008), better known as Mikey Dread, was a multi-talented Jamaican singer, producer, and broadcaster. During his long career, he brought dub music to the cultural fore in not only Jamaica but internationally, courageously fused dub with punk via work with The Clash, spread a global message of racial unity, and played a seminal role as a forefather of the now popular and very commercial dancehall and even reggaeton styles with popular dub cuts like Roots and Culture.  <a href=""https://www.last.fm/music/Mikey+Dread"">Read more on Last.fm</a>"
Sergent Garcia,168276,1174774,"Sergent Garcia is the group formed around the French singer Bruno Garcia, a former guitarist of punk band Ludwig Von 88.

Sergent Garcia mixes reggae, salsa, raggamuffin, rock and other trends in a new style he defines as the salsamuffin.

In 2011, he released his sixth studio album, Una y otra vez (Cumbancha / The Gwagwita), recorded in France, Spain, Cuba and Colombia.

Together with Colectivo Iye Ife, Sergent Garcia started a world tour that began in Paris in March 2011 and made appearances in through Europe <a href=""https://www.last.fm/music/Sergent+Garcia"">Read more on Last.fm</a>"
Johnny Nash,488423,2673061,"John Lester Nash Jr. (born 19 August 1940; died 6 October 2020) was an American pop singer best known for his 1972 hit I Can See Clearly Now.

Born in Houston, Texas, Nash began as a pop singer in the 1950s. He became famous for singing the theme song for The Mighty Hercules cartoon in the early 1960s (which song he also wrote). His biggest hits were the early reggae tunes Hold Me Tight, I Can See Clearly Now, and Stir It Up, written by Bob Marley prior to Marley's international success. <a href=""https://www.last.fm/music/Johnny+Nash"">Read more on Last.fm</a>"
The Soul Syndicate,13419,56233,biografia no encontrada
Capleton,379377,3398540,"King Shango, King David, The Fireman and The Prophet.

A wise man once said that a prophet is not without honour save in his own country and so it has been with Capleton. While the veteran DJ's words and works long ago earned him the title of ""The Prophet"", the respect and honor that should rightfully be his have been a long time coming. ""Anytime you try to uplift righteousness and upliftment of the people them, then you ah go get a fight"", says the hottest entertainer in the worldwide reggae fraternity. <a href=""https://www.last.fm/music/Capleton"">Read more on Last.fm</a>"
Notch,76721,493495,"There are 3 artists named Notch. 

1) NOTCH is a Reggae/Dancehall/ Reggaeton artist who released the album The Feeling, featuring the single ""I Wanna Kool You"". http://www.rockfort.com/

2) Notch were an electronic band from Gothenburg (formed in 1994/95), Sweden with Johannes Hedberg, Daniel Ringström, Mikael Lindqvist of bands such as Carbon Based Lifeforms, DigiDroids and Thermostatic.

3.Notch (UK) is an alternative/synthpop/experimental artist <a href=""https://www.last.fm/music/Notch"">Read more on Last.fm</a>"
La Pulquería,13376,244828,"Valencia, Spain
(2000 - present)

See http://www.lapulqueria.info/default.html
http://www.myspace.com/pulqueria

La Pulquería is a rock/ska/punk band from Valencia, Spain.
Band members:  Huracán Romántica (vocal), Jordi and Pancho (guitar), Miguel Ángel (bass) and Andrés (drums). Released their first album ""Corridos de Amor"" in 2004. And second album ""C'mon fandango"" 2007. Also live cd and dvd in 2008 “Hey, ho, Chingón!”. <a href=""https://www.last.fm/music/+noredirect/La+Pulquer%C3%ADa"">Read more on Last.fm</a>"
La Tremenda Korte,11841,177663,"La Tremenda Korte, homologo del popular programa de la radio Cubana con su clasico personaje Tres Patines, es uno de los grupos mas solidos y duraderos que salieron del movimiento Ska chilango de los años 90. Con el tiempo han madurado como musicos...a tal grado que la exclusiva disquera ""Opcion"" les produjo este album y tambien han participado en importantes festivales culturales come el Afrocaribeno Veracruz 2001. Aun pretenden mantener la enigma de ser banda del underground. <a href=""https://www.last.fm/music/La+Tremenda+Korte"">Read more on Last.fm</a>"
Skalariak,84958,1463806,"Skalariak is a band from the Basque Country founded in 1994 by Juantxo Skalari and Peio Skalari. As indicated in the name, Skalariak plays Ska. In most of their songs they play solid Ska, sometimes with influences from Reggae, Punk or Latin music. Skalariak also spreads a political message against globalization and capitalism in their songs. Their lyrics are in Spanish and Basque. <a href=""https://www.last.fm/music/Skalariak"">Read more on Last.fm</a>"
Lyricson,38563,365251,"Lyricson  (real name Soulemane Boukara) is a singer of Reggae New roots and Dancehall of Guinean origin  residing in France.

Lyricson was born in Guinea, his mother was nurse in Liberia during the civil war. He would have been incarcerated for adulterates of narcotic throughout one 6 month.

He took part, in 2001, with the round "" Touch espoir"" with the group of rap French Assassin, like with the world tour of Manu Chao within the group baptized for the occasion "" Radio Bemba Sound System "" under the name of Bidji. <a href=""https://www.last.fm/music/Lyricson"">Read more on Last.fm</a>"
Jahsta,12038,112186,"a reggae band of Zaragoza <a href=""https://www.last.fm/music/Jahsta"">Read more on Last.fm</a>"
The Expendables,352154,4566108,"An award-winning, California-grown, surf culture band that's established itself as a vital part of the Santa Cruz, CA music scene.

Expendables' distinctive live performances and unique brand of music. Described as an electric mix of genre-bending rock, reggae and surf. It has begun to charm audiences far and wide. Rapidly approaching status as a full-time touring act, the band is a rising star on the West Coast. To date, The Expendables have performed <a href=""https://www.last.fm/music/The+Expendables"">Read more on Last.fm</a>"
BOM BALANÇO,335,1534,biografia no encontrada
The Aggrolites,133169,3001062,"The Aggrolites are a reggae band from Los Angeles, California. The Aggrolites are an amalgamation of two previous Los Angeles reggae and ska bands, the Vessels and the Rhythm Doctors, and were originally formed in 2002 as an in-concert backing band for reggae icon Derrick Morgan. The band were asked to record music for a new album for Morgan, and though the actual project was never released, the recording sessions inspired the Aggrolites to become a permanent band. <a href=""https://www.last.fm/music/The+Aggrolites"">Read more on Last.fm</a>"
Symarip,117370,1019158,"Symarip, formerly the Pyramids and Seven Letters, were a ska and reggae band from the United Kingdom, originating towards the end of the 1960s and into the early 1970s. Such hits included ""Skinhead Moonstomp"", ""Skinhead Girl"", and ""Skinhead Jamboree."" Consisting of members of West-Indian descent, Symarip is widely marked as the first skinhead band, being the first band to target skinheads as an audience. Symarip / The Pyramids / Seven Letters released ""best of album"" in 2004 with a new single 'Back from the moon'. <a href=""https://www.last.fm/music/Symarip"">Read more on Last.fm</a>"
The Mighty Mighty Bosstones,736950,13167756,"The Mighty Mighty Bosstones were a ska punk band from Boston, Massachusetts, United States (Bosstones is a play on Boston). Their last lineup was Dicky Barrett (vocals), Joe Gittleman (bass), Lawrence Katz (guitar), Ben Carr (dancer, ""Bosstone""), Joe Sirois (drums), Timothy ""Johnny Vegas"" Burton (saxophone), Kevin Leaner (saxophone) and Chris Rhodes (trombone)

Formed in 1985, The Mighty Mighty Bosstones started playing in Boston clubs in the mid-1980s. <a href=""https://www.last.fm/music/The+Mighty+Mighty+Bosstones"">Read more on Last.fm</a>"
Goldfinger,1156269,23306852,"1) Goldfinger are a ska punk band formed in 1993 and named after the James Bond film. They were founded in California by John Feldmann on vocals and guitar, Simon Williams on bass,  ""Dangerous"" Darrin Pfeiffer on drums, and Charlie Paulson on guitar. 

Before they were signed to a major label, they released an EP titled Richter. Many of the songs on Richter are demo versions of songs on their full length debut, Goldfinger, which was released in 1996. <a href=""https://www.last.fm/music/Goldfinger"">Read more on Last.fm</a>"
Sugar Daddy,20520,81477,"Sugar Daddy (1): Ragga/Soca Singer from Missouri, Texas. (2) British Funk/Rock band from St. Albans, Hertfordshire, England.

1) Ragga/Soca singer on Sony Records.

2)Funk/Rock band from St. Albans, Hertfordshire, England. Formed in 2005, Sugar Daddy released a self-titled E.P. in 2006 and have recently released a mini-album entitled ""This Ain't No Party: This Ain't No Disco"". They are a mixture of genres with influences ranging from Parliament Funkadelic to Steely Dan. <a href=""https://www.last.fm/music/Sugar+Daddy"">Read more on Last.fm</a>"
Skatalà,4470,46090,"SKA / OI! band born in Barcelona in 1985. Create a dirty sound (ska-oi!) linked to the punk and letters that are to be vehicles poignant and ironic. The name is a word crossed: SKA, OI! & CATALAN. By 1987 they recorded demo here, converted into 1991 album by Sock It Records label in Semaphore. Still other records, but the first musical album (Bumblebee, Bumblebee) does not arrive until 1993. After two more musical album (a new one in 1995, and In Concert, 1998), the group disbanded, but in 2005 returned to act together. <a href=""https://www.last.fm/music/+noredirect/Skatal%C3%A0"">Read more on Last.fm</a>"
Lucky Dube,72731,1068623,"Lucky Dube, ⋆ 3 Aug 1964 in Eastern Transvaal, South Africa; ₫ 18 Oct 2007 in Rosettenville, Johannesburg Gauteng (murdered), was South Africa's top reggae artist. He started with local popular music as mbaqanga. He switched to reggae in 1983. He was by then Rastafarian. He played roots reggae, but also love songs like 'I've Got You Babe'. His compilation album Serious Reggae Business 1996 entitled him ""Best Selling African Recording Artist"" at World Music Awards and ""International Artist of the Year"" at the Ghana Music Awards. <a href=""https://www.last.fm/music/Lucky+Dube"">Read more on Last.fm</a>"
Maskavo,132068,1300492,"Maskavo is a brazilian reggae band formed in 2000. The group is a union of other three reggae band: Maskavo Roots, Leões de Judah and Os The Everaldos. BAND MEMBERS: Marceleza - vocals,
Bruno Prieto - bass and vocals, Prata - guitar, Naná - drums <a href=""https://www.last.fm/music/Maskavo"">Read more on Last.fm</a>"
Joyce Bond,6628,21956,biografia no encontrada
Johnny Osbourne,242725,1669510,"Johnny Osbourne (born Errol Osbourne, 1948) is a popular Jamaican reggae and dancehall singer from Kingston, Jamaica, who rose to success in the late 1970s and mid 1980s. His album Truths and Rights was a notable roots reggae success, and featured ""Jah Promise"" and the album's title track, ""Truths and Rights"". However, he is probably best known for his mid 1980s dancehall reggae hits ""Buddy Bye"" (based on King Jammy's Sleng Teng riddim), ""Ice Cream Love"" and ""Water Pumping"". <a href=""https://www.last.fm/music/Johnny+Osbourne"">Read more on Last.fm</a>"
Beres Hammond,169553,1583959,"Beresford Hammond (b.August 28,1955 Annotto Bay,St.Mary, Jamaica) has only really risen to become popular in the 'digital' age of Reggae, although his career stretches back to the 1970's. Considered by many to be one of Jamaica's finest contemporary vocalists, his best work has generally been captured on the 'Penthouse' and 'Xterminator' labels as well as his own 'Harmony House' imprint. The singer with his distictive 'Bourbon on the rocks' vocal style remains active today both recording and producing. <a href=""https://www.last.fm/music/Beres+Hammond"">Read more on Last.fm</a>"
Reel Big Fish,973908,33393105,"Reel Big Fish (""RBF"") is a ska punk band from Huntington Beach, California, United States who broke into the mainstream in the mid to late 1990s, formed in 1992. 

Their debut album, ""Everything Sucks"" (1995), was an underground hit and led to a deal with Mojo Records (see also Mojo), an indie label. ""Turn the Radio Off"" (1996) established the band in the underground music scene, and they began touring throughout the USA. After the single ""Sell Out"" began breaking into the mainstream, including MTV, the album made an appearance on the charts. <a href=""https://www.last.fm/music/Reel+Big+Fish"">Read more on Last.fm</a>"
Ivete Sangalo,458821,15109264,"Ivete Maria Dias de Sangalo (born May 27, 1972 in Juazeiro, Bahia) is a Latin Grammy Award-winning Brazilian singer, songwriter, television show host and occasional actress. She is currently one of the most popular and best-selling Brazilian female singers, with six albums released with Banda Eva, and eight studio albums in her solo career, with a total of over 12 million albums sold worldwide. Sangalo is most often recognized by her powerful voice, charisma and live performances. <a href=""https://www.last.fm/music/Ivete+Sangalo"">Read more on Last.fm</a>"
Misty In Roots,60115,561819,"Roots reggae band formed 1975 in Southall, London, as a backing group to the singer Nicky Thomas. By 1978 Misty In Roots had their own orthodox roots sound with rastafarian lyrics, and started touring as a solo group. They were also a major force in the Rock Against Racism movement. Their first album Live at the Counter Eurovision 79 was recorded live in Belgium. Known songs are 'Ghetto Of The City', 'Mankind', 'Judas Iskariot', 'Follow Fashion', 'Poor And Needy'. 'Dance Hall Babylon', 'Own Them Control Them'.  'Festa'. <a href=""https://www.last.fm/music/Misty+In+Roots"">Read more on Last.fm</a>"
Salida Nula,3209,57676,biografia no encontrada
Salmonella Dub,90803,1552185,"Salmonella Dub began in New Zealand in the summer ending 1992 when Andrew, Dave and Mark applied reggae rhythms and bowel stirring basstones to a handful of bad taste covers. Salmonella Dub's first show was a mixture of covers from Fred Dagg to Nancy and Lee plus some original material in the Westport Racetrack tearooms with EST on January 13th 1993.

Over the course of 1993 the band with the aid of Ice Mac and his soundsystem worked the Dux de Lux and Steel Magnolia bars with percussionists Marcus Puentener and Craig Allen. <a href=""https://www.last.fm/music/Salmonella+Dub"">Read more on Last.fm</a>"
311,1617812,38834155,"311 was formed in 1990 in Omaha, Nebraska, by singer/guitarist Nick Hexum, singer S.A. Martinez, guitarist Tim Mahoney, drummer Chad Sexton and bassist P-Nut. The band now resides in Los Angeles, California.
 
311 mix rock, rap, reggae and funk into their own unique sound. After years of consistent touring, 311 have developed a reputation as one of the hardest working, most influential and most entertaining live bands in the U.S.
 
311 have released ten studio albums <a href=""https://www.last.fm/music/311"">Read more on Last.fm</a>"
Peter Tosh,833534,9883903,"Winston Hubert McIntosh, OM (19 October  1944 – 11 September 1987), professionally known as Peter Tosh, was a Jamaican reggae musician. Along with Bob Marley and Bunny Wailer, he was one of the core members of the band the Wailers (1963–1976), after which he established himself as a successful solo artist and a promoter of Rastafari. He was murdered in 1987 during a home invasion.

Early music and with the Wailers
Tosh was born in Westmoreland, the westernmost parish of Jamaica. <a href=""https://www.last.fm/music/Peter+Tosh"">Read more on Last.fm</a>"
Ska Cubano,76724,742007,"Fronted by the irrepressible Natty Bo, Ska Cubano mix Cuban and Jamaican music with style and verve!! The band were formed in 2001 and are based in London, UK.

www.skacubano.com <a href=""https://www.last.fm/music/Ska+Cubano"">Read more on Last.fm</a>"
10cc,1488699,17295756,"10cc is an English art rock and pop band. Initially comprised of four musicians - Graham Gouldman, Eric Stewart, Kevin Godley and Lol Creme - who had written and recorded together for some three years, before assuming the ""10cc"" name in 1972 - two strong song-writing teams, injected sharp wit to lyrically-dextrous songs. 
Stewart and Gouldman were straight pop-song-writers, who created the band’s most accessible songs; Godley and Creme were the experimental half of 10cc, featuring an Art School sensibility and cinematic writing. <a href=""https://www.last.fm/music/10cc"">Read more on Last.fm</a>"
Sade,3124611,115698922,"Sade (pronounced shah-day) is an English band formed in London in 1982, named after their lead singer, Sade Adu. Their music features elements of soul, quiet storm, smooth jazz and sophisti-pop. All of their albums, including compilations and a live album, have charted in the US Top Ten.

Three of their members were originally from Hull in the East Riding of Yorkshire. Sade was formed in 1982, when members of Latin soul band Pride — Sade Adu, (real name Helen Folasade Adu - born 16 January 1959 in Ibadan <a href=""https://www.last.fm/music/Sade"">Read more on Last.fm</a>"
Quique Neira,27164,213167,"Quique Neira is a Chilean reggae roots singer. <a href=""https://www.last.fm/music/Quique+Neira"">Read more on Last.fm</a>"
Cornell Campbell,171115,1056583,"Cornell, or Cornel, Campbell started recording in 1956, cutting shuffle and early ska tunes like ""My Treasure"" and ""Don't Want Your Loving"" at the ubiquitous Studio One for Coxsone Dodd. His singing style is delicate and ephemeral, making heavy use of falsetto. His stint at Studio One produced some beautiful tunes like Stars, Queen Of The Minstrels, Magic Spell, Trick In The Book and many others. His sister, Cecille Campbell, also sang at Studio One and was a member of the Soulettes with Rita Marley. <a href=""https://www.last.fm/music/Cornell+Campbell"">Read more on Last.fm</a>"
Banda Eva,188893,2987653,"The EVA (or group known as Banda EVA) is a band of Bahian axé music that has had great success during the 1990s, under the voice of Ivete Sangalo.  After Sangalo left for a solo career, lead vocals were taken by Emanuelle Araújo, then Saulo Fernandes, and most recently Felipe Pezzoni. 

Banda EVA emerged from a carnaval troupe.  At the end of the 1970s, a group of friends, members of the Marist College community of Salvador, met every week-end to chat and sing. <a href=""https://www.last.fm/music/Banda+Eva"">Read more on Last.fm</a>"
The Black Seeds,164344,2709287,"The Black Seeds is a band from Wellington, New Zealand, formed in 1998. They blend dub, reggae and funk sounds to an unique funksteady-soulsteady reggae. They perform with 8-10 members for vocals, guitar, sax, trumpet, bass, drums, bongos, keyboard, woodblock... Their debut studio album Keep on Pushing was released 2001 and the latest, Dust and Dirt, 2012. Their 'One By One' became an international hit after played in top ranked TV Series Breaking Bad. <a href=""https://www.last.fm/music/The+Black+Seeds"">Read more on Last.fm</a>"
Sugar Minott,213997,1487182,"Sugar Minott (born Lincoln Barrington Minott, May 25, 1956 in Kingston, died Saturday July 10, 2010 in Kingston) was a Jamaican reggae singer, producer and sound-system operator known for his sweet roots dancehall style.

Sugar Minott spent his youth hanging around the legendary ""Studio 1"" listening to the artists that recorded there, such as Alton Ellis, Ken Boothe, The Heptones, Dennis Brown and others.

Sugar began his career with the formation of the African Brothers <a href=""https://www.last.fm/music/Sugar+Minott"">Read more on Last.fm</a>"
High Tone,133023,2547637,"High Tone was formed in the year 1997 in the city of Lyon, France. The idea and leitmotiv of the musicians were to mix the traditional dub music with their others musical influences such as drum'n'bass, hip-hop or Oriental music. They also mixed up the instruments: using turntables and samples as well as the more traditional guitar, drums and bass-guitar.

After a few self produced vinyl EPs -Bot Bud Seasons (1997) and Low Tone (1998)- High Tone signed at the label Jarring Effects. <a href=""https://www.last.fm/music/High+Tone"">Read more on Last.fm</a>"
Los Fabulosos Cadillacs,524033,11130256,"Los Fabulosos Cadillacs from Buenos Aires, Argentina play ska, rocksteady, reggae, rock, jazz, salsa, folk, rap, big band. Formed 1985, their first album, Bares y Fondas  came 1986. 1998 they got a Grammy for Best Latin Rock/Alternative Album. They also won the MTV Latino Video Music Award in 1994 for the single 'El Matador' – which was on the soundtracks for the movies Savages, Grosse Pointe Blank and The Matador. Singer Gabriel Fernandez Capello (known as Vicentico) and bassist Flavio Cianciarulo are core members and songwriters. <a href=""https://www.last.fm/music/Los+Fabulosos+Cadillacs"">Read more on Last.fm</a>"
Gecko Turner,63406,329291,"Gecko Turner (Fernando Echave) was born and raised in the San Roque district of Badajoz, Spain, a town about halfway between Madrid and Lisbon, Portugal. As a teenager, he fell in love with The Beatles, Bob Dylan, and The Rolling Stones. The Stones led him back to Elmore James, Leadbelly, Muddy Waters, Jimmy Reed and other blues greats. He picked up his guitar in his teens and eventually formed a cover band that played an eclectic mix of American and British pop. <a href=""https://www.last.fm/music/Gecko+Turner"">Read more on Last.fm</a>"
Burning Spear,532551,6143196,"Winston Rodney (born March 1, 1945), also known as Burning Spear, is a Jamaican roots reggae singer and musician. Like many famous Jamaican reggae artists, Burning Spear is known for his Rastafari movement messages.
Rodney was born in Saint Ann's Bay, St. Ann, Jamaica, as were Bob Marley and Marcus Garvey; who both had a great influence on Rodney's life. Garvey in his philosophy, which Burning Spear greatly took to, and Marley in directly helping Burning Spear get started in the music industry. <a href=""https://www.last.fm/music/Burning+Spear"">Read more on Last.fm</a>"
Justin Hinds,37332,174676,"Justin Hinds (May 7, 1942 - March 16, 2005) is best known as a Jamaican ska vocalist, with his backing singers the Dominoes. He is best known for his work with Duke Reid's Treasure Isle Records, where his most notable song, ""Carry Go Bring Come"" recorded in late 1963, went to number one in Jamaica. He recorded seventy singles between 1964 and 1966, and was the most popular artist on the record label.
Hinds died of lung cancer in March, 2005, at the age of 62. <a href=""https://www.last.fm/music/Justin+Hinds"">Read more on Last.fm</a>"
The Wailers,675147,5662337,"There are or have been - at least - two bands named The Wailers: 

- The legendary Jamaican reggae band (founded as a ska group 1963, and became a Rastafarian reggae band in 1968), renamed Bob Marley & The Wailers in 1974, which are still active led by bassist Aston Barrett after Marley's death in 1981.  

- The Fabulous Wailers, a rock and roll and garage band from the USA, active 1958-1969, first led by John Greek, replaced in 1960 by Rockin' Robin Roberts. <a href=""https://www.last.fm/music/The+Wailers"">Read more on Last.fm</a>"
Cultura Profética,149502,3418492,"Cultura Profética is a Puerto Rican reggae roots band. Formed in 1996, they stand out as one of the most influential bands in Latin America, touring extensively throughout the biggest venues on the continent. With nine, independently released albums, the band is composed of 12 musicians that achieve a musical fusion of traditional roots reggae mixed with harmonies of salsa, jazz, electronica, trip hop, ska, and afro-caribbean rhythms, among others. <a href=""https://www.last.fm/music/+noredirect/Cultura+Prof%C3%A9tica"">Read more on Last.fm</a>"
Dandy,50674,219507,"For the Jamaican artist see Dandy Livingstone and correct your ID3/tags.

There are multiple artists with this name:

1) Hip Hop artist from Mykolaiv, Ukraine signed on 8 BIT.

2) House music DJ from São Paulo, Brazil signed on Fire Beats Records.

3) Atlanta, GA-based rapper affiliated with http://www.last.fm/label/Mannyo. Stylized as DANDY, DANDY creates heavy, pounding club rap mixing everything together from southern trap to sailor moon transformations. <a href=""https://www.last.fm/music/Dandy"">Read more on Last.fm</a>"
Nasio,6071,40041,"From the rugged green mountains of Dominica a passionate manifestation of Rastafari comes forward in reggae. His name is Nasio Fontaine and his music has the power to flow into your consciousness and lift your energy. His voice has an unmistakable resonance and his lyrics speak to all Jah children.

Nasio was the youngest of seven children born to a Carib Indian mother and father of African descent, in the village of Carte-Bois, Dominica. The family lived in a one room wooden country house without running water or electricity. <a href=""https://www.last.fm/music/+noredirect/Nasio"">Read more on Last.fm</a>"
Antidoping,13433,221703,"ANTIDOPING es más que una simple prueba para detectar sustancias tóxicas en el organismo es una inyección vital de ruido positivo que nace al mundo musical en el verano de 1992 En medio de una sobredosis urbana de una ciudad tan grande y monstruosa como lo es la ciudad de México; desde entonces, ANTIDOPING continúa con el firme propósito de aprender, fomentar, y difundir una manera inquieta y libre de vivir por medio de la música reggae.

ANTIDOPING combina algunos elementos <a href=""https://www.last.fm/music/Antidoping"">Read more on Last.fm</a>"
Toots & The Maytals,509871,7691871,"Originally called simply The Maytals, are considered legends of ska and reggae music. They are from Kingston, Jamaica. Their sound is a unique, original combination of gospel, ska, soul, reggae and rock. Frederick ""Toots"" Hibbert, the leader of the group, was born in May Pen in the Parish of Clarendon, Jamaica. He was the youngest of seven children. He grew up singing gospel music in a church choir, but moved to Kingston in 1961 at the age of sixteen. <a href=""https://www.last.fm/music/+noredirect/Toots+&+The+Maytals"">Read more on Last.fm</a>"
Norma Fraser,17743,83458,"Norma Fraser, St. Andrew, Jamaica, Western Indies. Fraser’s preliminary documenting was a duet with Lord Inventor documented in 1961. The debut launch from the program, ‘We IS GOING TO BE Lovers’/‘Arrive On Fairly Baby’, topped the Jamaican graph and maintained a substantial profile over summer and winter. In 1963, the music was released in the united kingdom through Island Information where it demonstrated a hit one of the Western Indian community. <a href=""https://www.last.fm/music/Norma+Fraser"">Read more on Last.fm</a>"
The Limp Twins,136178,997503,"The Limp Twins are Will Holland (a.k.a quantic) and Russell Porter, who created their album tales from beyond the groove (TRUCD057, 2003) in their bedrooms (according to the cd cover). The record is a funky offering somewhere in between the sound of Will Holland's other projects, quantic and the quantic soul orchestra, but is definately more laid back. 

For more information on this project, check out quantic's website: about The Limp Twins. <a href=""https://www.last.fm/music/The+Limp+Twins"">Read more on Last.fm</a>"
Braga Boys,88178,266422,biografia no encontrada
Shaggy,2059525,19950434,"Shaggy is the name of, at least, two artists.
1, Shaggy (born October 22, 1969, in Kingston, Jamaica as Orville Richard Burrell), is a Jamaican reggae artist who takes his nickname from his shaggy hair. He is especially notable for his distinctive sub-baritone voice.

His family immigrated to the United States and they settled in the neighborhood of Flatbush, Brooklyn, located in New York City, New York, USA.

In 1988, he joined the United States Marine Corps and served during Operation Desert Storm during the Persian Gulf War. <a href=""https://www.last.fm/music/Shaggy"">Read more on Last.fm</a>"
Dirtsman,12480,47121,"Dancehall/ Reggae/ Ragga 

From: Jamaica

Dirtsman (born: Patrick Thomas),in 1967. Only twenty-seven when he died on December 21st 1993, Dirtsman was on the cusp of attaining international success, having recently signed a recording contract with BMG. 

The son of the owner of the Black Universal Sound System, Dirtsman was the brother of deejay Papa San. Although he launched his career with his father's company, he later switched to the Willowdene-based Creation Rock Tower System.  <a href=""https://www.last.fm/music/Dirtsman"">Read more on Last.fm</a>"
Discípulos de Otilia,1523,30585,biografia no encontrada
Ike Bennett & The Crystalites,10656,31268,biografia no encontrada
Dancing Mood,31388,563679,"Dancing Mood was formed in Buenos Aires, Argentina in march 2000, it was a project from the trumpetist Hugo Lobo, who played with many Argentina's major bands like Todos tus Muertos , Attaque 77 , Los Cafres , Mimi Maura  and took part in other local bands like Satelite Kingston, Riddim, Nuevas Raíces, 2 Minutos, Correcaminos, Azul, Turf, Nonpalidece, Un Kuartito, Viejas Locas, etc. More than twenty in total.
Dancing Mood is a musicians' orchest leaded by seven blow instruments <a href=""https://www.last.fm/music/Dancing+Mood"">Read more on Last.fm</a>"
Kana,59230,868390,"KANA is the name of five artists : 

a) KANA (香奈) is Japanese model and singer who uses a unique mixture of high pitched screaming along with a childish regular singing voice. Web site: http://www.ref.co.jp/kana/

b) The group Kana from Mauritius that has recorded four albums.  The musical style includes reggae, french melodies and cuban influences.

c)  KaNa, a producer and DJ from Yokohama Japan.  From a child KaNa has strongly impressed by Classical music, and started to make music by using the piano. <a href=""https://www.last.fm/music/Kana"">Read more on Last.fm</a>"
Third World,244007,1685736,"Third World is a Jamaican reggae group consisting of William 'Bunny Rugs' Clark (vocals), Steven 'Cat' Coore (guitar, cello, harmonica, vocals), Richard 'Richie' Daley (bass, vocals), Herbert Harris (Keyboard), and Tony Williams (drummer).

They were formed in 1973 and are still releasing records today.  Their lineup has changed over the years, as has their musical style, although it has not strayed too far from the ""roots reggae"" style that they are generally categorized as. <a href=""https://www.last.fm/music/Third+World"">Read more on Last.fm</a>"
Greyhound,41176,258498,"There are at least five artists called Greyhound.  
1) A Reggae band that had hits in the late 60's and early 70's on the Trojan Record Label.  Hits included Black and White, Sky High, I Am What I Am, Dream Lover and more. 
Greyhound was originally formed by Danny Smith and Freddie Notes & The Rudies in the late 1960s and released tracks under a variety of names, including the Rudies, the Tilermen and Des All Stars, before settling on the Greyhound name. <a href=""https://www.last.fm/music/Greyhound"">Read more on Last.fm</a>"
Slim Smith,69119,393746,"Slim Smith was born Keith Smith in Kingston, Jamaica, in 1948. 

His recording career began in a group called The Techniques that recorded for Duke Reid amongst others. When the original Techniques disbanded in 1965 he formed The Uniques.

From 1969 he concentrated on his solo career, recording sides for Coxone Dodd's Studio One, ten of which were compiled for the album Born To Love. He then began a successful working relationship with Bunny Lee, scoring a hit with 'Everybody Needs Love'. <a href=""https://www.last.fm/music/Slim+Smith"">Read more on Last.fm</a>"
Luciano,403068,17127394,"There is more than one artist with this name:

1) Luciano  (real name Patrick Großmann; born January 28, 1994 in Bautzen) is a German rapper from Berlin.

The son of a Mozambican father and a German mother, Luciano grew up mostly in the Schöneberg district of Berlin. He is a member of the rap crew Loco Squad Gang.

In 2020, Luciano was one of the first high-reach German-language rappers to release music in the internationally successful UK Drill style. <a href=""https://www.last.fm/music/Luciano"">Read more on Last.fm</a>"
Monsieur Lezard,574,3258,biografia no encontrada
Hepcat,102423,1388784,"Hepcat are a third wave ska band formed in southern California in 1989.

Their soulful harmonies and mellow rhythms were unlike those of contemporaries and more akin to musicians from the heyday of 1960s Jamaican ska, also referred to as the first wave.

Hepcat's debut album, ""Out of Nowhere"" was released in 1994 on New York-based ska label Moon Records. Two years later, they followed it up with ""Scientific"" on BYO Records. In 1998, after signing with Epitaph Records subsidiary HellCat Records <a href=""https://www.last.fm/music/Hepcat"">Read more on Last.fm</a>"
Junior Byles,161679,935077,"Junior Byles (born Kenneth Byles Jr. in a poor part of Kingston on 2 February 1948; died 15 May 2025) was a Jamaican reggae artist remembered for his song 'Fade Away', with its strong spiritual warnings about materialism and egoism. Recorded in 1975 for producer Joseph Hoo Kim, it was a massive hit in Jamaica and was also a big success in the UK, and was covered five years later by among others Adrian Sherwood's New Age Steppers group and by Salmonella Dub NZ, made a special version of it. <a href=""https://www.last.fm/music/Junior+Byles"">Read more on Last.fm</a>"
Sizzla,486079,6180199,"Sizzla Kalonji (real name Miguel Orlando Collins) is a Jamaican reggae musician. He was born on 17 April 1976, in St Mary, Jamaica, of devout Rastafari parents and raised in August Town. He is unusually prolific, even by Jamaican standards.  Sizzla has worked with such artists as Mobb Deep.

Sizzla, along with reggae recording artists such as Capleton, Buju Banton, and Anthony B, are credited with leading a movement toward a re-embracement of Rastafarian <a href=""https://www.last.fm/music/Sizzla"">Read more on Last.fm</a>"
Mallacán,480,8891,"Mallacán is an Aragonese rock band that sings in Aragonese language. Formed in 1992, their first recording was a 1995 Demo-tape titled ""Entalto a reboluzión!"" (Up the revolution!) and since them they have released 3 albums: ""Luen d'o paradiso"" (Far from paradise) in 1999, ""Chera chera!"" (Bonfire bonfire! an expression used in Aragonese Pyrenees to stoke fire up) in 2002 and ""País zierzo"" (Refers to Aragón) in 2005

Mallacán's music is a fusion of Rock, Folk, Ska and Reggae <a href=""https://www.last.fm/music/+noredirect/Mallac%C3%A1n"">Read more on Last.fm</a>"
Shabba Ranks,222847,1223959,"Shabba Ranks (born Rexton Rawlston Fernando Gordon on 17 January 1966, in Sturgetown, St Ann's, Jamaica) is known as one of the most popular dancehall artists ever. Ranks gained his fame mainly by practicing dee jaying rather than singing tunes similarly to his contemporaries.

Starting out on the King Jammys Superpower sound system in Jamaica, Shabba quickly emerged on the Jamaican and international stages in the late 1980's with a number of fellow artists. <a href=""https://www.last.fm/music/Shabba+Ranks"">Read more on Last.fm</a>"
Banda Bassotti,47064,1063965,"Punk and Ska band from Italy. Their songs are generally rational in nature, focusing on socialism, internationalism and atheism issues. its music can to remind The Clash, Angelic Upstarts, Red London, Hard Skin, The Selecter or Madness.

Banda Bassotti was formed in 1988, by a group of politically active musicians who began to sympathize with the Nicaraguan, Salvadorean, Palestinian, and Basque people fights. This group of friends supports the Frente Sandinista de Liberacion Nacional with solidarity initiatives by creating some work brigades. <a href=""https://www.last.fm/music/Banda+Bassotti"">Read more on Last.fm</a>"
Tanya Stephens,162152,1474390,"Tanya Stephens (July 2, 1973) born Kingston, Jamaica, is a one of the most influential female Jamaican reggae artists that emerged in the late 1990s. Stephens is most known for her hit ""Yuh Nuh Ready fi Dis Yet."" The single was later featured on the Reggae Gold 1997 compilation album. <a href=""https://www.last.fm/music/Tanya+Stephens"">Read more on Last.fm</a>"
Daniela Mercury,183181,3271406,"Daniela Mercuri de Almeida Verçosa (born July 28, 1965 in Salvador, Bahia, Brazil), best known as Daniela Mercury, is a Brazilian axé, samba-reggae and MPB singer, songwriter, dancer, actress, entrepeneur, producer, poet, philanthropist and activist for LGBTQ+ rights. For her pioneering of the axé genre, she is also known as the ""Queen of Axé.""

Since her breakthrough, Mercury has become one of the best known Brazilian female singers, selling over 20 million albums worldwide. <a href=""https://www.last.fm/music/Daniela+Mercury"">Read more on Last.fm</a>"
Junior Kelly,223580,1668963,"Junior Kelly (born Keith Morgan 23 September 1969 in Jamaica) is a reggae singer known for his strong commitment to the faith of the Rastafari movement and its Bobo Shanti mansion. This was a message of the hit song 'Rasta Should Be Deeper'. His 2001 song 'If Love So Nice' (...tell me why it hurts so bad) took a detour through Europe along its route to the top of the Jamaican charts, a position which it securely held for 15 weeks. Junior Kelly started to record in the mid 90s, and his first albums Rise and Juvenile was released in 2000. <a href=""https://www.last.fm/music/Junior+Kelly"">Read more on Last.fm</a>"
Dandy Livingstone,165624,930866,"Dandy Livingstone (Robert Livingstone Thompson, Kingston, Jamaica, 14 December 1943) is a Jamaican reggae musician and producer

He is best known for his 1972 hit, ""Suzanne Beware of the Devil"", and for his song, ""Rudy, A Message to You"", which was later a hit for The Specials. ""Suzanne Beware of the Devil"", reached number 14 on the UK Singles Chart.

At the age of 15, Livingstone moved to the United Kingdom. Livingstone's first record was released <a href=""https://www.last.fm/music/Dandy+Livingstone"">Read more on Last.fm</a>"
Los Cafres,201940,3976266,"Los Cafres is an Argentine reggae band, formed in late 1987. The group achieved popular recognition in the mid-1990s, with the release of their first album, Frecuencia Cafre. The term «cafre» comes from the Arabic adjective ""kafir"", which in the first instance means ""unfaithful"" and which later changed its meaning towards ""brutal to the highest degree""; meaning of the term with which the band chooses to identify itself. <a href=""https://www.last.fm/music/Los+Cafres"">Read more on Last.fm</a>"
Cañaman,5399,52285,"Cañaman is one of Spain's most recognised Reggae bands with twelve years of experience at its back. More info - http://www.canaman.com <a href=""https://www.last.fm/music/+noredirect/Ca%C3%B1aman"">Read more on Last.fm</a>"
The Gaylads,76404,530850,"The Gaylads were a popular rocksteady vocal trio active in Jamaica between 1963 and 1973. The group, formed in Kingston, originally consisted of singers Harris ""B.B."" Seaton, Winston Delano Stewart and Maurice Roberts; Seaton and Stewart had previously been successful as the duo Winston & Bibby. There would be several line-up changes throughout The Gaylads' ten year history, with Maurice Roberts remaining the only constant member. Besides recording several hit records <a href=""https://www.last.fm/music/The+Gaylads"">Read more on Last.fm</a>"
Kanka,54029,1034965,"Influenced by UK and Jamaican dub, Kanka's sound is steppa
WARRIOR STYLE!
His compositions are based on a strong bass & drums section. Though the reggae riddim often be heard, it sounds of today: tempos are particulary high for this kind of music, and the heavy bass line combines with a dynamic drum style and electro soundz. His first album ""Don't stop dub"" was released on Hammerbass Records in March 2005. Acclaimed by all the actors of the international dub scene and played by respected sound systems <a href=""https://www.last.fm/music/Kanka"">Read more on Last.fm</a>"
Macka B,96329,746695,"Macka B is a British-born reggae artist, performer and activist with a career spanning almost 30 years in the United Kingdom and Jamaica. He is also a practicing Rastafarian.

On leaving school, Macka B became a technical apprentice for Ever Ready GB Ltd, made redundant three years later due to the factory closure. In 1980 completed an engineering inspection course. Macka B has always been interested in music. At school, he played the violin, and also joined the school choir. <a href=""https://www.last.fm/music/Macka+B"">Read more on Last.fm</a>"
Joe Dukie & DJ Fitchie,19330,69863,"These two talents are the alter egos of Wellingtons DJ MU (DJ Fitchie) and vocalist Dallas Tamaira (Joe Dukie), both also members of Kiwi group Fat Freddys drop. <a href=""https://www.last.fm/music/Joe+Dukie+&+DJ+Fitchie"">Read more on Last.fm</a>"
Tapper Zukie,35118,248308,"One of Jamaica's most talented artists, Tapper Zukie has had an equal impact on both sides of the recording deck, as both a hitmaking toaster and as a producer who has worked with the cream of Jamaica's vocalists. In addition, his early ties to the punk community in both London and New York was instrumental in the crossover of roots reggae into the mainstream. Born David Sinclair, Tapper (also spelled Tappa) was a diminutive of a nickname his grandmother gave him, while Zukie was derived from the gang he ran with as a child, the Zukies. <a href=""https://www.last.fm/music/Tapper+Zukie"">Read more on Last.fm</a>"
Michael Palmer,21113,95633,"This lastfm page has tracks by two different artists, both with the name Michael Palmer

1, Michael Palmer a London based film & television composer/artist
2, Michael Palmer, a Jamaican dancehall / reggare artist of the 1980's ( see below)

A household name in the early and mid 80's dancehall / reggae era (also known as Palmer Dog in his early years). Palmer's rich, honey-coated voice covers a lot of ground, from crisp, digitized Dancehall riddims to the smooth, laid-back Lovers Rock. <a href=""https://www.last.fm/music/Michael+Palmer"">Read more on Last.fm</a>"
Brother Culture,39928,350895,"Started MCing in 1982 for Jah Revelation Muzik sound system, toured in USA, Jamaica and Canada through out the 80s. In 1991 started to MC at London's Dub Club. Over the years has visited over 25 counties on the MC tip, at the moment is busy recording and can be found on Dubhead, M Records, Roots Garden, System Error, Flex, Dragonfly and LSD Records. He has made big ground working with Manasseh over the past five years.

At the moment he is touring with Zion Train, Adrian Sherwood and J*Star.  <a href=""https://www.last.fm/music/Brother+Culture"">Read more on Last.fm</a>"
Adriana Lua,2032,8260,biografia no encontrada
Freddie McKay,29068,142440,"Freddie McKay (sometimes Freddy McKay) (1947 – 19 November 1986) was a Jamaican rocksteady and reggae singer.

McKay, born in Saint Catherine Parish, Jamaica, is regarded as one of the most soulful singers to come out of Jamaica. McKay first recorded for producer Prince Buster in 1967, his first hit coming the same year with ""Love Is A Treasure"", recorded for Duke Reid's Treasure Isle set-up. McKay then enjoyed a fruitful spell with Coxsone Dodd <a href=""https://www.last.fm/music/Freddie+McKay"">Read more on Last.fm</a>"
Ken Boothe,252350,1910091,"Ken Boothe's (born 1948 in Kingston, Jamaica) is known as ""Mr Rocksteady"" for his prominence during the musical period 1966-1974 and was a major idol for the to-be members of UB40. Boothe  started by recording a version of Sandie Shaw's ""Puppet on a String"" in 1967. Later the same year, Boothe and Alton Ellis had a successful U.K. tour with the group The Soul Vendors.  Under new direction from record producer Lloyd Chalmers, the song ""Everything I Own"" surprisingly was Number One in the UK in 1974. <a href=""https://www.last.fm/music/Ken+Boothe"">Read more on Last.fm</a>"
Dennis Brown,503375,4540920,"Dennis Emanuel Brown (February 1, 1957–July 1, 1999) was a Jamaican reggae singer. He recorded more than 75 albums and was one of the pioneers of lovers rock. Bob Marley dubbed him the ""Crown Prince of Reggae"".

Brown's first recording was ""Lips of Wine"" recorded for Derrick Harriott (The Musical Chariot), but this was not released initially. He then recorded for Coxsone Dodd at Studio One, and Dodd released Brown's first single, ""No Man is an Island"". <a href=""https://www.last.fm/music/Dennis+Brown"">Read more on Last.fm</a>"
Banda Beijo,46728,259155,"Banda Beijo foi uma banda brasileira de axé music. Teve sua origem no Bloco Beijo e foi formada em 1988, tendo em seu auge como vocalista o cantor Netinho, que também fazia parte do bloco, e logo após sua saída da banda, a cantora Gilmelândia.

Apesar de ser uma banda de Axé Music, não restringe seu repertório a tal estilo. Incluindo desde Tim Maia até The Police, saiu de seu reduto original, o carnaval baiano, e teve seu sucesso expandido por todo o Brasil. <a href=""https://www.last.fm/music/Banda+Beijo"">Read more on Last.fm</a>"
Dobby Dobson,22120,78480,"Legendary singer Dobby Dobson, born Highland Ralph Dobson, began singing in the early 1950s. Though his career started in his native home, Jamaica he is now renowned worldwide. He has appeared all over the Caribbean, South, Central and North Americas, Canada and The United Kingdom. This talented performer has become famous for his stirring performances that always leave the audience begging for more and make the ladies scream with delight. Dobby’s talents knows no boundaries <a href=""https://www.last.fm/music/Dobby+Dobson"">Read more on Last.fm</a>"
Gentleman,648401,16025466,"Gentleman (⋆ as Tilmann Otto 1975 in Osnabrück, Germany) is a reggae musican. Gentleman resides in Cologne, but sometimes names Jamaica as his home away from home. He became hooked on his brother’s reggae records and thus wanted to get to know Jamaica first-hand. He has been traveling to Jamaica regularly since he was 16, and the island has become a second home for him. Gentleman is also regarded as a popular reggae artist in Jamaica as well, which he regards as an honor, being a European. <a href=""https://www.last.fm/music/Gentleman"">Read more on Last.fm</a>"
Busta Rhymes,2104489,26432745,"Trevor George Smith Jr. (born May 20, 1972 in Brooklyn, New York), better known by his stage name Busta Rhymes, is an American rapper and actor signed to Universal Motown. He began his rap career in the group Leaders of the New School, and had his breakout moment when they featured on A Tribe Called Quest's hit, Scenario. Busta then released his debut album, The Coming, in 1996. He has since released 1997's When Disaster Strikes, 1998's E.L.E. (Extinction Level Event): The Final World Front <a href=""https://www.last.fm/music/Busta+Rhymes"">Read more on Last.fm</a>"
"Lee ""Scratch"" Perry",389503,4532402,"Lee ""Scratch"" Perry (born Rainford Hugh Perry, on 20th March 1936, in Kendal, Jamaica; died 29 August 2021, in Jamaica) was one of the most influential people in the development of reggae and dub music in Jamaica.

Perry began his career in the late 1950s working with Clement Coxsone Dodd's sound system. He eventually performed a variety of important tasks at Studio One as well as recording about thirty songs, but the pair eventually stopped working together due to personality and financial conflicts. <a href=""https://www.last.fm/music/Lee+%22Scratch%22+Perry"">Read more on Last.fm</a>"
Thievery Corporation,1859059,62782817,"Thievery Corporation is a Washington, D.C.-based recording artist and DJ duo consisting of Rob Garza and Eric Hilton and their supporting artists. Their music style mixes elements of dub, acid jazz, Indian classical and Brazilian (such as bossa nova) with a lounge aesthetic.

Thievery Corporation is on the Eighteenth Street Lounge record label named after the DC club owned by Eric Hilton, but several of their singles and EP's appear on the 4AD and !K7 labels. <a href=""https://www.last.fm/music/Thievery+Corporation"">Read more on Last.fm</a>"
Harry Belafonte,875452,6842314,"Harry Belafonte (born Harold George Bellanfanti Jr. in Harlem, NYC, on 1 March 1927; died 25 April 2023) was an American singer, activist, and actor. As arguably the most successful Caribbean-American pop star, he popularized Jamaican mento folk songs which was marketed as Trinbagonian Calypso musical style with an international audience in the 1950s. His breakthrough album Calypso, released in 1956, was the first million-selling LP by a single artist.  <a href=""https://www.last.fm/music/Harry+Belafonte"">Read more on Last.fm</a>"
Fly My Pretties,43147,528549,"Fly My Pretties is a collaboration of musicians from Wellington, New Zealand that only record their albums live in various locations in New Zealand. The different musical backgrounds of the members makes for an eclectic mix of songs on their releases. 

Founded in 2004, Fly My Pretties was the brainchild of Barnaby Weir (Vocals/Guitar), frontman of The Black Seeds who recruited fellow musicians Adi Dick (Guitar/Vocals), Age Pryor (Guitar/Vocals), Brendan Moran (Drums) <a href=""https://www.last.fm/music/Fly+My+Pretties"">Read more on Last.fm</a>"
Easy Star All-Stars,408630,7678407,"The Easy Star All-Stars are a collective family of some of the finest reggae musicians in the New York area. The band features a rotating cast drawn from a talented pool of players, meaning that every show has its own nuances and its own life. The masterminds behind the All-Stars are Easy Star musical director Michael Goldwasser (a.k.a. Michael G), frequent production partner Victor Axelrod (a.k.a. Ticklah), and Easy Star execs Eric Smith and Lem Oppenheimer. <a href=""https://www.last.fm/music/Easy+Star+All-Stars"">Read more on Last.fm</a>"
The Skatalites,370813,5272636,"The Skatalites are a Jamaican music group that played a major role in popularising ska, the first truly Jamaican music created by fusing boogie-woogie blues, rhythm and blues, jazz, mento, calypso, and African rhythms. They recorded many of their best known songs, including Guns of Navarone, in the period between 1964 and 1965, as well as played on records by Prince Buster and many other Jamaican artists.

The founding members of the group were Tommy McCook <a href=""https://www.last.fm/music/The+Skatalites"">Read more on Last.fm</a>"
Bushman,80225,559586,"There are two artists called Bushman:

1. Bushman is the alias of Swedish singer Franz Merwald.
He released in 1995 the successful hit titled “No 1 Else”, written by Cesar Zamini and Robert Ulhman.
In 1996 Franz released the hit “Jump Up” featuring Claudia Unda and Donna Rae . 

2. Bushman is also Dwight Duncan, who is a reggae artist.
He was born in the lush picturesque hill top village of Spring Garden, St. Thomas, Jamaica. He was raised as a Rasta since the tender age of two. <a href=""https://www.last.fm/music/Bushman"">Read more on Last.fm</a>"
Le Peuple de l'Herbe,148090,2396610,"A group from Lyon, France, formed in 1997. The band mixes hip hop with drum & bass, rock, dub, jungle, jazz and trip hop.
They are famous for their hypnotizing live acts. 

After 2 albums ""triple 000+"" and ""P.H. Test Two"" ( 100 000 copies together), Le Peuple de l'Herbe came back in early 2005 with their much awaited third album ""Cube"".  This is their first work featuring British rapper JC001 as full band member, after prior collaborations as MC and with his former band UK Apache. <a href=""https://www.last.fm/music/Le+Peuple+de+l%27Herbe"">Read more on Last.fm</a>"
Culture,339500,3022353,"There are at least two artists that have used this name:
1. A roots reggae band from Jamaica
2. A straight edge metalcore band from Florida, US

1. Culture was a Jamaican roots reggae group founded in 1976. Originally they were known as the African Disciples.

The members of the trio were Joseph Hill (lead vocals), Albert Walker (backing vocals) and Kenneth Dayes (backing vocals).

Shortly after Culture came together, they began working with the ""Mighty Two"" – producer Joe Gibbs and engineer Errol Thompson. <a href=""https://www.last.fm/music/Culture"">Read more on Last.fm</a>"
El Roockie,23171,206993,"Iván Bladimir Banista, better known as El Roockie or The Roockie (english) is a Panamanian reggae recording artist, currently signed to Luny Tunes' Mas Flow Inc. He is widely praised for his powerful and delivering lyrics, earning him the nickname King of Lyrics and Maquina de Lirica.

Banista came from the humble origins of Chorrillo y San Miguel, Panama. He begins in the world of reggae 1996 recording for the CD ""Reggae Overload"" although previously recorded for the CD ""Reggae Nonviolence"" a CD somewhat unknown if not ""witch. <a href=""https://www.last.fm/music/El+Roockie"">Read more on Last.fm</a>"
Joe Dukie,18751,86920,"Joe Dukie (b. Dallas Tamaira) is a vocalist and visual artist most notable for being the lead singer in the New Zealand Dub/Reggae group Fat Freddy's Drop, a group which he co-founded with DJ Fitchie.  His debut solo EP, Better Than Change, was produced by Mu (DJ Fitchie) under the name Dallas in 2001. 

Following that effort, the two collaborated on the groundbreaking EP Midnight Marauders where they donned the monikers Joe Dukie & DJ Fitchie. The <a href=""https://www.last.fm/music/Joe+Dukie"">Read more on Last.fm</a>"
Cordel Burrell,518,1327,biografia no encontrada
Damian Marley,1134352,16183178,"Damian Robert Nesta ""Jr. Gong"" Marley (born July 21, 1978 in Kingston, Jamaica) is a reggae artist who has won three Grammy awards. Damian Marley is the youngest son of reggae legend Bob Marley.

Damian was two years old when his father Bob died; he is the only child born to Marley and Cindy Breakspeare, Miss World 1976. Damian's nickname Junior Gong is derived from his father's nickname of Tuff Gong. Damian has been performing since the age of 13 and released his first album in 1996, at the age of 18. <a href=""https://www.last.fm/music/Damian+Marley"">Read more on Last.fm</a>"
Ardijah,7270,68834,"Ryan Monga (a.k.a Captain Fonk) grew up in the deep south of Auckland (The Big-O, Otara) New Zealand, with a melting pot of Pacific peoples, and was exposed to a rich blend of both traditional Cook Island/Tahitian music and the sounds of international funk bands.

Meanwhile, Betty-Anne's musical influences consisted of great Jazz/Blues singers Sarah Vaughan, Ella Fitzgerald and Australia's Renee Geyer.

Ardijahs' first album 'Take A Chance' was released <a href=""https://www.last.fm/music/Ardijah"">Read more on Last.fm</a>"
The Untouchables,72881,348445,"There is more than one artist with this name:

1) The Untouchables a reggae vocal duo from Jamaica, featuring Jimmy London (born Trevor Shaw) and Billy Dyce (born Ransford White). They also recorded as The Inspirations. Their song 'Tighten Up' (from either The Inspirations on the Upsetter label in Jamaica or The Untouchables on the Trojan release in London) gave the name to a series of albums on Trojan that were pivotal in promoting and crossing over Jamaican music in the UK.  <a href=""https://www.last.fm/music/The+Untouchables"">Read more on Last.fm</a>"
Los Pericos,238738,3624809,"In 1986 a group of friends who used to get together to play music, became LOS PERICOS, the first REGGAE Rock band in Argentina. 

Their first record, “LOS PERICOS” released in 1988 was the best selling album of the year, obtaining Triple Platinum Award for its 180 thousand units sold.

One year later, they recorded KING KONG, produced by Herbert Vianna (OS PARALAMAS DO SUCESSO). Immediately after, they launched Maxi ANFITREU, a vinyl disc that impacted because of its unique style. <a href=""https://www.last.fm/music/Los+Pericos"">Read more on Last.fm</a>"
Bob Marley & The Wailers,3346131,120414389,"Bob Marley and the Wailers (previously known as The Wailers, and prior to that The Wailing Rudeboys, The Wailing Wailers and The Teenagers) were a Jamaican ska, rocksteady and reggae band. The founding members, in 1963, were Bob Marley (Robert Nesta Marley), Peter Tosh (Hubert Winston McIntosh), and Bunny Wailer (Neville Livingston).

During 1970 and 1971, Wailer, Marley and Tosh worked with renowned reggae producers Leslie Kong and Lee ""Scratch"" Perry. <a href=""https://www.last.fm/music/Bob+Marley+&+The+Wailers"">Read more on Last.fm</a>"
Begoña Bang-Matu,1041,9931," Begoña Bang-Matu [/ artist] is known for her work in a lot of groups, especially with  Malarians [/ artist], but also with  Potato [/ artist],  Skalariak [ / artist],  Ramiccia [/ artist],  Arpioni [/ artist],  Fermin Muguruza [/ artist],  Las Damas [/ artist] or even the Jamaican Laurel Aitken [/ artist], but his solo career has always enjoyed splendid health with his more jazzy side and his admiration for those singers of the 40s such as  Sarah Vaughn [/ artist] or  Byllie Holliday [/ artist] . <a href=""https://www.last.fm/music/Bego%C3%B1a+Bang-Matu"">Read more on Last.fm</a>"
La Mosca,74783,453742,"Si bien la formación actual del grupo se consolida en marzo de 1995, la historia de la banda se remonta a comienzos de los noventa con ""La Reggae & Roll Band"", quienes hacían covers y algunos temas propios en la zona de Ramallo. Simultáneamente existían otras bandas entre las que se destacaba ""Damas gratis"" liderada por Guillermo Novellis.
Tras la disolución de ""Damas gratis"", Fernando Castro, que era el baterista y uno de los fundadores (de La Reggae)  <a href=""https://www.last.fm/music/+noredirect/La+Mosca"">Read more on Last.fm</a>"
Cypress Hill,2230695,52963499,"Cypress Hill is an American hip-hop group from South Gate, California. Cypress Hill was the first latino group to have platinum and multi-platinum albums and one of the first rap groups to gain a following with fans of hard rock and metal. The band was originally called DVX, but the name was changed after Mellow Man Ace left in 1988.

Their first album, which was self-titled, was released in August 1991. Its single was ""Phuncky Feel One"", but it was <a href=""https://www.last.fm/music/Cypress+Hill"">Read more on Last.fm</a>"
Tanto Metro & Devonte,61673,325944,"Tanto Metro and Devonte, a major pioneering force of the dancehall movement, have been creating hits for almost a decade now. In the late '90s, they were able to pave the way for many reggae artists. They tapped into the international mainstream markets during a time when it was unheard of for a Jamaican artist to reach the charts outside of their home country. Tanto and Devonte's instant chemistry and talent led them beyond Jamaica and into the U. <a href=""https://www.last.fm/music/Tanto+Metro+&+Devonte"">Read more on Last.fm</a>"
Chulito Camacho,8758,88197,"osué Luque Chulito Camacho es uno de los máximos exponentes del creciente movimiento dancehall reggae de nuestro país. A su prolífica labor como compositor y productor de ritmos se le suma su conocida originalidad como letrista y dj , que es el nombre que reciben los cantantes de este tipo reggae de la pista de baile que se emparenta con un estilo cercano al rap por la rapidez de sus ritmos y la temática urbana de sus líricas.

Todo lo que podemos <a href=""https://www.last.fm/music/Chulito+Camacho"">Read more on Last.fm</a>"
Nina Sky,381636,1879957,"Natalie and Nicole Albino (born in New York City) are identical twin sisters who sing under the name ""Nina Sky"". They are half-Puerto Rican and half-Dominican.

Their parents moved from Puerto Rico and were divorced when the girls were very young. The twins' mother remarried with a DJ, who also happened to be Puerto Rican. They grew up in the Queens and Roosevelt Island sections of New York.

Since their stepfather worked as a DJ, the twins were influenced by different types of music. <a href=""https://www.last.fm/music/Nina+Sky"">Read more on Last.fm</a>"
Vibronics,66862,754019,"It was the joint discovery of the Aba-Shanti-I Sound System and digitally sequenced music which first inspired Steve Vibronics to try his hand at building dub tunes. A minimal studio was put together at home during 1995 using the most basic of equipment - a dilapidated 16 track mixer, reverb and echo units, a couple of synths and a an Atari computer - all mixed down onto cassette tape. 

The Vibronics sound was introduced to UK dub pioneers Zion Train in 1996 <a href=""https://www.last.fm/music/Vibronics"">Read more on Last.fm</a>"
Hawkeye,22035,83046,"There are several bands with the name (Hawkeye), including a Jamaican Dancehall artist and a number of Rock and Folk artists.

1: Hawkeye (Jamaican Dancehall Artist)
""Arrest Mi Officer"" provided the launching pad that his career needed. That was back in the mid 1990's when he was with the Main Street label. But after the label's head honcho, Danny Browne switched from secular music to producing gospel, he teamed up with Byron Murray of In the Streets Records. <a href=""https://www.last.fm/music/Hawkeye"">Read more on Last.fm</a>"
Rita Marley,81470,363252,"Alpharita Constantia Marley Anderson, better known as Rita Marley (born July 25, 1946 in Santiago de Cuba) is a Jamaican singer. She is the widow of legendary Reggae musician Bob Marley, and a member of the trio the I Threes, Bob Marley's back up singers.

She grew up in Jamaica, and was singing with a trio named The Soulettes in the mid sixties recording for Studio One when she met Bob Marley. She married him in 1966, and then became a singer in his backing vocals group, the I Threes. <a href=""https://www.last.fm/music/Rita+Marley"">Read more on Last.fm</a>"
La Kinky Beat,68140,464890,"La Kinky Beat mixes reggae, drum'n'bass, rock, ska, punk, samba etc in its music. The band comes from Barcelona and uses not only Spanish but also Catalan, English and French in the lyrics'. Website: http://www.lakinkybeat.com <a href=""https://www.last.fm/music/La+Kinky+Beat"">Read more on Last.fm</a>"
The Suicide Machines,360142,7106856,"The Suicide Machines are an American ska punk band formed in Detroit, Michigan in 1991 under the name Jack Kevorkian and the Suicide Machines. The band's original lineup consisted of Jason Navarro on vocals, Dan Lukacinsky on guitar, Jason Brake on bass, and Stefan Rairigh on drums. This lineup lasted a year until Bill Jennings replaced Rairigh, but he was himself soon replaced by Derek Grant. They recorded the band's first demos The Essential Kevorkian and Green World in 1993 and 1994 <a href=""https://www.last.fm/music/The+Suicide+Machines"">Read more on Last.fm</a>"
Natiruts,491731,16296445,"Natiruts are a popular reggae band formed in Brasília, Brazil in 1996. Alexandre Carlo invited his soccer friends from Brasilia city in order to begin a new band in Brazil's capital. They are Luis Mauricio (bass) and Bruno Dourado (percussion). Later, the group 'enlisted' some new members: Izabella Rocha (backing vocals) and Kiko Peres (solo electric guitar). The first album (Nativus) was released in 1997.

On the following albums (Verbalize - 2001 and Quatro - 2002) Tonho Gebara participated (solo electric guitar). <a href=""https://www.last.fm/music/Natiruts"">Read more on Last.fm</a>"
Jimmy Cliff,928347,8382051,"Jimmy Cliff OM (Jamaican Order of Merit) born as James Chambers (1 April 1948, St. Catherine, Jamaica) is a Jamaican reggae musician. He is best known among mainstream audiences for songs like ""Sittin' in Limbo"", ""You Can Get It If You Really Want,"" ""Many Rivers to Cross"" and the title track from The Harder They Come, a film soundtrack which helped popularise reggae across the world.

Cliff moved to Kingston in 1962. After he released two singles that failed to make much of an impression <a href=""https://www.last.fm/music/Jimmy+Cliff"">Read more on Last.fm</a>"
Less Than Jake,858178,33797093,"Less Than Jake is a ska punk band formed in 1992 in Gainesville, USA. Their current line-up consists of Chris DeMakes (vocals, guitar), Roger Lima (vocals, bass), Matt Yonker (drums), Buddy Schaub (trombone) and Peter ""JR"" Wasilewski (saxophone).

The band's name derives from a dog Vinnie had while growing up, which was treated better than the rest of the family. It's also a reference to the phrase ""everything is jake,"" which is an old phrase meaning everything is cool. <a href=""https://www.last.fm/music/Less+Than+Jake"">Read more on Last.fm</a>"
Pepper,510287,8475855,"New self-titled Pepper album drops Fall 2013!! 

Facebook www.facebook.com/pepperlive; Twitter www.twitter.com/pepperlive; Instagram www.instagram.com/pepperlive

Kaleo Wassman – Vocals/Guitar
Bret Bollinger – Vocals/Bass
Yesod Williams – Drums

“It’s the hardest thing we’ve ever done as a band to make this record,” says guitarist/vocalist Kaleo Wassman of Pepper, in speaking on the recording process of their new self-titled album. “It <a href=""https://www.last.fm/music/Pepper"">Read more on Last.fm</a>"
Slightly Stoopid,836134,18584841,"While it’s a rare commodity for a band to tour as consistently as Slightly Stoopid, the group’s diligent commitment to live music provides some insight into their loyal fan base and unique creative metamorphosis throughout their extensive existence. Though it's been a couple of years since the release of their last studio album, Top Of The World (August 14, 2012), the Ocean Beach, California-based group—led by co-founders and multi-instrumentalists <a href=""https://www.last.fm/music/Slightly+Stoopid"">Read more on Last.fm</a>"
Jackie Mittoo,177638,1865432,"Jackie Mittoo (Donat Roy Mittoo, Browns Town, Saint Ann Parish, Jamaica, 3 March 1948 — Toronto, Ontario, Canada, 16 December 1990) was a Jamaican organ, piano and keyboard player, songwriter and musical director. 

Keyboard virtuoso Jackie Mittoo was among the true legends of reggae -- a founding member of the Skatalites and an extraordinarily prolific songwriter, he was perhaps most influential as a mentor to countless younger performers, primarily through his work as the musical director at the famed Studio One. <a href=""https://www.last.fm/music/Jackie+Mittoo"">Read more on Last.fm</a>"
