artista,oyentes,reproducciones,bio_resumen,pais
Oscar G & Ralph Falcon,5757,24033,biografia no encontrada,
Enigma,1378807,51184245,"There is more than one artist with the name Enigma:

1)  Enigma is a German electronic musical project founded by Michael Cretu (Romanian musician), David Fairstein and Frank Peterson in 1990. Cretu, who based his recording studio A.R.T. Studios in Ibiza, Spain in the early 1990s is both the composer and the producer of the project. His former wife Sandra often provided vocals on Enigma tracks. Jens Gad co-produced and played guitar on three of the Enigma albums.  <a href=""https://www.last.fm/music/Enigma"">Read more on Last.fm</a>",Germany
Jan Wayne,185108,1274461,"Jan Wayne (German pronunciation: [ˌjan ˈvɛɪn] (born Jan Christiansen, January 1974, Husum, Schleswig-Holstein) is a German electronic dance music DJ and producer.

Discography
Albums
2002 - Back Again
2003 - Gonna Move Ya

Singles
2001 - ""Total Eclipse of the Heart"" - UK #28 (in 2003)
2002 - ""Because the Night"" - UK #14
2002 - ""Only You"" (Cover of Yazoo's song)
2002 - ""More Than a Feeling""
2003 - ""Love Is a Soldier""
2003 - ""1,2,3 (Keep the Spirit Alive)"" <a href=""https://www.last.fm/music/Jan+Wayne"">Read more on Last.fm</a>",Germany
TM Juke,292266,2736136,"TM Juke, real name Al Cowan, aka Artist Formerly Known As Al Stylus and The Man Juke, is a producer from Brighton, UK, signed to Tru Thoughts. Merging his training in classical and jazz guitar with digitised sampling and first class guest vocalists, TM Juke's music draws on funk, soul, hip-hop and jazz influences.

TM Juke produced Alice Russell's second solo album, My favourite Letters.
He has also released two solo albums on Tru Thoughts: Maps From the Wilderness and in 2006 Forward a more dancefloor based affair. <a href=""https://www.last.fm/music/TM+Juke"">Read more on Last.fm</a>",
Aya,164581,1761488,"There are multiple artists that have recorded under the name Aya.

1. Aya (full name: Aya Sinclair) is a British electronic artist who until late 2019 recorded as Loft. She runs the label called YCO alongside BFTT. 

2. Aya is the stage name of Lysa Aya Trenier who released the album Strange Flower in 2004.

3. AYA is a British minimal pop sister duo produced by Andrew Barlow of Lamb. They released five singles in 2017 and 2018, one of which was Heal Me Now. <a href=""https://www.last.fm/music/Aya"">Read more on Last.fm</a>",United Kingdom
Ian Brown,600348,10613854,"Ian Brown (born February 20th 1963 in Warrington, England) was the lead singer in former British band The Stone Roses and following their split in 1996 has gone on to have a successful solo career releasing a total of six studio albums, with one greatest hits compilation, and remixes disc. He is considered to be an influential artist with followers such as Oasis, The Verve, Blur, Kasabian, Arctic Monkeys and many more. He has had twelve UK top 40 singles and has sold over 9 million albums as a solo artist. <a href=""https://www.last.fm/music/Ian+Brown"">Read more on Last.fm</a>",United Kingdom
Labelle,265715,1175389,"LaBelle is an American R&B/soul group from Philadelphia, Pennsylvania, USA, who successfully melded dance music with funk and glam rock. Mostly active in the 60s and 70s disband but reformed in 2005. Their most recognised song is ""Lady Marmalade"". The group was led by Patti LaBelle, who later had a successful solo career. Nona Hendryx, Sarah Dash and Cindy Birdsong rounded out the group, with Hendryx especially notable as a prolific songwriter.

In 1961 <a href=""https://www.last.fm/music/Labelle"">Read more on Last.fm</a>",United States
DJ Krush,683620,15231978,"DJ Krush (Hideaki Ishi) was born in 1962 in Tokyo. Gifted producer & DJ with a superb sense in mixing and composing his sound who's been greatly received in the international club scene. At an early age, Ishii dropped out of school, and joined a local gang, and a few years later, Yakuza. It was the movie ""Wild Style"" that got him into hip hop in the early 80's, and in 1987, he formed Krush Posse which made numerous appearances in various media as the best hip hop act in Japan. <a href=""https://www.last.fm/music/DJ+Krush"">Read more on Last.fm</a>",
Gas,246741,6982349,"Several artists have released recordings under the name of Gas: two electronic music composers, Wolfgang Voigt and Mat Jarvis, furthermore a Japanese hardcore band, a rock band from Germany, and lastly an industrial band from Sweden.

1) GAS is the project of Wolfgang Voigt of Kompakt Records, Cologne, who created hypnotic, bass-driven ambient/minimal techno on the German label Mille Plateaux.  Says Voigt of his music:  '(This is) music without beginning and without end <a href=""https://www.last.fm/music/Gas"">Read more on Last.fm</a>",Germany
Povo,71248,667504,"Povo (meaning ""people"" in Portuguese) is a Danish jazz duo consisting of Anders Andreasen and Lars Vissing. Anders and Lars bring together the best of both worlds with Anders' experience as a club promoter and DJ and Lars' musical talent. Both are jazz afficionados with unique ear for extraordinary music. Their debut album ""We Are Povo"" features their successful take on the classic ""Uam Uam"". The follow-up album ""The Yellow of the Sun in You"", featuring for example legendary Andy Bey <a href=""https://www.last.fm/music/Povo"">Read more on Last.fm</a>",
Bonobo,2036857,110488731,"
Simon Green, known by his stage name Bonobo, is a British musician, producer and DJ based in Los Angeles.

Bonobo's first album - 2000's Animal Magic - was released via Tru Thoughts before being picked up by Ninja Tune. It announced him as a serious talent; able to bring a musician's edge to electronic music, with all the freedom that skill allowed. His subsequent albums for Ninja, Dial 'M' for Monkey and Days to Come, developed his sensibility, won him fans across the globe <a href=""https://www.last.fm/music/Bonobo"">Read more on Last.fm</a>",United Kingdom
Nine Inch Nails,3477786,305442806,"Nine Inch Nails, commonly abbreviated as NIN (stylized as NIИ), is an American industrial rock band formed in 1988 in Cleveland, Ohio. Singer, songwriter, multi-instrumentalist, and producer Trent Reznor was the only permanent member of the band until the official addition of English musician Atticus Ross in 2016. 

Reznor chose the name ""Nine Inch Nails"" because it ""abbreviated easily"" rather than for ""any literal meaning"". Other rumored explanations have circulated <a href=""https://www.last.fm/music/Nine+Inch+Nails"">Read more on Last.fm</a>",United States
Gabry Ponte,440133,5751697,"Gabriele Ponte (or Gabry Ponte) (b. April 20th, 1973) is an Italian DJ best known for his membership in the Italian dance group Eiffel 65. Ponte has been involved with the Bliss Team, DJ Gundam, and Sangwara. With Eiffel 65's rise to fame in the late 1990's, his celebrity (or semi-celebrity) status was established, and he later went on to produce the Italian hits ""Geordie"" (A cover of Fabrizio de André`s song by the same name) and ""La Danza delle Streghe"". <a href=""https://www.last.fm/music/Gabry+Ponte"">Read more on Last.fm</a>",Italy
Nicola Conte,439657,5345431,"Nicola Conte is a DJ and producer from Bari, Italy known for introducing an innovative style of acid jazz that incorporates bossa nova themes, melodies drawn from Italian film scores of the 1960's, easy listening themes, and ethnic Indian music.

Conte, a classically-trained musician, is mastermind of a collective of acid jazz revivalists, ""The Fez collective"" (and originally a member of the group Fez Combo), based in the Italian town of Bari, and the Schema label, their record label for promoting their distinctly Italian approach to acid jazz. <a href=""https://www.last.fm/music/Nicola+Conte"">Read more on Last.fm</a>",India
m.o.v.e,70568,2138789,"m.o.v.e (formerly known as move) was a 3-member Japanese musical group. The group consists of yuri (益田祐里, Masuda Yuri, vocalist), motsu (瀬川素公, Segawa Mototaka, rapper) and t-kimura (木村貴志, Kimura Takashi, producer).

In 1996, after the break up of t-kimura's previous project Favorite Blue, he formed the band move and, by 1997, they released their first single ROCK IT DOWN. They however truly achieved fame when their followup single, around the world, was used as the opening theme for the anime Initial D (頭文字D). <a href=""https://www.last.fm/music/m.o.v.e"">Read more on Last.fm</a>",Japan
Saint Privat,151373,2273270,"Saint Privat is a project begun by Austrian electronic musician Klaus Waldeck (best known as Waldeck), in 2004. Waldeck combined his sounds with the voice of lead singer Valérie Sajdik (aka Valerie), who was born near Vienna, then grew-up in Moscow and France, speaking German, French, English and Russian. The name of the project stems from the commune of Saint-Privat, in southern France, where Valérie lives.

saint privat ist ein Wiener Band-Projekt des DJs und Produzenten Klaus Waldeck. <a href=""https://www.last.fm/music/Saint+Privat"">Read more on Last.fm</a>",Austria
Etro Anime,127220,1448329,"Etro Anime is an electronic band from New York City formed in 1998. Musical genres used by the band include drum and bass, deep house, trip hop, and breakbeat. The name ""Etro Anime"" means ""to be infinite in spirit.""

The band currently is a collective featuring Anais Alonso on vocals.   Led by producer Ted Birkey, the two collaborated with writer/producers Jeff Baldwin, Dave Fisher, John Kanselaar, Keith Schweitzer, Joe Tagliareni, and Malik Worthy to release Etro Anime's second full-length album, ""Spreading Silence. <a href=""https://www.last.fm/music/Etro+Anime"">Read more on Last.fm</a>",
Ann Lee,185838,917026,"Ann Lee was born on 12-11-1972 in Sheffield, England. She went to Italy a few years ago. There, in a discotheque, she started to sing to share a laugh with some friends. She was spotted by a talent scout who invited her to an audition where they were looking for session singers and vocalists.

She passed the audition with flying colours and began doing session work. She also decided that great food and sunshine were a good reason to stay in Italy. <a href=""https://www.last.fm/music/Ann+Lee"">Read more on Last.fm</a>",
Soel,40479,266870,"The way trumpeter Pascal Ohsé sees it, R&B, soul, and jazz are ""the closest thing we have to a universal musical language."" The longtime St. Germain associate also believes it is a language that needs an update once in a while, something his Soel project set out to do from the start. Touring with the jazz and electronica-blending St. Germain meant Ohsé had access to St. Germain leader Ludovic Navarre's enormous collection of vintage vinyl. Digging dusty grooves during the day and playing contemporary <a href=""https://www.last.fm/music/Soel"">Read more on Last.fm</a>",
Blockhead,698760,16055816,"There are multiple artists artists using the name Blockhead

1) A trip-hop artist from New York City
2) A Swiss darkwave band
3) A Japanese punk band
4) A hardcore punk band from Washington, DC
5) A hardcore punk band from Vancouver, BC, Canada with members of Koszmar / SNØB 

1) Blockhead grew up in downtown New York City. The son of an artist, early on he found his passion was for music. A fan of a whole range of sounds, especially hip-hop, Blockhead steadily built a tremendous collection of tapes and later CDs from innumerable artists. <a href=""https://www.last.fm/music/Blockhead"">Read more on Last.fm</a>",Japan
Ochre,196867,3392669,"Ochre is the work of Christopher Leary, originally from England, currently based in Den Haag, Netherlands. He has been writing intricate electronic music since 2001, and has released on Toytronic, Benbecula Records, Village Green, Tramworks, Shipwrec, Lapsus, and Mystic and Quantum, in addition to his own Aura Materia imprint.

Stylistically, his music is often highly melodic, described by the NME as being “full of shimmering electronics, crunchy <a href=""https://www.last.fm/music/Ochre"">Read more on Last.fm</a>",
Calibre,232011,4219190,"Dominick Martin aka Calibre is the 1st exclusively Irish Drum and Bass artist.

Classically trained in violin, he dropped this for drums and began playing in various bands, before finding early Detroit techno and house. His inspiration around that time is said to wander around the likes of Kenny Larkin, Carl Craig, Juan Atkins, the Orb.

His brother introduced Calibre to drum and bass and jungle, which at first he couldn’t follow the pattern as he felt it was too relentless and 'beaty' <a href=""https://www.last.fm/music/Calibre"">Read more on Last.fm</a>",Ireland
TOM & JOY,12592,59320,biografia no encontrada,
Günther,146459,1249609,"There are at least three very different artists that go by the name Günther. One is a highly-sexualized Swedish pop singer (pictured left), the second is a symphonic rock trio from Calgary whose ""Rock digs deep into an abyss of tonal expanses and constructs an impenetrable wall of resonance and covetous frequencies"" and finally Gunther from Lebanon who's an Electronic music DJ. The beginning of this article focuses on the former, and for more on the latter visit http://guntherrock.ca. <a href=""https://www.last.fm/music/+noredirect/G%C3%BCnther"">Read more on Last.fm</a>",
Groove Collective,127742,913207,"New York City's Groove Collective transcends musical categories with one goal in mind: to move listeners' minds and feet. For more than a decade, this legendary group of musicians has improvised and refined the stylistic crosspollination of funk, jazz, house, Latin, hip hop, rock and every party-inducing sound in between. The pioneering members of Groove Collective are fluent in the international language of ""groove."" In-the-pocket drum and bass, colorful and vibrant horns <a href=""https://www.last.fm/music/Groove+Collective"">Read more on Last.fm</a>",
UNKLE,1380231,39390244,"
UNKLE, a musical outfit founded in 1994 in London, England, United Kingdom. Originally categorized as trip-hop, the group once included producer DJ Shadow and has employed a variety of guest artists and producers.

From the sleeve notes for the latest release End Titles...Stories For Film released in July 2008, the current line-up is stated as James Lavelle and Pablo Clements, also a member of the Psychonauts.

The original line-up was James Lavelle, Tim Goldsworthy (now a member of DFA) and Kudo (Major Force West, Skylab). <a href=""https://www.last.fm/music/UNKLE"">Read more on Last.fm</a>",
Roxie,29006,283687,"There is more than one artist with that name:

1. Roksana Węgiel (born 11 January 2005) sometimes known as Roxie, is a Polish singer. She represented Poland in the Junior Eurovision Song Contest 2018 with the song ""Anyone I Want to Be"", and went on to win the competition. She is the first Polish entrant to win the Junior Eurovision Song Contest.

Roksana Węgiel has received numerous accolades, including MTV Europe Music Award for Best Polish Act 2019, nomination for Kids' Choice Award and Polish awards Fryderyk. <a href=""https://www.last.fm/music/Roxie"">Read more on Last.fm</a>",
ScubaZ,88109,525746,biografia no encontrada,
DJ Cam,531340,6314608,"Parisian hip-hop devotee Laurent Daumail is one of a few but growing number of French artists updating hip-hop for the chill-out crowd, drawing on the beats'n'samples groundwork of producers such as Rakim, DJ Premier, and Prince Paul and combining it with broad, impressionistic strokes of dub, jazz, and soundtrack-y ambience. Like countrymen the Mighty Bop and la Funk Mob, Cam is stylistically closest to Mo'Wax artists such as DJ Shadow and DJ Krush; minimalist <a href=""https://www.last.fm/music/DJ+Cam"">Read more on Last.fm</a>",France
Mariah Carey,4803037,238804260,"Mariah Carey (born March 27, 1969, Huntington, New York, USA) is an American singer, songwriter, actress, record producer, and #1 New York Times bestselling author. Carey is one of the best-selling music artists of all time, with over 220 million records sold worldwide. She holds the record for the most Billboard Hot 100 number-one singles by a solo artist (19), a female songwriter (18), and a female producer (15). Referred to as the ""Songbird Supreme"" <a href=""https://www.last.fm/music/Mariah+Carey"">Read more on Last.fm</a>",United States
edIT,220097,4678187,"Born and raised in Weston, Massachussetts, Edward Ma, now known to the world as edIT, began his music career as ""The Con Artist"" just before the turn of the millennium. As a resident DJ at the now defunct Konkrete Jungle Los Angeles, he shared the stage with Hive, Daddy Kev, James Tai and mic rockers Busdriver, P.E.A.C.E. and Mikah 9. Konkrete Jungle marked the golden age of indie hip-hop in Los Angeles, and was the bridge between the jungle and b-boy massives. <a href=""https://www.last.fm/music/edIT"">Read more on Last.fm</a>",
Gabin,299902,3512989,"Gabin (pronounced gæ'bæn) is the Italian based duo of Filippo Clary and Max Bottini. Their name is a reference to the most popular French actor of the ’30s and ‘40s- Jean Gabin, a classic world-weary screen antihero. It has now been two years since the release of their self-titled debut album featuring the international hit ""Doo Uap, Doo Uap, Doo Uap"". Quite unexpectedly, this Italian duo found themselves with not only a Top Ten hit in their homeland <a href=""https://www.last.fm/music/Gabin"">Read more on Last.fm</a>",France
Funki Porcini,534385,6189389,"Funki Porcini is composer and film maker James Braddell (a.k.a Giacomo Braddellini). His swirling mixtures of downtempo breaks, smooth ambiance, and disjointed drum'n'bass helped put the London-based Ninja Tune label on the map. His latest album is ""Modern Hymns for Modern Things"" (September 2025, self-release).

Funki Porcini began making music in San Francisco when he moved into The Residents' old warehouse. After much experimentation with early <a href=""https://www.last.fm/music/Funki+Porcini"">Read more on Last.fm</a>",
Mark Rae,53801,343382,"Hailing from the UK, Mark Rae made his mark in Europe’s music scene following the success of his first collaboration, Rae & Christian, as well as establishing the former Grand Central Records and Manchester’s Fat City record shop.
 
Mark has produced over 100 remixes for artists including Bob Marley, Jay-Z and Dinah Washington as well as the Six Feet Under theme song.  Under Rae & Christian, he released two albums including Northern Sulphuric Soul which ranked on the Top 50 British Dance Albums of All Time. <a href=""https://www.last.fm/music/Mark+Rae"">Read more on Last.fm</a>",United Kingdom
666,187722,1662951,"666 may refer to multiple artists:

1. 666 was a German DJ act, formed by Thomas Detert and Mike Griesheimer in 1997. They produced a mix of electronic music and often included lyrics in Spanish and English. The act disbanded in 2005.

2. A heavy/speed metal band from Caseros, Buenos Aires, Argentina, which released a demo in 1986.

3. A thrash/black metal band from Czechia.

4. A black metal band from Hungary.

5. A groove/thrash metal/hard rock band from Japan. <a href=""https://www.last.fm/music/666"">Read more on Last.fm</a>",Germany
The Prodigy,2911713,138363500,"The Prodigy is an English electronic dance music band from Braintree, Essex, formed in 1990 by keyboardist and songwriter Liam Howlett. The line-up of the band has included MC and vocalist Maxim, dancer and vocalist Keith Flint (until his death in March 2019), dancer and live keyboardist Leeroy Thornhill (who left to pursue a solo career in 1999), and dancer and vocalist Sharky (1990-1991). Along with the Chemical Brothers and Fatboy Slim, The Prodigy are credited as pioneers of the breakbeat-influenced genre big beat <a href=""https://www.last.fm/music/The+Prodigy"">Read more on Last.fm</a>",
Roni Size,343074,3198002,"Roni started on the path of production when he was thrown out of school aged 16, but music had always been a part of his life. Born and raised in Bristol, the sounds of the 70s blues parties and sound-systems happening in the St Pauls area of the city infected Roni's bones.

Meeting up with Krust in the early 90s brought two musically compatible minds together, subsequently creating Full Cycle in 1993 and a new direction for electronic music.

Having built a name for himself through Full Cycle and other labels <a href=""https://www.last.fm/music/Roni+Size"">Read more on Last.fm</a>",
Nightmares on Wax,1201448,22650303,"Nightmares on Wax is DJ and musician George Evelyn, also known as DJ Ease (Experimental Audio Sample Expert), from Leeds, United Kingdom. The musical style is a combination of electronic sounds and hip hop beats, often regarded as ""chillout"". Nightmares On Wax's music is released on Warp Records.

Initially working with Kevin Harper a.k.a Boy Wonder their first release was the massive underground hit 'Dextrous' which sampled the as yet unknown A Guy Called Gerald's 'Voodoo Ray' on their own Poverty Records label. <a href=""https://www.last.fm/music/Nightmares+on+Wax"">Read more on Last.fm</a>",
Underworld,1576316,34039712,"Underworld are a British electronic music group initially formed in Cardiff, Wales in 1979 (as ""The Screen Gemz""), and is primarily the collaborative project of Karl Hyde and Rick Smith.

By the early 1980s, Smith and Hyde's post-punk Screen Gemz had morphed into the flamboyant new wave pop quintet Freur, who managed a respectable hit in 1983 with ""Doot Doot"". They went on to release two albums, ""Doot Doot"" (1983), and ""Get Us Out Of Here"" (1986), as well as performing the score for the 1985 movie ""Underworld"" (later ""Transmutations""). <a href=""https://www.last.fm/music/Underworld"">Read more on Last.fm</a>",United Kingdom
Aphex Twin,2905764,209550350,"Richard David James (born 18 August 1971), known professionally as Aphex Twin, is a British musician, composer, and DJ who has been active in electronic music since 1988. His work incorporates a variety of styles, including techno, ambient, acid, and jungle. He is often associated with the intelligent dance music (IDM) genre. Several publications such as Mixmag, The New York Times, NME, Fact, Clash, and The Guardian have recognized him as an influential figure in contemporary electronic music. <a href=""https://www.last.fm/music/Aphex+Twin"">Read more on Last.fm</a>",United Kingdom
Fischerspooner,764730,13640897,"Fischerspooner was an electroclash duo and performance troupe formed in 1998 in New York City. The name comes directly from the last names of the band members; Warren Fischer and Casey Spooner.

Spiking extremely retro electropop tendencies (recalling Kraftwerk, early Depeche Mode, and Gary Numan) with a modern approach to programming, Fischerspooner produces a quirky, robotic, and strangely subdued kind of dance music. Their albums can be seen as soundtracks to their stageshows, as opposed to recordings which are performed live. <a href=""https://www.last.fm/music/Fischerspooner"">Read more on Last.fm</a>",
Caramell,161334,2438022,"Caramell is a Swedish pop band formed in 1998, consisting of singers Malin and Katia, and producers Jorge ""Vasco"" Vasconcelo and Juha ""Millboy"" Myllylä. Jorge Vasconcelo is known for his previous work, writing songs such as La Cream's ""You"" and Dr. Alban's ""This Time I'm Free."" After leaving Dr. Records, Jorge established his own studio in Västerås, Sweden. In November 1998, he and Juha met Malin and Katia in a karaoke bar in Stockholm, which led to the formation of Caramell. <a href=""https://www.last.fm/music/Caramell"">Read more on Last.fm</a>",
Jazzamor,270526,3967469,"Jazzamor is a German musical duo which consists of Bettina Mischke and Roland Grosch. Their music combines elements of lounge music, jazz and bossanova.

When singer Bettina Mischke and keyboard player Roland Grosch decided to found Jazzamor in 2001 they perhaps did not imagine that their minimalistic lounge arrangements would take off so quickly. Two albums in three years have highlighted their productivity as they firm out their smoothe 60s jazzy sounds in Europe's main languages. <a href=""https://www.last.fm/music/Jazzamor"">Read more on Last.fm</a>",Germany
Oasis,5684094,308795084,"Oasis is an English alternative rock band formed in Manchester in 1991. Originally known as the Rain, the group initially consisted of Liam Gallagher (lead vocals, tambourine), Paul Arthurs (guitar), Paul McGuigan (bass guitar) and Tony McCarroll (drums). Liam's older brother Noel (lead guitar, vocals) later joined as a fifth member, finalising the group's core lineup. During the course of their existence, they had various lineup changes, with the Gallagher brothers remaining the only staple members. <a href=""https://www.last.fm/music/Oasis"">Read more on Last.fm</a>",
Barcode Brothers,121205,911450,"The Barcode Brothers is a Danish electronic music duo consisting of Christian Møller Nielsen & Anders Øland. Successful singles from the duo include 'Dooh Dooh', 'Flute', 'It's a Fine Day' and 'Tele', all from the album entitled 'Swipe Me'. <a href=""https://www.last.fm/music/Barcode+Brothers"">Read more on Last.fm</a>",
Vhong Navarro,15472,78683,"Vhong Navarro (born Ferdinand Hipolito Navarro on January 4, 1977) is a Filipino actor, dancer, singer, and host at ABS-CBN. He is part of the dance group Streetboys in the Philippines.

Totoy Bibbo (2004)
Don Romantiko (2005)
Chickboy (2007)
Let's Dance (2008)
Best Novelty Hits (2008) <a href=""https://www.last.fm/music/Vhong+Navarro"">Read more on Last.fm</a>",
Modjo,1474488,15445280,"Modjo was a French house music duo formed in Paris in 1999 by producer Romain Tranchart and singer Yann Destagnol. The group gained international recognition with the release of the single ""Lady (Hear Me Tonight)"" in 2000. They also released the songs ""Chillin'"" and ""No More Tears"" in 2001, both of which achieved commercial success.

Romain Tranchart was born on 9 June 1976 in Paris. He spent parts of his childhood in Algeria, Mexico, and Brazil. While living abroad, he began learning the guitar, with an early interest in jazz. <a href=""https://www.last.fm/music/Modjo"">Read more on Last.fm</a>",France
The Underdog Project,272812,1916424,"The Underdog Project is a popular band which launched its first album - It Doesn't Matter - in 2001. Its hits include ""Saturday Night"", ""Summer Jam"" and ""Tonight"". The band has three members: Vic Krishna (vocals), DJ Frank (remixes) and AJ Duncan (keyboards).

The band was formed when Vic Krishna was visiting Germany and had a jam session with Canadian singer Craig Smart and the production team of Tone Def and Triple S. It went well, so they started recording - mostly demo tapes, but also full-fledged tracks. <a href=""https://www.last.fm/music/The+Underdog+Project"">Read more on Last.fm</a>",Canada
Télépopmusik,976145,13195982,"Télépopmusik is a French electronic music trio. The group's first album was Genetic World, and several singles from the album have been released since. The group's second album, Angel Milk was released in 2005. Télépopmusik consists of musicians Fabrice Dumont (bass, of the pop band Autour de Lucie), Stephan Haeri (also known as 2 Square for his solo projects), and Christophe Hetier who DJ's under the name of Antipop. Most of the vocals are provided by Angela McCluskey, formerly of the folk band Wild Colonials. <a href=""https://www.last.fm/music/+noredirect/T%C3%A9l%C3%A9popmusik"">Read more on Last.fm</a>",France
Koop,851288,14681968,"Koop is the Swedish electronic jazz duo of Magnus Zingmark and Oscar Simonsson from Uppsala, Sweden, formed in 1995. Though the music may sound as if it is played by a tight jazz group, it is actually sample-based. Thousands of small clips of drums, strings, horns, and choirs are taken from old records and puzzled together into new songs.  This time consuming production process is one of the reasons Koop's albums are released 4-5 years apart. 

The group's 3 albums all feature guest vocalists. <a href=""https://www.last.fm/music/Koop"">Read more on Last.fm</a>",
Haddaway,1580338,11412532,"Haddaway (born Nestor Alexander Haddaway on January 9, 1965 in Trinidad) is a Eurodance/House musician. Born into a local family, his mother was a local nurse, and his father, a Dutch oceanographer. He completed a doctorate in political science and history from George Washington University in Washington DC, before moving to Cologne, Germany, in 1989. He presently lives in Kitzbühel, Austria.

Haddaway's biggest hit, ""What Is Love,"" became very popular across Europe (reaching #2 in the UK), North America and Australia after its 1993 release. <a href=""https://www.last.fm/music/Haddaway"">Read more on Last.fm</a>",Netherlands
Harry Corpuz,648,4142,biografia no encontrada,
LTJ Bukem,354508,4988685,"In the mid eighties, at the age of seventeen, Bukem discovered the joys of clubbing. The teenager regularly checked out the local soul clubs and legendary rare groove all dayers. During this time he also ran a jazz funk band. DJing however, was his main thing and by 1987 he gained something of a reputation for his sets. In 1990, LTJ Bukem got his first big break - at 'Raindance'. Booked to play in front of a crowd of 10,000...  

Bukem then ventured <a href=""https://www.last.fm/music/LTJ+Bukem"">Read more on Last.fm</a>",
Björk,3317528,243773413,"Björk Guðmundsdóttir (born 21 November 1965), known mononymously as Björk, is an Icelandic singer, songwriter, composer, record producer, and actress. Noted for her distinct three-octave vocal range and eccentric persona, she has developed an eclectic musical style over her four-decade career that has drawn on electronic, pop, experimental, trip hop, jazz, classical, and avant-garde music.

Born and raised in Reykjavík, Björk began her music <a href=""https://www.last.fm/music/+noredirect/Bj%C3%B6rk"">Read more on Last.fm</a>",
Fantasy Project feat. NDA,97103,722429,biografia no encontrada,
Kim Lukas,18647,132594,"Kim Lukas was born in London. She has always had a great passion for theatre and music and from an early age she started performing in theatre shows and musicals. She studied at the drama school ‘The Academy of Live and Recorded Arts’ in London, where she continued to improve on her acting, singing and dance techniques. After having finished her studies she worked with many different Theatre Companies including ‘The English Shakespeare Company’ and she also took part in the famous ‘Edinburgh Festival’. <a href=""https://www.last.fm/music/Kim+Lukas"">Read more on Last.fm</a>",
Beverlei Brown,8070,59764,"Beverlei Brown gleaned her singing skills from her mother, who sang in her church's choir in Birmingham, England. When she was old enough, Brown sang with the choir and eventually became the leader. 

She performed a solo with the Clark Sisters at the gospel wailers' U.K. concert and caught a sweet break with the Fine Young Cannibals, who needed some gospel singers for an album project; with Brown onboard, the sessions were good enough to land FYC a record deal and Brown a gig on their worldwide promotional tour.  <a href=""https://www.last.fm/music/Beverlei+Brown"">Read more on Last.fm</a>",
J-Walk,131245,900328,"J-Walk refers to four groups; a Korean based group, a British duo, an American rapper, and a Japanese group.

J-Walk or jwalk is Korean musical duo formed by two former Sechs Kies members.
After Sechskies had disbanded, 2 years later, Kim Jae Duc and Jang Su Won formed a duet under Kiss Entertainment. They became Daesung's top performers and would soon team with fellow lablemate Click-B to create DSP's new boyband JnC. After the collaboration, there were talks of a third album release. <a href=""https://www.last.fm/music/J-Walk"">Read more on Last.fm</a>",Japan
Danzel,255700,1455022,"Danzel is a Belgian house and dance singer who reached the Top 10 in late 2004 with the single ""Pump It Up"".

Danzel alias Johan Waem was born in Beveren-Waas, Belgium on November 9, 1976.
He was 1 of the 20 finalists of the Belgian Idols; ""Idool 2003"".

Singles

""You Are All Of That""
You Are All Of That was the first single released by Ministry Of Sound in late 2003 in the UK Singles Charts. The first single of the English DJ Danzel was a failure, reaching the Number 80 in the UK Singles Charts, and the Number 69 in the UK Dance Charts. <a href=""https://www.last.fm/music/Danzel"">Read more on Last.fm</a>",Belgium
Reflekt,150933,1241692,"(1) Reflekt is a dance music outfit from England. The act consists of DJ/remixer/producers Seb Fontaine and Jay Peake (aka Jay P.), with Delline Bass doing vocals.

The act is well known for their 2004 international club hit ""Need To Feel Loved"", which reached number 1 on the British Dance Charts. That song, which samples ""Ghosts"" by Thomas Newman from the 2003 movie ""The Road To Perdition,"" is featured in the 2005 British/Canadian film ""It's All Gone Pete Tong."" <a href=""https://www.last.fm/music/Reflekt"">Read more on Last.fm</a>",United Kingdom
Ocean Colour Scene,648663,8630797,"Ocean Colour Scene (often abbreviated to OCS) are an English rock band formed in Birmingham in 1989. They have had five top 10 albums including a number one in 1997. They have also achieved seventeen top 40 singles and six top 10 singles to date. They were formed after two other bands called The Boys and Fanatics disbanded. Fanatics released an EP titled Suburban Love Songs. OCS signed to Phfftt Records in 1990. Their first single, ""Sway"", was released in September 1990 during the alternative era. <a href=""https://www.last.fm/music/Ocean+Colour+Scene"">Read more on Last.fm</a>",
Soulstice,206216,2280406,"There are, at least, four artists known as Soulstice: 1) A downtempo / trip-hop group, with: Andy Caldwell, Gabriel Rene, Mei-Lwun Yee & Gina Rene. 2) A Chicago native MC (half of Wade Waters & solo). 3) A from Syracuse vegan straight edge band (early to mid '90's). 4) An a cappella ensemble comprised of students at McGill University in Montréal, Québec. 

1) A 'downtempo' / 'trip-hop' group, consisting of Andy Caldwell (keyboards), Gabriel Rene (keyboards), Mei-Lwun Yee (turntables) & Gina Rene (vocals). <a href=""https://www.last.fm/music/Soulstice"">Read more on Last.fm</a>",
DVS1,36340,242663,"Zak aka DVS1, is one of the most prominent figures in the Minneapolis dance music landscape today. A local DJ favorite since the mid nineties, DVS1 continues to move floors with a combination of deep musical knowledge, unparalleled enthusiasm, and a vinyl collection of more than 10,000 records. <a href=""https://www.last.fm/music/DVS1"">Read more on Last.fm</a>",
DJ Marky,134464,1347000,"DJ Marky is a pseudonym of Brazilian drum and bass innovator Marco Antônio Silva, who began in the early 90's (as DJ Marky Mark).

During the late 90's, he built up a following in London, then thought Europe and eventually took the world by storm. His live acts are known for precise / elaborate mixing and expectant crowds, with whom he evidently has a special connection.

His album début was ""Workin' the Mix, in 1999, followed by ""Audio Architecture"" (2000, Trama). <a href=""https://www.last.fm/music/DJ+Marky"">Read more on Last.fm</a>",Brazil
Blur,4624547,186428815,"Blur is an English rock band formed in London in 1988, consisting of singer Damon Albarn, guitarist Graham Coxon, bassist Alex James, and drummer Dave Rowntree. Their debut album, ""Leisure"" (1991), incorporated elements of Madchester and shoegaze. Following a stylistic change influenced by British guitar pop groups such as the Kinks, the Beatles, and XTC, Blur released ""Modern Life Is Rubbish"" (1993), ""Parklife"" (1994), and ""The Great Escape"" (1995). <a href=""https://www.last.fm/music/Blur"">Read more on Last.fm</a>",United Kingdom
Fila Brazillia,444512,5535453,"Fila Brazillia are from Kingston Upon Hull in East Yorkshire in the UK. They were formed in 1990 by Steve Cobby and David McSherry. 

They released six albums on Pork Recordings and after creating their own music label, Twentythree Records in 1999, a further four albums followed. Other releases include a various artists compilation in the Another Late Night series, which featured a new track of theirs, Nature Boy (a Nat King Cole cover), and a more dancefloor-oriented compilation entitled Another Fine Mess <a href=""https://www.last.fm/music/Fila+Brazillia"">Read more on Last.fm</a>",
Summer Love,25611,132435,"Summer Love play doom inspired psychedelic rock with the same treble and vibrato vocal effects used by Ozzy on ""Planet Caravan"" on every song. <a href=""https://www.last.fm/music/Summer+Love"">Read more on Last.fm</a>",
Seek,118227,860712,"Three-piece blackened hardcore / post-metal band from Osaka, Japan. <a href=""https://www.last.fm/music/Seek"">Read more on Last.fm</a>",
Groove Armada,1728540,32794011,"Groove Armada is an electronic music group from Cambridge, United Kingdom, composed of two members, Andy Cato (real name Andrew Cocup) and Tom Findlay. They first came to fame with a 1997 limited single release, At the River (made famous after being used in various Marks & Spencer advertisements), which sampled ""Old Cape Cod"" by Patti Page. The song has since made its way onto numerous chill-out compilations.

Their most famous work is the 2000 international hit I See You Baby <a href=""https://www.last.fm/music/Groove+Armada"">Read more on Last.fm</a>",
Gaya Band,1053,2804,biografia no encontrada,
Aquarious,28385,116725,"alias of Photek <a href=""https://www.last.fm/music/Aquarious"">Read more on Last.fm</a>",
S-tone Inc,85358,618115,"S-Tone Inc. is the main musical project of Stefano Tirone, a musician from Milan, Italy, who has been working in the world of music for over twenty years. The first song under this name was released in 1992 during the acid jazz era, which represented for him the perfect combination among soul, jazz and latin influences which were those who mostly interested him. His first approach to music not as a listener but as a player was in the early 80’s during the new wave period. <a href=""https://www.last.fm/music/+noredirect/S-tone+Inc"">Read more on Last.fm</a>",
SMiLE.dk,244957,2480679,"SMiLE.dk is a Swedish pop duo with the singers Malin and Veronica from Sweden. Malin and Veronica met each other in singing school in 1994 and have been best friends ever since. However, they didn’t start working together until the year 2000, when Nina who sang together with Veronica on the first album, wanted to have a solo career, and Malin joined Smile.dk. They celebrated their biggest success in Asia and have achieved superstar status through selling a whole amount of records. <a href=""https://www.last.fm/music/SMiLE.dk"">Read more on Last.fm</a>",
Fatboy Slim,2570819,48328926,"Fatboy Slim is a pseudonym of Quentin Leo Cook (b. 31 Jul 1963 in Reigate, Surrey - aka Norman Cook), an English big beat musician.

Quentin Leo Cook was educated at Reigate Grammar School. He started a punk fanzine titled Peroxide with his neighbour Andrew Thomas and art student Ian McKay (formerly Laidlaw). Contemporary with his publishing activities, he played drums in Disque Attack (a British new-wave-influenced rock band) for which he later performed lead vocals. <a href=""https://www.last.fm/music/Fatboy+Slim"">Read more on Last.fm</a>",United Kingdom
Aqua,1542523,17652166,"Aqua is a name shared by multiple music groups from different countries and genres.

1. Aqua is Danish-Norwegian dance-pop group formed in 1989 originally under the name Joyspeed, later renamed Aqua in 1994. They gained international fame in the late 1990s and early 2000s with hits such as ""Barbie Girl."" Their first three singles reached number one on the UK Singles Chart. They released two albums, ""Aquarium"" in 1997 and ""Aquarius"" in 2000, before disbanding in 2001. <a href=""https://www.last.fm/music/Aqua"">Read more on Last.fm</a>",
Shazz,64261,360016,"It begins with an intense, warm gust, a balmy summer breeze, caressing and sensual… “Joy” is the opening track of Shazz’s new album. The voice of Shazz’s partner and friend for more than 15 years – Alex C, his spiritual brother – glides with the usual emotion over a blanket of strings and jazz-inspired chords. This really is the ideal way to begin our journey through Shazz’s new album, the record he dreamt of for so long, the one that suggests that for every path, there is finally a very logical destination.  <a href=""https://www.last.fm/music/Shazz"">Read more on Last.fm</a>",
Pauline London,57197,296481,"Pauline London (http://paulinelondon.com/) is singer-songwriter , whose music brings together nu-jazz, lounge and soul with subtle electronics. Pauline has an extremely versatile singing approach, mixing different styles and sonority. She has performed in jazz style, showing herself for years in the most prestigious Italian jazz-club, singing standards, pop songs and original compositions of her own. She is also a vocal improviser that moves from tradition of scat singing to enrich it with an interesting phrasing derived from pop <a href=""https://www.last.fm/music/Pauline+London"">Read more on Last.fm</a>",Italy
Bob Baldwin,62357,563113,"Contemporary player tabbed by Malaco as an early signee when the company, best known for downhome Southern soul and blues, tried to expand into jazz during the late '80s. Baldwin's heavily synthesized, pop and funk-centered work didn't prove commercially potent, and he moved to Atlantic in 1990. He remained in Atlanta into the next decade and has had moderate success there, continuing to churn out the familiar instrumental pop tunes and carefully crafted numbers, in addition to working some in radio. <a href=""https://www.last.fm/music/Bob+Baldwin"">Read more on Last.fm</a>",
Bambee,207387,1756711,"Bambee was Desirée Sparre-Enger a well-known Traditional Bubblegum  dance artist from Norway. Bambee's music is well-known by fans of Dance Dance Revolution (DDR), in which many of her biggest hits were regularly used. Some of her most famous songs are Bumble Bee, Spaceman, Online, Typical Tropical, and her very first single Candy Girl.

Name Origin

Desirée chose the name ""Bambee"" as a reference to her eyes, as people often told her they are comparable to the eyes of ""Bambi"" from Disney's famous animated film. <a href=""https://www.last.fm/music/Bambee"">Read more on Last.fm</a>",
The RH Factor,196796,1838977,"The RH Factor is a progressive jazz group that combines elements of soul, jazz, funk, and hip-hop. It is led by jazz trumpeter Roy Hargrove and features many popular neo-soul and alternative hip hop artists.

2) US rock band that released 'One Step Closer To The Sun' in 1985 and 'Cries Of The Night' in 1988. <a href=""https://www.last.fm/music/The+RH+Factor"">Read more on Last.fm</a>",
Greyboy,121018,932595,"Greyboy is San Diego producer and DJ, Andreas Stevens, he makes spacy acid jazz with hip-hop roots.  Also variously known as DJ Greyboy and also contributed to the Greyboy Allstars.

""Soul Mosaic"" is the latest Greyboy album, and was recorded 10 years after the release of ""Freestylin',"" the first Greyboy full-length album for Ubiquity. The tracks crafted into this fourth Greyboy album include groundbreaking territory for the Southern California based producer/DJ. <a href=""https://www.last.fm/music/Greyboy"">Read more on Last.fm</a>",
Richard Hall,3560,18533,biografia no encontrada,
The Chemical Brothers,2816839,83080991,"The Chemical Brothers are an English electronic music duo formed by Tom Rowlands and Ed Simons in Manchester in 1989. They were pioneers (along with the Prodigy, Fatboy Slim, the Crystal Method, and other acts) in bringing the big beat genre to the forefront of pop culture. After attracting Virgin Records, the duo achieved further success with second album Dig Your Own Hole (1997), which topped the UK charts. In the UK, they have had six No. 1 albums and 13 top-20 singles, including two chart-toppers. <a href=""https://www.last.fm/music/The+Chemical+Brothers"">Read more on Last.fm</a>",
Louie Austen,157727,1034087,"Louie Austen is an Austrian downtempo / jazz artist from Vienna who mixes jazz with funk using electronic beats. His songs also feature a lot of vocals, mostly sung by himself. He was discovered by Mario Neugebauer at a hotel bar in Vienna in 1998. Mario also composed and produced his first album: Consequences in 1999, which was released by cheap records Vienna. For the next two albums Mario was joined by Patrick Pulsinger. Those albums appeared in licence cooperation with Kitty-Yo in Berlin. <a href=""https://www.last.fm/music/Louie+Austen"">Read more on Last.fm</a>",Austria
Takkyu Ishino,30400,329025,"石野卓球 (Takkyu Ishino) is known mainly for being a member of synthpop band Denki Groove, but in recent years he has moved into a second career as an in demand techno DJ and remixer, becoming well-known in Europe. Take a listen to Denki Groove's 1993 album Vitamin, and then compare it to Ishino's 1993 remix of Pizzicato Five's ""Twiggy Twiggy,"" which reduces the song down to the chanted title words and a pulsing, evolving techno track. Ishino's techno expertise gives Vitamin its punch <a href=""https://www.last.fm/music/Takkyu+Ishino"">Read more on Last.fm</a>",
Blue States,390602,3942213,"Blue States is an electronic/dream pop band headed up by Andy Dragazis. The band has been active since 1997 and is still producing music out of Sussex, England as of 2005. A track from their 2002 album Man Mountain, ""Season Song"", appeared on the soundtrack to the British horror film, ""28 Days Later"".

1998  Inspired by Aphrodite’s Child and David Axelrod, 22 year old, half-Greek man mountain Andy Dragazis aka Blue States records demos on his home studio set up in a barn on the Sussex Downs in England. <a href=""https://www.last.fm/music/Blue+States"">Read more on Last.fm</a>",United Kingdom
Amon Tobin,1070447,33864492,"Amon Tobin (born Amon Adonai Santos de Araújo Tobin on February 7, 1972) is a Brazilian musician, composer and producer of electronic music. He is described as a virtuoso sound designer and is considered to be one of the most influential electronic music artists in the world. He is noted for his unusual methodology in sound design and music production. He has released seven major studio albums under the London-based Ninja Tune record label.

It began for him sometime in the mid-90s when <a href=""https://www.last.fm/music/Amon+Tobin"">Read more on Last.fm</a>",Brazil
Bayani Agbayani,11413,32890,"Bayani Agbayani born on January 3, 1969 in Silang, Cavite, is a Filipino singer, comedian and TV host and actor. <a href=""https://www.last.fm/music/Bayani+Agbayani"">Read more on Last.fm</a>",
Eddy Wata,89514,611495,"Eddy Wata is a Nigerian dance music artist probably best known for his 2004 single ""Jam"".
He was born to a Nigerian mother and Jamaican father and began to play with a battery-operated keyboard at a very young age. At the age of 18, he decided to live in Jamaica for four years, where he was met artists that contributed to his love of reggae.
Upon returning to Nigeria, he formed a band, and following numerous television appearances, he made a trip to Europe in 2001. <a href=""https://www.last.fm/music/Eddy+Wata"">Read more on Last.fm</a>",Jamaica
Prezioso,145796,1081308,"Prezioso refers to Andrea Prezioso and Giorgio Prezioso, an Italodance duo with hit singles in countries including Italy, Germany and the United Kingdom. The brothers have released best-selling records as solo artists and as part of italo house ensembles. They are known today as part of the Prezioso feat. Marvin trio with singer Alessandro Moschini. Moschini is called ""Marvin"" after boxer Marvin Hagler. <a href=""https://www.last.fm/music/Prezioso"">Read more on Last.fm</a>",
Tortured Soul,64052,664016,"Tortured Soul is a trio of John-Christian Urich (drums, lead vocals - aka Christian Urich), Ethan White (keys & backing vocals) & Jordan Scannella (bass, backing vocals) - which débuted with the single ""I Might Do Something Wrong"" (Apr 2001, Central Park). 

Following early success with singles - “I Might Do Something Wrong”, ""Fall In Love"" (2002, Central Park - feat Vince Williams aka DJ Spinna) & “How’s Your Life” (2002) - Tortured Soul formed officially as a live band and booked their first nationwide tour in 2003 <a href=""https://www.last.fm/music/Tortured+Soul"">Read more on Last.fm</a>",
Air,3093841,132407201,"Air is a French music duo from Versailles, consisting of Nicolas Godin and Jean-Benoît Dunckel. Their critically acclaimed debut album, Moon Safari, including the track ""Sexy Boy"", was an international success in 1998. Its follow-up, The Virgin Suicides, was the score to Sofia Coppola's first movie of the same name. The band has since released the albums 10 000 Hz Legend, Talkie Walkie, Pocket Symphony, Love 2, Le voyage dans la lune and Music for Museum. The band is influenced by a wide variety of musical styles and artists. <a href=""https://www.last.fm/music/Air"">Read more on Last.fm</a>",France
Squarepusher,939415,24652505,"Squarepusher is a pseudonym of Chelmsford, Essex, England, electronic musician Tom Jenkinson (b. 1975), best known for his experimental drum and bass, with a heavy jazz fusion influence.  A skilled bassist and multi-instrumentalist, Jenkinson's virtuoso playing is a staple of his music and one of the more obvious affiliations with jazz (although his formal arrangements are often as jazz-derived as his playing). His bass style includes melodic fretless playing, high-speed slap bass and intricate chordal work. <a href=""https://www.last.fm/music/Squarepusher"">Read more on Last.fm</a>",
Lamb,1255786,25946197,"An electronic duo formed in 1996 in Manchester, England, by Lou Rhodes (singer-songwriter) and Andy Barlow (music/production). They incorporated into their musical style a distinctive mixture of downbeat, trip-hop, jazz, dub, breaks, and drum and bass with a strong vocal element and, in their later works especially, some acoustic influences. Lamb are notable for their highly experimental work, a distinctive production style, Lou's often passionate lyrical style, and their artistic videos.  <a href=""https://www.last.fm/music/Lamb"">Read more on Last.fm</a>",
DJ Aligator,130125,1029991,"DJ Aligator (born Aliasghar Movasat on March 10, 1975 in Tehran, Iran), formerly known as DJ Aligator Project, is a Persian-Danish dance singer/DJ.

His single The Whistle Song peaked at Number 5 in the United Kingdom, while it went quadruple (4x) platinum in his native Denmark. <a href=""https://www.last.fm/music/DJ+Aligator"">Read more on Last.fm</a>",
Jazztronik,121276,2742605,"Pianist 野崎良太 (Nozaki Ryōta), recording under the name Jazztronik, has been on the Japanese dance music scene since 1998. He has released various full-length albums; his most recent album is ""Jazztronik Studio Live Best"", released 31 Dec, 2012.

He has a good international projection. The title track from the album Samurai was one of the top dance tunes of 2004. Jazztronik's production skills are as stellar as his piano work and have led him to collaborate with Mondo Grosso <a href=""https://www.last.fm/music/Jazztronik"">Read more on Last.fm</a>",Japan
9 Lazy 9,369881,3905165,"9 Lazy 9 is an acid jazz / downtempo group on the Ninja Tune label. Operating out of Italy in 1992, they soon gained respect for their first album Paradise Blown. Their sound, distinctively more sun than North Sea, is a smoky Mediterranean mix of vines and good times. Keir Fraserello and Giacomo Braddellini (a pseudonym for James Braddell a.k.a. Funki Porcini) had been making music for many years in different guises before combining forces in Rome in the early nineties. <a href=""https://www.last.fm/music/9+Lazy+9"">Read more on Last.fm</a>",
Kylie Minogue,3425208,169426975,"Kylie Ann Minogue is an Australian singer, songwriter and actress. She is the highest-selling female Australian artist of all time, having sold over 80 million records worldwide. She has been recognised for reinventing herself in music and fashion, for which she is referred to by the European press as the ""Princess of Pop"" and a style icon. Her accolades include two Grammy Awards, four Brit Awards and 18 ARIA Music Awards. She is the first and only female artist to achieve a number one album in the UK across five consecutive decades. <a href=""https://www.last.fm/music/Kylie+Minogue"">Read more on Last.fm</a>",Australia
Celldweller,683700,32656353,"Celldweller, based in Detroit, Michigan, is the versatile outlet of the artist, performer, producer, songwriter, programmer, and remixer Klayton. It began as a producer pseudonym in the early 90’s, amongst his many other projects including Circle of Dust, Argyle Park, Brainchild and Angeldust, the latter with Criss Angel on vocals (later reissued and renamed simply as Criss Angel albums). Now, over a decade later, Klayton (born Scott Albert) uses the name to deliver his vision of progressively combining multiple genres of music. <a href=""https://www.last.fm/music/Celldweller"">Read more on Last.fm</a>",
DJ Volume,10545,67770,"DJ Volume is Ole Wierk.
He recorded the album ""Let's All Chant""

DJ Volume is Stacy Mier.
Originally a hip-hop / Miami bass dj, Volume made his first appearance in the underground music scene in 1997 with the release of ""Do You Like Acid"". Volume credits the pioneers of breakbeat, The Cotton Club & DJ Icey for his transition into the world of breaks. ""...that was it... a Miami bass drum track with time-compressed hip-hop elements, funky bass lines & acid synths, I could do that!"". <a href=""https://www.last.fm/music/DJ+Volume"">Read more on Last.fm</a>",
Faithless,1708451,34359564,"Formed in 1995 by Sister Bliss, Faithless was a London, England, United Kingdom-based group of musicians whose music is described by one of their band members as a cross between trip-hop and techno.  The four original members of Faithless were vocalist/rapper Maxi Jazz, keyboardist/producer Sister Bliss, instrumentalist/vocalist Jamie Catto and keyboardist/producer Rollo Armstrong. Jamie Catto (now in 1 Giant Leap) left after their second album, Sunday 8PM, which was released in 1998. <a href=""https://www.last.fm/music/Faithless"">Read more on Last.fm</a>",
Mo' Horizons,474062,4698698,"Mo' Horizons are the producers, musicians and DJ's Ralf Droesemeyer and Mark 'Foh' Wetzler. Their first album, Come Touch the Sun, which features Mo's first two 12""s 'Yes Baby Yes (Sally Said) and Foto Viva, melts together influences ranging from the soulful fifties, sixties & funky seventies straight to the nineties. Integrating modern production techniques and a handful of talented live-musicians and vocalists they create a sound that varies in mood and style but is still homogenous and therefore can easily be identified as Mo' Horizons. <a href=""https://www.last.fm/music/Mo%27+Horizons"">Read more on Last.fm</a>",
Thievery Corporation,1861226,62847267,"Thievery Corporation is a Washington, D.C.-based recording artist and DJ duo consisting of Rob Garza and Eric Hilton and their supporting artists. Their music style mixes elements of dub, acid jazz, Indian classical and Brazilian (such as bossa nova) with a lounge aesthetic.

Thievery Corporation is on the Eighteenth Street Lounge record label named after the DC club owned by Eric Hilton, but several of their singles and EP's appear on the 4AD and !K7 labels. <a href=""https://www.last.fm/music/Thievery+Corporation"">Read more on Last.fm</a>",Brazil
Infinity,79705,676121,"There are multiple bands named Infinity.

1. a Dutch black metal band
2. a Norwegian dance act
3. a Czech eurodance group
4. a British psychedelic rock band from the late 1960s
5. a progressive psytrance artist from Greece
6. a Croatian melodic death metal band
7. an Israeli Prog Rock band
8. an American punk-rock band based in St. Augustine, FL, United States
9. The first fusion jazz band of Thailand
10. Italian power metal band
11. Russian pop band <a href=""https://www.last.fm/music/Infinity"">Read more on Last.fm</a>",Italy
Lemon Jelly,572306,9424774,"Lemon Jelly were a British electronica duo from London, UK  and formed in 1998, consisting of Nick Franglen and Fred Deakin.

Franglen and Deakin initially released three limited-circulation EPs: The Bath (1998), The Yellow (1999), and The Midnight (2000), all of which were then collected into a widely-released album in 2000, Lemonjelly.ky, which was both a critical and a commercial success.

Their second album (and self-proclaimed first studio album), Lost Horizons, was released in 2002, and was another success. <a href=""https://www.last.fm/music/Lemon+Jelly"">Read more on Last.fm</a>",United Kingdom
Way Out West,366004,4367191,"There are 2 artists using the name ""Way Out West"". One is a hugely successful British House music and remix act and the other being an Australian World Jazz group. 

British: A world-renowned progressive house and remix act, was conceived in the bowels of Bristol, UK in early 1993. DJ and producer Jody Wisternoff had just been introduced to Nick Warren, and after a few hours in the studio together, they realized they had a common musical vision. Jody Wisternoff and Nick Warren have also maintained careers as successful DJs <a href=""https://www.last.fm/music/Way+Out+West"">Read more on Last.fm</a>",Australia
Noonday Underground,56527,408559,"Noonday Underground is a British musical duo consisting of DJ Simon Dine and vocalist Daisy Martey. Simon Dine, previously of Adventures in Stereo, and Daisy Martey, who briefly sang with Morcheeba, formed the group in London. Their music, often described as retro-pop with influences from trip-hop and soul, is characterized by a 60s aesthetic and sample-heavy production. <a href=""https://www.last.fm/music/Noonday+Underground"">Read more on Last.fm</a>",United Kingdom
Goldfrapp,2067302,64059740,"Goldfrapp is an English electronic band from London, formed in 1999 which consists of Alison Goldfrapp (vocals, synthesizer) and Will Gregory (synthesizer). Despite favourable reviews and a short-listing for the Mercury Prize, the début studio album Felt Mountain did not chart highly. Goldfrapp's second album Black Cherry, which incorporated glam rock and synthpop sounds, was released in 2003. The album influenced the same dance-oriented sound of their third album Supernature. <a href=""https://www.last.fm/music/Goldfrapp"">Read more on Last.fm</a>",
Lollipop,12805,104688,"LOLLIPOP is a name used by more than one band around the world.

1. The winners of the first series of the PopStars TV show in 2001 in Italy were called Lollipop.  They produced two albums and scored a string of hit singles including ""Don't Leave Me Now"", ""Down, Down, Down"", and ""Batte Forte"" 

2. There is also a Taiwanese Mandopop boyband signed under EMI Music, Taiwan by the name of Lollipop. The group consists of six members, all chosen from Channel [V]  <a href=""https://www.last.fm/music/Lollipop"">Read more on Last.fm</a>",
Twinset,14911,90246,"Twinset (formerly known as The Spider Men) hooked up at the start of their second year at the then Wellington Polytechnic Conservatorium of Music in 1996. Their first gig was at a warehouse party along with various Goth bands who splattered themselves in blood – needless to say, they were in suits & ties.

Since then this fine trio have been a regular live feature in Wellington, going under a variety of names (Los Tigres Del Norte, Moose Head etc) until Leon Matterhorn had the honour of eventually naming them Twinset. <a href=""https://www.last.fm/music/Twinset"">Read more on Last.fm</a>",
Beauty's Confusion,115253,896452,"Philadelphia-based Beauty's Confusion (Jenna & Chris) made music that rode a fine line between electronic pop and gloomy indie rock… BC formed in late 2001 in Florida, originally as a trio. Playing largely in the punk/indie rock circuit, their sequenced Portishead/Hooverphonic keyboards and swirling Curve-influenced guitars couldn't have been more out of place. Beauty's Confusion have remixed several independent and well-known artists, including NYC's Sarah Fimm <a href=""https://www.last.fm/music/Beauty%27s+Confusion"">Read more on Last.fm</a>",
Alison Crockett,17549,81366,"Alison Crockett is a Brooklyn based vocalist, pianist and songwriter whose style is 'steeped' in a deep Soul tradition, with generous helpings of Jazz and Blues. Taking her cue from divas of the past and present such as Erykah Badu, Jill Scott, Donna Summer, Diana Ross and Sarah Vaughn, this Brooklyn, New York based singer/songwriter and pianist is destined for greatness.

Alison Crockett decided early on, that a career in music was to be the path she would travel. <a href=""https://www.last.fm/music/Alison+Crockett"">Read more on Last.fm</a>",
Lewis Taylor,65339,598296,"Lewis Taylor is an eclectic artist and multi-instrumental who writes, produces and plays every instrument on his own material. He is instantly recognizable by his trademark sweet sounding soulful voice, which is often accompanied, and perfectly complemented, by multi-layered vocal harmonies, soaring rock guitar solos and unique production and arrangements. Influenced in equal parts by Todd Rundgren, Scott Walker, Prince, Jimi Hendrix, Marvin Gaye, The Beach Boys and Yes, his music has been described as 'psychedelic soul in the broadest sense'. <a href=""https://www.last.fm/music/Lewis+Taylor"">Read more on Last.fm</a>",
Hooverphonic,1275560,31302677,"Hooverphonic is a Belgian rock/pop group formed in 1995. Though initially placed in the trip-hop genre, they quickly expanded their sound to the point where they could no longer be classified so easily. The band originally called themselves Hoover but later changed their name to Hooverphonic due to other groups using the Hoover name.

The band achieved international recognition through the inclusion of the track 2Wicky (from A New Stereophonic Sound <a href=""https://www.last.fm/music/Hooverphonic"">Read more on Last.fm</a>",Belgium
Radioactive Man,63817,486097,"Keith Tenniswood, aka Radioactive Man, is also a member of Two Lone Swordsmen alongside Andrew Weatherall. <a href=""https://www.last.fm/music/Radioactive+Man"">Read more on Last.fm</a>",
DJ Lhasa,50402,309442,"DJ Lhasa aka Maurizio Braccagni is an italian DJ, he started his experience as DJ in 1987 and released his first record in 1989.
During his DJ nights he plays techno music, especially from north europe, and this style will influence his future artistic direction deeply.

In 1993, under the name of Two Cowboys, he reaches the top of the European Sales Charts with the track titled Everybody Gonfi Gon.
Thanks to this hit, Maurizio B. makes himself known as top deejay playing in many clubs in Europe and remixing many dance and pop acts i. <a href=""https://www.last.fm/music/DJ+Lhasa"">Read more on Last.fm</a>",Italy
Static-X,1534808,44042581,"Static-X was formed in 1994 from the ashes of Wayne Static and Ken Jay's former band, Deep Blue Dream. After searching for members in Chicago, IL, Static and Jay decided to go to Los Angeles to continue their search. There they met Tony Campos from the Mexican death metal band Asesino, and Koichi Fukuda, completing the band's original line-up. Static-X signed with Warner Brothers Records in early 1998.

The band's debut album, Wisconsin Death Trip, was released March 23, 1999. <a href=""https://www.last.fm/music/Static-X"">Read more on Last.fm</a>",Mexico
Lou Bega,981494,5676598,"David Lubega (aka Lou Bega) (born April 13, 1975 in Munich, Germany) is a Latin pop musician famous for his song ""Mambo No. 5"".  This song is a remake of the Perez Prado instrumental from 1952. Bega added new lyrics to the song and sampled the original version extensively.

Bega had a multicultural upbringing as his mother is Sicilian and his father is from Uganda. Bega spent time in Miami during his teenage years.

""Mambo No. 5"" became an instant worldwide hit <a href=""https://www.last.fm/music/Lou+Bega"">Read more on Last.fm</a>",
Four Tet,1305421,47300810,"Four Tet is the name used by Kieran Hebden (born 1977 in Putney, London, UK) for his experimental  electronic music-oriented solo efforts, to differentiate from his work with post-rock band Fridge.

Hebden's solo work typically utilises samples lifted from various sources including hip-hop, electronica, techno, jazz, and folk mixed with his own guitar playing. Four Tet shares some stylistic similarities with other musicians, such as Prefuse 73, who use computer editing techniques that give the music a staccato, cut-up feel. <a href=""https://www.last.fm/music/Four+Tet"">Read more on Last.fm</a>",
Lasgo,449609,4819225,"Lasgo is a Belgian electronic music group formed in 2000 by Peter Luts, Dave McCullen, and vocalist Evi Goffin. The group name was derived from the city name Glasgow, suggested by McCullen and modified to create Lasgo.

In 2008, Peter Luts announced on Belgian radio that Goffin would not return to the group after deciding to focus on motherhood. Luts, in collaboration with the Belgian television channel JIMtv, organized a televised search for a new vocalist, resulting in Jelle Van Dael joining the group as the new singer. <a href=""https://www.last.fm/music/Lasgo"">Read more on Last.fm</a>",Belgium
Orgy,618408,11398761,"Orgy was formed in Los Angeles, California in 1997 and signed to Korn's Elementree record label soon after. They quickly released their first album, ""Candyass."" Soon after, they performed the duty of opening act on the Family Values tour in '98, where they were introduced to many for the first time. Around then, they had their first hit with a cover of New Order's Blue Monday, followed with successful singles for Stitches and Fiction (Dreams in Digital). <a href=""https://www.last.fm/music/Orgy"">Read more on Last.fm</a>",
Sasha,524325,5677082,"There are currently several artists using the name Sasha:

1) Sasha, born Alexander Coe (born September 4, 1969), is a Welsh DJ and record producer. Late Night Tales Presents Sasha: Scene Delete was released in April 2016. He is also known for partnering with English DJ, John Digweed, as Sasha + Digweed. The pair released several mix albums together, including the Northern Exposure series (released between 1996 and 2001). They also released one of the all time best selling mix albums, The Renaissance Mix Collection part 1, in 1994. <a href=""https://www.last.fm/music/Sasha"">Read more on Last.fm</a>",
Fingathing,155137,1522139,"Fingathing are an instrumental jazz / hip-hop band from Manchester, UK, comprising classically trained Double bass player Sneaky and DJ / turntablist Peter Parker.

The duo first performed together as part of the backing band for Rae & Christian before teaming up. Over the course of the years, they have released several full length albums ; 'The Main Event' (2000), 'Superhero Music' (2002) and 'Fingathing and the Big Red Nebula Band' (2004), with a best of compilation following the year after. <a href=""https://www.last.fm/music/Fingathing"">Read more on Last.fm</a>",
Erika,224611,2969220,"There are multiple artists named Erika.
1) Erika Sawajiri (沢尻エリカ) who goes by ERIKA for her music releases, is a Japanese actress, model, gravure idol and singer. She passed the Stardust audition in 1999 after graduating from elementary school. The following year she became part of the idol unit ""ANGEL EYES"" and began modelling for junior fashion magazines like CUTiE and nicola. In 2001 she won the Grand Prize for that year's Seikore and became a regular on the BS news program Harajuku Launchers.  <a href=""https://www.last.fm/music/Erika"">Read more on Last.fm</a>",Japan
Clubringer,6402,35882,biografia no encontrada,
Frou Frou,1976466,35588401,"Frou Frou are an electronic music duo formed in England with two members: Imogen Heap and Guy Sigsworth, active from 2002 to 2003. The duo reformed in 2018 and released a live recording of ""Guitar Song"" on April 19, 2019. 

Frou Frou created an impressive brand of vocal-driven, electronic pop. After the British duo had been collaborating for years without a record deal, the group's debut, Details, was completed for American release on MCA Records in 2002. <a href=""https://www.last.fm/music/Frou+Frou"">Read more on Last.fm</a>",United States
Wax Poetic,267386,2097831,"The New York trip-hop outfit Wax Poetic came together in 1997 under the reign of Turkish-born music guru Ilhan Ersahin. The group originated at the popular and now-defunct club Save the Robots, and consisted of a volatile group of musicians jamming together to create a heavy groove of drum 'n' bass blended with quick dance elements. Ersahin and company signed to Atlantic in the latter '90s and released their debut self-titled album Wax Poetic in June 2000. <a href=""https://www.last.fm/music/Wax+Poetic"">Read more on Last.fm</a>",
Nathan Fake,374694,5507261,"Nathan Fake is a British electronic musician whose lush, moody recordings range from atmospheric tech-house to vivid, shoegaze-influenced downtempo. The pastoral psychedelia of his 2006 debut album, Drowning in a Sea of Love, struck a chord with both critics and fans, gaining the producer a loyal following. His subsequent releases have generally been more uptempo and maintain a sense of urgency and spontaneity. Fake often restricts himself to hardware-based equipment and records tracks in a single take. <a href=""https://www.last.fm/music/Nathan+Fake"">Read more on Last.fm</a>",United Kingdom
Delerium,868844,15114990,"There is more than one artist with this name:

1) Delerium is from Vancouver, British Columbia, Canada, formed in 1987, originally as another side project (Intermix being the more techno-sounding project) of the influential industrial music act, Front Line Assembly.

Delerium has traditionally been a two-person project, but the only constant member throughout its history has been Bill Leeb. After Michael Balch left both Front Line Assembly and Delerium <a href=""https://www.last.fm/music/Delerium"">Read more on Last.fm</a>",United Kingdom
The Mighty Bop,69447,1312240,"The Mighty Bop is a pseudonym of Christophe Le Friant, better known by the alias Bob Sinclar. Born 10 May 1967, he is a Grammy Award-nominated French record producer, House music DJ, remixer and owner of the label Yellow Productions.
Sinclar started DJing in 1986, when he was 18 years old, specialising in funk and hip-hop music, with the name Chris The French Kiss. His first club hit was ""Gym Tonic"", which was co-produced by Thomas Bangalter of Daft Punk, featuring vocals illegally taken from a Jane Fonda fitness tape. <a href=""https://www.last.fm/music/The+Mighty+Bop"">Read more on Last.fm</a>",France
Dzihan & Kamien,463718,6129649,"The sound of Vienna-based duo dZihan & Kamien (pronounced Jee-hahn and Kammy-en) can easily be compared with downtempo, soulful house sounds of Jazzanova, P'taah, or the Naked Music compilations. The duo hit popularity in 1996 with the single Der Bauch, which went big in European clubs and made appearances on several compilations. Their full-length album Freaks and Icons was released in late 2000.

Vlado dZihan is originally from Sarajevo and grew up in a predominantly musical household. <a href=""https://www.last.fm/music/Dzihan+&+Kamien"">Read more on Last.fm</a>",
The Cinematic Orchestra,1751617,38068970,"The Cinematic Orchestra is a UK-based jazz and electronic outfit, created in 1999 by composer/programmer/multi-instrumentalist Jason Swinscoe, which records on the Ninja Tune independent record label. 

Other members include Tom Chant (saxophone), Phil France (double bass), Luke Flowers (drums), Nick Ramm (piano), Stuart McCallum (guitar); former members include Jamie Coleman (trumpet), T. Daniel Howard (drums), Alex James (piano), and Patrick ""PC"" Carpenter (turntables).  <a href=""https://www.last.fm/music/The+Cinematic+Orchestra"">Read more on Last.fm</a>",
Urbs & Cutex,21723,168704,biografia no encontrada,
Martina Topley-Bird,536659,6786770,"Martina Topley-Bird is a vocalist and songwriter from Shepherd's Bush, West London, United Kingdom, who first gained fame as the female vocalist on trip-hop pioneer Tricky's (Adrian Thaws) debut album, Maxinquaye, (a printing error credited her as ""Martine"") in 1993. She continued her collaboration with Tricky on his follow-up album Pre-Millennium Tension as well as his Nearly God side-project. Topley-Bird had a child, Maisie, with Thaws.

In 1998 <a href=""https://www.last.fm/music/Martina+Topley-Bird"">Read more on Last.fm</a>",
Gladys And The Boxers,7089,22750,biografia no encontrada,
DJ Toxic,17239,135440,"Always named as a big talent, DJ Toxic also known as Philipp Braccini has grown up in a musical environment. He learned to play guitar early and had his first performances at the age of 12 with his Grunge band. In 1996, DJ Toxic started to spin records. He has composed his first tracks and was soon discovered by the label Free Power Records.
In 2003, DJ Toxic had his first VIVA-TV-Hit ""Secret Melody"" with the Free Power Team. That was the moment when his career started. <a href=""https://www.last.fm/music/DJ+Toxic"">Read more on Last.fm</a>",
Kyoto Jazz Massive,211258,2877645,"Kyoto Jazz Massive is a musical project specialising in broken beat and electronic styles, consisting of the two brothers Okino Shuya (沖野修也) and Okino Yoshihiro (沖野好洋). Although the brothers have been DJ's since the late 1980's, they have been remixing and composing as far back as the early 1990's.
Since they formed Kyoto Jazz Massive as a DJ unit in the beginning of 90's, they have built a Japanese Jazz Crossover Music scene in Japan and also succesfully built a following overseas.  <a href=""https://www.last.fm/music/Kyoto+Jazz+Massive"">Read more on Last.fm</a>",Japan
2 Eivissa,46621,255100,"2 Eivissa is an Eurodance project created by Spanish-German based production Team 33.
Team 33 are Ambrogio Crotti, Luis Rodrigues Salazar, David Granados Lacera and Luigi Ricco.
2 Eivissa featured the vocalists Terri Bjerre and Melannie Molinnus on the tracks ""Oh La La La"" and ""Move Your Body"".
They were replaced in 1999 by Jobel (Lian Ross), although the live act was fronted by Jane and Francine (2 Blond Bandits) until 2000. 
They were featured on ""I Wanna Be Your Toy"" and ""Bad Girl"". <a href=""https://www.last.fm/music/2+Eivissa"">Read more on Last.fm</a>",
Missing Heart,28293,254354,"Missing Heart is a German project from BROS team (David Brandes, Felix J. Gauder, Gary Jones and others).
The project was on and off since 1994, with Lyane Leigh, the ex vocalist from E-Rotic.
In 2000, Manu More joined the project. Missing Heart released only one album, called ""Mystery"".

Missing Heart is known for the Dance Dance Revolution Hit: Moonlight Shadow. Queen of Light, Charlene and Fly Away also make apperances in Roxor's dancing game In The Groove. <a href=""https://www.last.fm/music/Missing+Heart"">Read more on Last.fm</a>",Germany
Gotan Project,799573,18216085,"Gotan Project is an electrotango group based in Paris, consisting of Frenchman Philippe Cohen Solal, Eduardo Makaroff from Argentina, and Christoph H. Müller, from Switzerland and a former member of Touch El Arab.

They formed in 1999. Their first release was Vuelvo Al Sur/El Capitalismo Foráneo in 2000, followed by the album La Revancha del Tango in 2001. Their music is clearly tango, but also uses electronic elements such as samples, beats and breaks. <a href=""https://www.last.fm/music/Gotan+Project"">Read more on Last.fm</a>",
Divinorum,6495,59112,"1.Divinorum produces big, lush, full-on trance & electronica.

The project was started in 1997 by the composer/producer Bjørn Lynne. 
Bjorn Lynne is from Norway and lives in Stavern. Today Bjorn Lynne is producing professional background music with his company Shockwave Sound (http://www.Shockwave-Sound.com)

2.Black\death metal band from USA.
https://www.facebook.com/DivinorumBand <a href=""https://www.last.fm/music/Divinorum"">Read more on Last.fm</a>",
Death in Vegas,847862,11806870,"Death in Vegas are an English electronic music group, for which Richard Fearless serves as frontman. The band was formed in 1994 by Fearless and Steve Hellier and signed to Concrete Records under the name of Dead Elvis. Owing to an Irish record label of the same name, Dead Elvis became the title of their first album instead.
Studio albums:
1997: Dead Elvis
1999: The Contino Sessions
2003: Scorpio Rising
2004: Satan’s Circus
2011: Trans-Love Energies
2016: Transmission
2025: Death Mask <a href=""https://www.last.fm/music/Death+in+Vegas"">Read more on Last.fm</a>",Ireland
Highland,65567,739676,"There are two artists with the name Highland. 

1. Highland is a dance/hip-hop group from Germany. Their music is recognizable for using Italian and sometimes Latin singing together with hip-hop beats and rapping in English. Band members are the singer Nicole Heiland and the rappers Dean ""Dirty-D"" Burke and Patrice ""Lady Scar"" Gansau. Their music is written and produced by Mike Michaels, Mark ""MM"" Dollar and Mark Tabak, known as the Triple-M crew, who are also behind the artists and bands such as Music Instructor, The Boyz and Ayman. <a href=""https://www.last.fm/music/Highland"">Read more on Last.fm</a>",Italy
FC Kahuna,218788,1642812,"Same as FC/Kahuna. <a href=""https://www.last.fm/music/+noredirect/FC+Kahuna"">Read more on Last.fm</a>",
Morrissey,1772594,81932866,"Steven Patrick Morrissey, better known as Morrissey, is a British singer and lyricist of Irish descent born in Davyhulme, Manchester, United Kingdom on May 22, 1959.

He was the lead singer of The Smiths, one of the most influential alternative bands in the 1980s. The group split up in 1987 and Morrissey started a successful solo career.

His first solo album, Viva Hate was released only six months after The Smiths split, in March 1988. The album's first single ""Suedehead"" peaked at #5 <a href=""https://www.last.fm/music/Morrissey"">Read more on Last.fm</a>",Ireland
Solsonics,17330,77434,"In 1991, bassist Jez Colin and percussionist Willie McNeil formed the Solsonics from Los Angeles's underground club scene. Although the band plays soul-jazz with updated hip-hop rhythms, elements of Afro-Cuban and reggae music also appear. The Solsonics first gained a national release when Chrysalis released Jazz in the Present Tense in 1993. ~ John Bush, All Music Guide <a href=""https://www.last.fm/music/Solsonics"">Read more on Last.fm</a>",
Daddy DJ,107120,667629,"Daddy DJ is a French Dance project that became popular with the release of their mega-hit ""Daddy DJ"". This project consists of David, singer born in New Caledonia, Jean-Christophe who plays keyboards and did remixes for such projects as Gigi D'Agostino, Dead or Alive and Blondie. The last member of the group is Charly, born in Martinique. <a href=""https://www.last.fm/music/Daddy+DJ"">Read more on Last.fm</a>",France
DJ Satomi,157149,1331528,"Born in Rome, DJ Satomi began his DJ career at the age of 15. He started out playing clubs all over the city including Piper, New Open Gate, and Alien Disco. In 1996 Satomi met the famous international team Prezioso. This changed the way he perceived his music, and he started to alternate the gigs with hour after hour passed in a studio, learning the ""precious"" art of producing. Thanks to the support and help of Marvin & Andrea Prezioso, in 1997 he released his first record titled ""Simon Templar - Electricity"". <a href=""https://www.last.fm/music/DJ+Satomi"">Read more on Last.fm</a>",
Alice Deejay,1020351,8356928,"Alice Deejay was a Dutch Eurodance project founded and produced by Wessel van Diepen, Dennis van den Driesschen, Sebastiaan Molijn, and Eelke Kalberg (known as Pronti & Kalmani) and fronted by singer Judith Anna Pronk. The group achieved worldwide success with the 1998 single ""Better Off Alone"", which sold over one million albums and five million singles globally.

Formed in 1998, Alice Deejay launched their career with the debut single ""Better Off Alone"", originally credited as DJ Jurgen presents Alice Deejay. <a href=""https://www.last.fm/music/Alice+Deejay"">Read more on Last.fm</a>",Netherlands
Elsa,60278,429027,"There are four artists recording under the name Elsa:

1. Elsa is a shoegaze-y indie rock band from Toronto, Ontario, Canada. Their membership includes Jonathan Rogers, Jesse Mirsky, Matthew Goldman, Angie Wong and Mike Aber. They recently released a new EP titled The Never Come Down on One Big Silence Records.

2. Elsa is a late-sixties era ye-ye girl. Strongly influenced by Bob Dylan, she gravitated toward the folk-rock genre, her song lyrics strongly reflecting typical beat generation themes and protest song structure.  <a href=""https://www.last.fm/music/Elsa"">Read more on Last.fm</a>",
St Germain,313138,4292776,"St. Germain is the stage name of Ludovic Navarre, a French musician. His style has been described as being a combination of house and nu jazz music.
 <a href=""https://www.last.fm/music/+noredirect/St+Germain"">Read more on Last.fm</a>",France
Rimini Project,25410,200180,"Rimini Project is a dance trio based in Austria. The group consists of Sarah K. (born Ester Olaide Ajewole in Paris in 1979), her older brother Sammy B. (born Samuel Oladipo Ajewole in Paris in 1977), and Scandinavia (aka Anna Louise Molander - born in Hudiksvall, Sweden in 1974). 

Rimini Project came about as a result of Sarah K. winning a song contest held at a club in Rimini in 1999. Producer Hubert Rinder approached her after the contest about starting a dance project.
 <a href=""https://www.last.fm/music/Rimini+Project"">Read more on Last.fm</a>",
Benny Benassi,1706588,18985127,"Marco Benassi, better known as Benny Benassi (born in Milan, 13 July 1967) is an Italian disc jockey and a euro house artist.

He usually works in studio with cousin Alle Benassi. The two also produce tracks together under the name Benassi Bros. The duo started DJing in the late 80s in their hometown, before moving to Larry Pignagnoli's Off Limits production studio in the mid 90s, creating music for various acts, including Whigfield, J.K. and Ally & Jo. <a href=""https://www.last.fm/music/Benny+Benassi"">Read more on Last.fm</a>",Italy
Boom Bip,216387,1842090,"Bryan Hollon, aka Boom Bip, is a producer and musician who experiments with many different genres and has developed a sound of his own. His music is mostly instrumental, but over the course of his career he has collaborated with several vocalists. Boom Bip is also known for the remix work that he has done for many artists on several different record labels. Some of those artists include Hot Hot Heat, Mogwai, Four Tet, M83, Danny Elfman, Pet, and Super Furry Animals. <a href=""https://www.last.fm/music/Boom+Bip"">Read more on Last.fm</a>",
Hybrid,413122,8987213,"At least six musical acts are known to go by the name Hybrid. In order of popularity:

1) Mike Truman and Chris Healings have been writing, producing, touring and DJing all over the globe for the best part of a decade, amassing near 250 productions. The duo has written four LPs to date: Wide Angle, 1999; Morning Sci-Fi, 2003; I Choose Noise, 2006; and Disappear Here, 2010 – all on Distinctive.

Since first bursting onto the scene with the now classic album <a href=""https://www.last.fm/music/Hybrid"">Read more on Last.fm</a>",
Paris Match,61179,1568008,"paris match (パリス・マッチ) is a Japanese pop-jazz band, consisting of Mari Mizuno (vocals) and Yosuke Sugiyama (music). Their name is based on a track from an Album by The Style Council, Café Bleu. The band was formed in 1998 by Tai Furusawa and Yosuke Sugiyama. Both had already experiences in the music business - Furusawa as a DJ and composer and he organized club events; Sugiyama was an experienced producer, arranger and remixer. They met singer Mari Mizuno when she and Sugiyama worked for a radio station in Nagoya at the same time. <a href=""https://www.last.fm/music/Paris+Match"">Read more on Last.fm</a>",Japan
DJs@Work,14613,80746,biografia no encontrada,
Infernal,339725,3596879,"There are nine artists with the name ‘Infernal’: 

1. A Danish dance/pop duo. They first met in 1991 through mutual friends and formed a band in 1997, with Søren Haarh leaving the group in 2000. The duo now consists of Paw Lagerman (born 1977) and Lina Rafn (born 1976), both from Copenhagen, Denmark. 
So far, they have released 4 studio albums and a remix album. But it was only recently with the release of their third album ‘From Paris to Berlin’ that they received international success. <a href=""https://www.last.fm/music/Infernal"">Read more on Last.fm</a>",
Idris Muhammad,262521,1991255,"Idris Muhammad (November 13, 1939 - July 29, 2014)  was a jazz  drummer.  Born in New Orleans, Louisiana as Leo Morris before changing his name in the 1960s upon his conversion to Islam. He is known for his funky playing style. He has released a number of albums as leader, and has played with a number of jazz legends including Lou Donaldson, Johnny Griffin, Pharoah Sanders and Grover Washington, Jr. In 2011 he toured internationally with pianist Ahmad Jamal.   <a href=""https://www.last.fm/music/Idris+Muhammad"">Read more on Last.fm</a>",
Masculados,12398,42463,"Masculados is an all-male song-and-dance group composed of Zoltan Amore, Omar Principe, Bok, Kiro Amirati, Lexter Lazaro, Robin Robel, and Ailex De Asis. The group has two albums, self-titled Masculados and Nakaka…, both under Universal Records. The group is discovered by movie and television director Maryo J. Delos Reyes. <a href=""https://www.last.fm/music/Masculados"">Read more on Last.fm</a>",
Clazziquai,50689,2130897,"Clazziquai Project (클래지콰이) is an electronic trio from South Korea consisting of DJ Clazzi,  Alex (알렉스) and Horan (호란). Alex's older sister, Christina,  was an original member of the project group, but was unable to continue to participate and was later replaced by Horan.

Clazziquai (Classic + Jazz + Groove) initially started out as an experimental project by leader and mastermind, DJ Clazzi a.k.a 김성훈 (Kim Sung-hoon). Kim graduated from Capilano College, and continued his study at CDIS (Center for Digital Image). <a href=""https://www.last.fm/music/+noredirect/Clazziquai"">Read more on Last.fm</a>",
Gorillaz,6592412,474194806,"Gorillaz is a British virtual band created in 1998 by musician Damon Albarn and artist Jamie Hewlett. The band currently consists of four animated members: Murdoc Niccals (bass guitar) who formed the band, 2-D (lead vocals, keyboards), Noodle (guitar, vocals) and Russel Hobbs (drums and percussion). Their fictional universe is explored through animated music videos, interviews and animated shorts. In reality, Albarn is the only permanent musical contributor and often collaborates with other musicians. <a href=""https://www.last.fm/music/Gorillaz"">Read more on Last.fm</a>",United Kingdom
Klubbhoppers,19332,98838,"2 Dj´s from Austria , Alexander Wyhnalek, Mario Plotz make Dance/Trance tracks <a href=""https://www.last.fm/music/Klubbhoppers"">Read more on Last.fm</a>",
Tosca,869848,15597247,"Tosca is an electronic music project of Richard Dorfmeister and Rupert Huber formed 1994 in Vienna. It is Dorfmeister's second such project, the first being Kruder & Dorfmeister. Tosca's first album, Opera, was released in 1997 by G-Stone Recordings.

Richard Dorfmeister and Rupert Huber first met in school, and began experimenting with tape machines, Indian music, and poetry lyrics, under the name of Dehli9. After school, Dorfmeister and Huber went their separate ways: Dorfmeister began producing and DJing with Peter Kruder <a href=""https://www.last.fm/music/Tosca"">Read more on Last.fm</a>",India
John The Whistler,6413,42546,"John The Whistler is Umberto Carli, a Bubblegum Macho artist from Denmark. He is most well-known for his 2000 single ""I'm In Love"" which appeared on his debut album, It's Crazy (2001). John The Whistler is produced under the Edel Records label (Germany & Denmark). His song ""I'm In Love"" has also appeared on a number of dance compilation albums, including Absolute Hits 2000 and Absolute Kids 2.

Like Holly Dolly, Crazy Frog, and Gummibear, a computer-generated character appears in the music videos singing along to the songs. <a href=""https://www.last.fm/music/John+The+Whistler"">Read more on Last.fm</a>",
Eric Prydz,1447825,14977241,"Eric Prydz is a Swedish DJ and producer best known for his 2004 hit single ""Call On Me"", his remix of Pink Floyd's ""Another Brick In The Wall"" (known as ""Proper Education"") and more recently the anthem ""Pjanoo"". 

He also releases music under the aliases of Cirez D, Pryda and Sheridan. Prydz produces electronic music which falls into a variety of sub genres, most notably house (Including electro house and tech house), minimal and techno.

Aside from producing music Prydz also runs the record labels Pryda <a href=""https://www.last.fm/music/Eric+Prydz"">Read more on Last.fm</a>",
Handsome Boy Modeling School,605971,7094361,"Handsome Boy Modeling School were Prince Paul (best-known for his work with De la Soul and Stetsasonic) and Dan Nakamura (a.k.a. Dan the Automator), hugely successful hip-hop producers in their own right.  They released two CDs in total: So...How's Your Girl? in 1999 and White People in 2004, collaborating with a mix of diverse artists, ranging from hip-hop heavyweights Del tha Funkee Homosapien and RZA through to The Mars Volta and indie-darling Cat Power. <a href=""https://www.last.fm/music/Handsome+Boy+Modeling+School"">Read more on Last.fm</a>",
Hird,289650,3441673,"Christoffer Berg was born and raised by two musicians in Gothenburg, Sweden. Growing up in a musical environment made it possible for Christoffer to play around with music from the early days of childhood, which might explain his relaxed attitude towards creating music. Christoffer ""Hird"" Berg does everything himself: drums, percussion, keyboards, guitar and vocals. <a href=""https://www.last.fm/music/Hird"">Read more on Last.fm</a>",
MONDO GROSSO,211098,3812628,"MONDO GROSSO (It: Big World), originally the name of the Kyoto-based acid jazz band formed in Kyoto in 1991, eventually came to be the main alias of composer, DJ, musician, producer, and former MONDO GROSSO leader and bassist, Shinichi Osawa. Releasing innovative tunes with his solo projects, Osawa has set out countless producing and remix works for both Japanese and international artists. As a composer and producer, Osawa has worked with Japanese artists such as Amuro Namie, UA, Monday Michiru, bird, Nobuchika Eri, BoA, and Crystal Kay. <a href=""https://www.last.fm/music/MONDO+GROSSO"">Read more on Last.fm</a>",Japan
Morcheeba,1655297,51820088,"Morcheeba is an English electronic band formed in the mid-1990s with founding members vocalist Skye Edwards and the brothers Paul and Ross Godfrey. They mix influences from trip hop, rock, folk rock and downtempo, and have produced nine regular studio albums since 1995, two of which reached the UK top ten.[1] Edwards left the band in 2003, after which the brothers used a number of singers before she rejoined in 2009. They recruit additional members for their live performances and have toured internationally. <a href=""https://www.last.fm/music/Morcheeba"">Read more on Last.fm</a>",
Jamiroquai,2731006,97262067,"Jamiroquai is an English funk and acid jazz band from London. Formed in 1992, they are fronted by vocalist Jay Kay, and were prominent in the London-based funk and acid jazz movement of the 1990s. They built on their acid jazz sound in their early releases and later drew from rock, disco, electronic and Latin music genres. Lyrically, the group has addressed social and environmental justice. Kay has remained as the only original member through several line-up changes. <a href=""https://www.last.fm/music/Jamiroquai"">Read more on Last.fm</a>",
Bowery Electric,298626,6064795,"Bowery Electric was an American band formed in New York in 1993 by Lawrence Chandler and Martha Schwendener. They released three albums between 1995 and 2000, including the critically praised Beat (1996).

Formed by Lawrence Chandler and Martha Schwendener in late 1993, Bowery Electric played their first show in New York City in January 1994. The band's debut double 7-inch single was recorded by Kramer and released by Hi-Fidelity Recordings in 1994. After listening to it, Kranky contacted the band. <a href=""https://www.last.fm/music/Bowery+Electric"">Read more on Last.fm</a>",United States
Vhen Bautista,395,10619,biografia no encontrada,
Massive Attack,3706409,180454035,"Massive Attack is an English trip hop collective formed in 1988 in Bristol by Robert ""3D"" Del Naja, Adrian ""Tricky"" Thaws, Andrew ""Mushroom"" Vowles and Grant ""Daddy G"" Marshall.

The debut Massive Attack album Blue Lines was released in 1991, with the single ""Unfinished Sympathy"" reaching the charts and later being voted the 63rd greatest song of all time in a poll by NME. 1998's Mezzanine (containing the top 10 single ""Teardrop"") and 2003's 100th Window charted in the UK at number one. <a href=""https://www.last.fm/music/Massive+Attack"">Read more on Last.fm</a>",
Conjure One,449014,7088817,"Conjure One is the label given to the creative outlet for Canadian producer Rhys Fulber, also member of the electro-industrial band Front Line Assembly and the ethnic electronica band Delerium. With a stylistic origin based in the genre of electronica, his songs usually range between downtempo, ambient and pop, also bearing strong influences from world music and Central Asian culture. It can also be observed to seek a fusion between the contrast of organic and electronic sounds, sometimes leaning more towards one direction than the other. <a href=""https://www.last.fm/music/Conjure+One"">Read more on Last.fm</a>",Canada
A Touch of Class,435530,3268009,"A Touch of Class was a pop group based in Germany, although the four members each came from different countries—Joseph ""Joey"" Murray from New Zealand, Sarah Egglestone from Australia, Tracey Elizabeth Packham from England, and Livio Salvi from Italy. The four met in Hamburg, where they were all cast members of the German production of the stage musical ""Cats"".

Their first single, ""Around The World (La La La La La)"" (which was a cover of the song ""Pesenka"" of the Russian group Ruki Vverh) was number one in Germany for six weeks in 2000. <a href=""https://www.last.fm/music/A+Touch+of+Class"">Read more on Last.fm</a>",Germany
The Karminsky Experience Inc.,111954,1053116,"DJs Martin Dingle and James Munns formed The Karminsky Experience Inc. in January of 1991. After a series of successful and influential club nights in and around London, The Karminsky Experience Inc. released three compilations for Polygram. ""Inflight Entertainment"", ""Espresso Espresso"" and ""Further Inflight Entertainment"" were released to critical acclaim between 1996 and 1997 and had combined global sales of nearly 100,000 copies.

After the release of their first compilations for Polygram, The Karminsky Experience Inc. <a href=""https://www.last.fm/music/The+Karminsky+Experience+Inc."">Read more on Last.fm</a>",
E-Type,290179,5008186,"There are two artists named E-Type:

1) Swedish singer.
2) English old school hardcore producer.

E-type (real name: Bo Martin Erik Eriksson) is a Swedish Eurodance singer born on August 27, 1965. He became known to the audience in 1991 when the hit single ""We've Got the Atmosphere"" was released. This single went directly to the top of the Swedish charts. After that, E-type became well known in the Swedish entertainment world as a television host, film soundtrack composer and a song writer for several Swedish artists. <a href=""https://www.last.fm/music/E-Type"">Read more on Last.fm</a>",
DJ Nu-Mark,69053,438904,"DJ Nu-Mark is a hip-hop DJ mostly known for his membership of Jurassic 5, an American now only five-piece hip-hop crew with a DJ and four MCs, the other DJ used to be Cut Chemist. He is also a renowned hip-hop producer and DJ.

His discography includes all four Jurassic 5 album releases (Jurassic 5 LP, Quality Control, Power in Numbers and Feedback), a Sequence Session Mixtape CD entitled Hands On and his most recent project, collaborating with Pomo to create Blendcrafters. <a href=""https://www.last.fm/music/DJ+Nu-Mark"">Read more on Last.fm</a>",United States
Bomfunk MC's,664265,6742240,"Bomfunk MC'S were a Finnish breakbeat and hip-hop supergroup formed in 1997 by Ismo ""Gismo"" Lappalainen and Raymond ""B.O.Dubb"" Ebanks, whose hit Freestyler became 1999's best-selling single in Europe. The band were together until around 2005 when they faded from the public eye and ceased to release any work. The current situation of the band is not known for sure, and no certain answer as to whether they are still together or will make music in the future is clear. <a href=""https://www.last.fm/music/Bomfunk+MC%27s"">Read more on Last.fm</a>",
Shakedown,288305,1583828,"The Swedish-Swiss dance act made up of Mandrax and Seb K, best known for the hit ""At Night"".

By the time they started Shakedown in 1999, Mandrax and Seb K. already had a good idea of each other’s musicality: they’re brothers, blending Swiss and Swedish backgrounds. Stephan Mandrax is no newcomer to electronic music. Initially a fan of new wave and punk (making his 1984 DJ debut in a rock club), house music found him in 1986. Stephan moved to New York in 1992 <a href=""https://www.last.fm/music/Shakedown"">Read more on Last.fm</a>",
Catrien,6182,45053,biografia no encontrada,
Alex C.,195084,1978733,biografia no encontrada,
Kraftwerk,1364895,41179777,"Kraftwerk (""power plant"" in English) are an electronic band founded in 1970 in Düsseldorf, Germany. They pioneered electronic music in the 70s and are considered the most important and influential band of their genre, often described as ""the godfathers of electronic music"". Kraftwerk's sound is minimalistic and strictly electronic; it combines driving, repetitive rhythms with catchy melodies and vocals usually sung through a vocoder. The current line-up consists of Ralf Hütter (the only original member) <a href=""https://www.last.fm/music/Kraftwerk"">Read more on Last.fm</a>",
Boozoo Bajou,566371,7192368,"Boozoo Bajou is a musical duo from Germany. They are noted for their distinct blend of Cajun sounds with island rhythms. 2014 saw the release of their latest album, 4. The Nuremberg natives behind the music are Peter Heider and Florian Seyberth. Boozoo Bajou's first album, Satta, was released in 2001. The list of Boozoo Bajou remixes for other artists include Common, Tosca, Trüby Trio, and Tony Joe White.

Summer 2001: On the Nuremberg based Downbeat/Lounge/Nu <a href=""https://www.last.fm/music/Boozoo+Bajou"">Read more on Last.fm</a>",
Incognito,420589,6291856,"There are multiple artists called Incognito:

1. An acid jazz project by Jean-Paul ""Bluey"" Maunick with deep roots in the 1970's jazz/funk/fusion world (active from 1979 to present) See below 1. for their discography.

2. A smooth jazz online group from Tupelo Records /  IODA. No other information found about this unregistered band (""Buy at Insound"" link is broken). They released similar or exactly the same title tunes/logo as the other Incognito above. (See below for details) <a href=""https://www.last.fm/music/Incognito"">Read more on Last.fm</a>",
DJ Shadow,1968220,57602856,"Considered a prominent figure in the development of instrumental hip-hop, DJ Shadow (real name Josh Davis) has proven himself with groundbreaking, genre-defining solo output on such respected labels as Solesides and Mo' Wax.

DJ Shadow spent his teenage years in Davis, California and was a DJ at the community radio station KDVS. During his time as a radio disc jockey, DJ Shadow was significant in developing the experimental instrumental hip-hop style associated with the California-based Solesides record label. <a href=""https://www.last.fm/music/DJ+Shadow"">Read more on Last.fm</a>",
Novaspace,215836,1698663,"Novaspace is a German Eurodance project which between 2002 and 2004 has covered several '80s hits such as ""Time After Time"", ""Guardian Angel"" and ""Beds Are Burning"". They have reached the Top-20 in Germany, Austria as well as in Australia.

Novaspace which originated in 2002 by producer Felix Gauder was first fronted by Jessica Boehrs (singer) who was later replaced by Jenny Marsala.

Jessica Boehrs started singing in 1996 in the band JessVaness. She was a background-singer in some songs of Caught in the Act and Tic Tac Toe. <a href=""https://www.last.fm/music/Novaspace"">Read more on Last.fm</a>",Germany
Charanjit Singh,32091,296181,"Charanjit Singh (1940 - 2015) started out as a session musician, playing on numerous Bollywood film soundtracks throughout the 1960s and 1970s, before moving on to compose music himself. In 1982 he imported with much pain some of the latest synthesizer equipment into India. A good investment as Bollywood composers liked to feature the latest sound in their songs, and with these keyboards Singh spiced up numerous Bollywood recordings. 

But apart from that <a href=""https://www.last.fm/music/Charanjit+Singh"">Read more on Last.fm</a>",
Floorfilla,110375,707455,"The FLOORFILLA project was born in 1998 in the town of Reggio Emilia (Italy) and precisely inside the studio of DJ CERLA, a very well known dance producer author of massive hit singles as “Rotterdam” (1993) and “Wonder” (1995). DJ Cerla was working on a new sound which needed a rap lyric to be sampled. The legend tells that during a night in a club Dj Cerla remained astonished by the performance of MOMO B. a french MC, percussionist and dancer. <a href=""https://www.last.fm/music/Floorfilla"">Read more on Last.fm</a>",France
James,987625,19232418,"There are several artists in this entry:

1) a British alternative rock band formed in 1981 in Manchester
2) the vocalist of popular Bangladeshi band Nagar Baul
3) a Dutch rapper connected to the Fakkelteitgroep. 
4) James, South Korean Musician

1) James is an indie rock band formed 1981 in Manchester, England

The band's sound is mostly defined by their lead singer Tim Booth's resonating vocals and emotional lyrics, as well as a spirit of experimentation that they held onto throughout their active career. <a href=""https://www.last.fm/music/James"">Read more on Last.fm</a>",Netherlands
Jazzanova,608847,8883367,"Jazzanova is a crew of DJs/producers from Germany (Berlin, Hamburg & Munich), inc' Alexander Barck, Axel Reinemer, Claas Brieler, Jürgen von Knoblauch, Roskow Kretschmann & Stefan Leisering.  They have been producing hits in the breakbeat / electronic scene since 1996.  Their music fuses many styles, including:  acid jazz, soul & broken beat. <a href=""https://www.last.fm/music/Jazzanova"">Read more on Last.fm</a>",
La Bouche,872561,6566835,"La Bouche (French for ""The Mouth"") is a German-American Eurodance duo known for the hits ""Be My Lover"", ""Sweet Dreams"", ""You Won't Forget Me"", and ""S.O.S."" The group was founded in 1994 by record producer Frank Farian in Frankfurt am Main, who collaborated with techno DJ Ulli Brenner and producer Amir Saraf to create the music, while American singer Melanie Thornton and American rapper and singer Lane McCray served as the front performers.

Thornton and McCray had previously collaborated in music before forming La Bouche. <a href=""https://www.last.fm/music/La+Bouche"">Read more on Last.fm</a>",United States
Prefuse 73,592310,15707615,"Prefuse 73 is a pseudonym of Barcelona, Spain, hip-hop / electronic producer / artist Guillermo Scott Herren (aka Delarosa and Asora, Piano Overlord and Ahmad Szabo). He also performs with Eva Puyuelo Muns, in a duo known as Savath & Savalas.  Herren debuted with EP Estrocaro (Oct 2000, Warp – aka Estrocaro EP) and his latest album is Estrocaro (16 Apr 2011, Beat / Jp – Warp / RoTW).

He began his career DJing at MJQ, a small night club in Atlanta, and then began working in commercial studios but soon branched out into his own music. <a href=""https://www.last.fm/music/Prefuse+73"">Read more on Last.fm</a>",
Special D.,255482,1767469,"There are multiple artists with this name:

1) Special D. (real name Dennis Horstmann) is a German DJ and dance music artist who is particularly popular in The Netherlands, where he won the ""Best Dance International"" award at the 2004 TMF NL Awards. He is also popular among the Euro-Trance scene in North America.

His best known track, ""Come With Me"", reached number #6 in the UK Singles Chart and #4 in the Irish Singles Chart in April 2004.

2) Special D is an American Christian alternative rock band from western Kentucky. <a href=""https://www.last.fm/music/Special+D."">Read more on Last.fm</a>",Germany
weirdo girl,42581,415002,biografia no encontrada,
Safri Duo,386914,3421197,"Safri Duo is a Danish percussion duo composed of Uffe Savery (born April 5, 1966) and Morten Friis (born August 21, 1968). Initially classically oriented, by 1999 they were discovered by a label executive working on classical music. After being signed, a track mixing both tribal sound and modern electronica was set to be released in 2000 The result was the tremendously popular ""Played-a-live (The Bongo Song),"" that became one of the most popular songs in Europe that year. <a href=""https://www.last.fm/music/Safri+Duo"">Read more on Last.fm</a>",
Mandalay,430288,4157547,"For their current activities, see www.mandalay-music.com / www.saulfreeman.com / www.nicolahitchcock.com

Vocalist and songwriter Nicola Hitchcock and Saul Freeman Ex-Thieves joined forces in the mid-nineties to form Mandalay, signed to V2 records and released three albums.  Mandalay's debut album ""Empathy"" release in 1998.  In 2000, Mandalay release their second album ""Instinct"".  In 2001,  ""Solace"" a two disc album released exclusively in the US. <a href=""https://www.last.fm/music/Mandalay"">Read more on Last.fm</a>",
AndreiD,2220,11070,biografia no encontrada,
Solid Base,68924,840605,"Solid Base is a Swedish eurodance group.

Lead singer in the group is Isabelle Heitman, she was born in Oslo, Norway in 1972 and has had a passion for singing since her childhood. At the age of 10 she moved to Gothenburg, Sweden. A few year afters when she had moved to Stockholm she started to sing in various talent competitions. One day she got a phone call from the producer Pat Reiniz asking her to sing for him. She ended up singing for Cool James and Black Teacher on their album. <a href=""https://www.last.fm/music/Solid+Base"">Read more on Last.fm</a>",
New Order,3063211,112463449,"New Order is an English new wave/synthpop band which formed in 1980 in Salford, England, United Kingdom by the three remaining members of Joy Division. The band's classic lineup consists of Bernard Sumner (vocals, guitar, keyboards), Peter Hook (bass, electronic percussion), Gillian Gilbert (keyboards, guitar) and Stephen Morris (drums, keyboards). The group effectively disbanded in 1993 but reformed in 1998. Gilbert left in 2001 to look after her and Morris' children and was replaced by guitarist/keyboardist Phil Cunningham. <a href=""https://www.last.fm/music/New+Order"">Read more on Last.fm</a>",
RJD2,1206207,34641508,"RJD2 is Ramble John Krohn, a hip-hop producer. RJD2 was born in Eugene, Oregon, and raised in Columbus, Ohio. Until recently, he was part of the Definitive Jux label and produced tracks for many of its artists, as well as having a solo career.  In 2006, RJ ""ditched hip-hop"" for the indie-rock label XL, releasing The Third Hand in March 2007.

From 1998 to 1999, he saw success blossom as DJ/producer for the Columbus-based group the Megahertz, with two twelve-inch singles on Bobbito Garcia's legendary NY label, Fondle 'Em Records. <a href=""https://www.last.fm/music/RJD2"">Read more on Last.fm</a>",
Nils Petter Molvær,180348,2333726,"Nils Petter Molvær (born September 18 1960 in Sula, Norway) is a Norwegian trumpet player, composer and producer, who connects multiple music styles - jazz, ambient, house, electronic and break beats, as well as elements from hip hop, rock and pop music - and melts them into convincing soundscapes of deep intensity. Often eclectic, Molvær's style is similar to avant-garde trumpeter Toshinori Kondo. His interest in both acoustic and electric music shows the ease with which he handles the conventions of pop <a href=""https://www.last.fm/music/+noredirect/Nils+Petter+Molv%C3%A6r"">Read more on Last.fm</a>",Norway
Paul Kalkbrenner,713692,26532073,"Paul Kalkbrenner (1977) is a producer, DJ and actor from Berlin, Germany. He is signed to the famous Bpitch control label founded by Ellen Allien.

Starting as a trumpet player and studying music theory, Kalkbrenner later switched to electronic music. In 1999 he released his first tracks under the name of Paul dB+. As a live act, he performs using Ableton Live in combination with midi controllers and hardware synthesizers.

In 2008 he composed the sountrack for the German movie Berlin Calling in which he also is the leading actor. <a href=""https://www.last.fm/music/Paul+Kalkbrenner"">Read more on Last.fm</a>",Germany
Jan Jelinek,178773,2747092,"Jan Jelinek (whose monikers include Gramm, for Source Records, and Farben), is a Berlin-based producer of electronic music drawing influences from jazz, dub, funk, soul, and house.  Prior to releasing on the ~Scape label under his own name, he had put out albums as Farben (for Klang Elektronik).  On 2001's Loop-Finding-Jazz-Records, Jelinek manipulates fragments of sound from old jazz recordings, transforming them beyond recognition into completely new pieces of music. <a href=""https://www.last.fm/music/Jan+Jelinek"">Read more on Last.fm</a>",
Clara Hill,97744,1218466,"Clara started to discover the power of voice in the eighties, when she was singing alongside some tunes by Madonna. At a certain point it was clear to her that she wanted to join and front a band. Aged seventeen, she founded the acid jazz combo Superjuice, together with her friend Funès. In the early nineties, at the height of acid jazz, the band toured through Berlin clubs, gathering a high-profile reputation. During these years, Clara made her first steps in live music. <a href=""https://www.last.fm/music/Clara+Hill"">Read more on Last.fm</a>",
Flunk,737618,13053818,"Flunk is a Norwegian electronic band consisting of producer Ulf Nygaard, guitarist Jo Bakke, drummer Erik Ruud, and vocalist Anja Øyen Vister.

The band began as a project between Ulf and Jo in Oslo, Norway in the winter of 2000-01. Starting out as an instrumental and sampled vocal project, they were signed for a track on a compilation by Beatservice Records in Winter 2001. On hearing the finished track, label manager Vidar Hanssen signed the unnamed band for a full album. <a href=""https://www.last.fm/music/Flunk"">Read more on Last.fm</a>",Norway
Micatone,285929,3705772,"German electronic/jazz band: Boris Meinhold (guitar, synth), Tim Kroker (drums), Sebastian 'Hagen' Demmin (keyboards; worked as a live keyboarder with Daft Punk), Lisa Bassenge (vocals), Stefan Rogall (programming) and Paul Kleber (kontrabass).

After the splendid albums ""Nine Songs"" and ""Is You Is"", Micatone present their third album ""Nomad Songs"" on Sonarkollektiv. Their first two albums were more electronically influenced and showed their studio production abilities. <a href=""https://www.last.fm/music/Micatone"">Read more on Last.fm</a>",Germany
Visage,547390,4738633,"Visage were a British new romantic band formed in 1978 by Steve Strange (former member of the punk band Moors Murderers) and Rusty Egan (previously the drummer for The Rich Kids). 

Initially, the band was comprised of Steve Strange, Rusty Egan and Midge Ure (also previously of The Rich Kids). Also in there, and credited as a co-writer of FADE TO GREY was Chris Payne,a member of Gary Numan's band. The trio recorded a demo which included a cover of the Zager and Evans hit ""In the Year 2525"". <a href=""https://www.last.fm/music/Visage"">Read more on Last.fm</a>",United Kingdom
Ronny Jordan,200768,1470452,"Ronny Jordan (born Ronald Laurence Albert Simpson on November 29, 1962 in London, England) was a guitarist at the forefront of the acid jazz movement at the end of the twentieth century. 

He came to prominence after being featured on Guru's tour de force, Jazzmatazz, Vol. 1, which saw release in 1993. He was also one of the artists whose recordings are featured on Stolen Moments — a compilation album released in 1994 to benefit the Red Hot Organization. <a href=""https://www.last.fm/music/Ronny+Jordan"">Read more on Last.fm</a>",
Moby,3528837,135940462,"Richard Melville Hall (born September 11, 1965), known professionally as Moby, is an American musician, songwriter, singer, producer, and animal rights activist. He has sold 20 million records worldwide. AllMusic considers him to be ""among the most important dance music figures of the early 1990s, helping bring dance music to a mainstream audience both in the United States and the United Kingdom."" After taking up guitar and piano at age nine, he played <a href=""https://www.last.fm/music/Moby"">Read more on Last.fm</a>",United States
Röyksopp,2321627,90062519,"Röyksopp is a Norwegian electronic music duo formed in 1998 in Tromsø and currently based in Bergen. The band consists of Torbjørn Brundtland and Svein Berge, both being songwriters, producers and remixers. They usually rely on the use of other vocalists for their songs and occasionally they perform the vocal parts. The Norwegian word ""røyksopp"" means puffball fungus (literally ""smoke mushroom""), but the band has stated in interviews that they are actually referring to the mushroom cloud created by atomic bombs. <a href=""https://www.last.fm/music/+noredirect/R%C3%B6yksopp"">Read more on Last.fm</a>",Norway
Sexbomb Girls,21754,162593,"The Sexbomb Girls (or also known as SexBomb Dancers) are an all-female singing and dancing group from the Philippines. 

The Sexbomb Dancers were originally composed of four members upon their formation in 1999. They were background dancers for Eat Bulaga, the Philippines' longest running noontime variety show. Of the four original members, only Rochelle Pangilinan remains part of the Sexbomb Girls, and is regarded as the leader because of her seniority. <a href=""https://www.last.fm/music/Sexbomb+Girls"">Read more on Last.fm</a>",
Paffendorf,185208,1293674,"Paffendorf is a dance duo based in Cologne, Germany. The duo consists of Ramon Zenker, formerly of Fragma, and Gottfried Engels. Paffendorf is best known for the 2002 hit ""Be Cool"", although they have had various successful hits across Europe.

The pair's first hits were in 2001, the singles ""Rhythm and Sex"" and ""Where Are You"" achieving success in several countries across Europe. Their biggest hit, ""Be Cool"", would be released in Summer of the following year. <a href=""https://www.last.fm/music/Paffendorf"">Read more on Last.fm</a>",
Groove Coverage,551372,8843374,"Groove Coverage is a Dance and Pop band from Ingolstadt, Germany. It was formed in the summer of 2001. The Groove Coverage project consists of Axel Konrad and DJ Novus. The lead singer is named Mell, with a back-up singer named Verena. They have had hits around the world, especially in Europe. They have produced popular remixes of several songs, including ""Love is an Angel"" by Sylver, ""Come With Me"" by Special D., and ""Love Song"" by DJ Cosmo Meets Digital Rockers. <a href=""https://www.last.fm/music/Groove+Coverage"">Read more on Last.fm</a>",
Erykah Badu,1980830,63055237,"Erykah Badu (born Erica Abi Wright on February 26, 1971 in Dallas, Texas) is an American R'n'B/neo-soul artist whose work crosses over into jazz. 

She is best known for her singles You Got Me her collaboration with The Roots, as well as her own songs Tyrone, Love of My Life, On & On, Bag Lady, The Healer,  Honey and Soldier. Her lyrics are highly personal urban philosophy which throw emotional challenges in the face of the listener. She weaves unusual musical influences together creating a rich texture of sound. <a href=""https://www.last.fm/music/Erykah+Badu"">Read more on Last.fm</a>",United States
LFO,422758,4461195,"There are 2 bands under the name LFO:
1. An English band who were pioneers of bleep techno
2. An American three-man pop and rap group

1. English band LFO were one of the pioneers of the bleep techno of the early 1990s. Originally comprising Gez Varley (also known as Jez Varley) and Mark Bell, they met while studying at Leeds and gave their first track, the eponymous “LFO”, to Nightmares On Wax. The demo’s popularity in clubs lead to the track being released by Warp in 1990, where it made it into the Top Twenty. <a href=""https://www.last.fm/music/LFO"">Read more on Last.fm</a>",United States
French Affair,142198,865125,"French Affair is a German-French pop band, established in 2000, whose biggest hits so far are ""Sexy"", ""I want your love"", ""Comme Ci Comme Ca"" and ""My Heart Goes Boom"".

Its lead singer, Barbara Alcindor, was born in Paris, and currently lives in London, England. Alcindor began her career as a fashion model, before trying her hand in music. After signing with the BMG record label and teaming up with the Dreyer Brothers production team, French Affair scored a pair of sizable hit singles in 2000 with 'My Heart Goes Boom' <a href=""https://www.last.fm/music/French+Affair"">Read more on Last.fm</a>",France
Omar,201400,2612182,"There are at least six acts by the name of Omar:

1.  Omar is a UK soul artist of Chinese, African and Indo-Jamaican descent. Born Omar Lye-Fook (1969) in Canterbury England, Omar has been making albums since the early 1990s and his work is often compared to Stevie Wonder’s work of the 1970s. After the lukewarm US sales for the LP “For Pleasure,” subsequent Omar releases were only available as pricey imports. Now Omar releases his own recordings, tours the UK often, occasionally making brief tours in the US. <a href=""https://www.last.fm/music/Omar"">Read more on Last.fm</a>",
Tiësto,2655987,66149100,"Tijs Michiel Verwest, known professionally as Tiësto, is a Dutch DJ and music producer from Breda. He was voted ""the Greatest DJ of All Time"" by Mix magazine in a 2010/2011 poll amongst fans. In 2013, he was voted by DJ Mag readers as the ""best DJ of the last 20 years"". He is also regarded as the ""Godfather of EDM"" by many sources.

In 1997, he founded the label Black Hole Recordings with Arny Bink, where he released the Magik and In Search of Sunrise CD series. <a href=""https://www.last.fm/music/+noredirect/Ti%C3%ABsto"">Read more on Last.fm</a>",Netherlands
Sandee Chan,11726,226530,"One of the most successful and credited female performers of the past fifteen years in Taiwan, Sandee Chan (陳珊妮) is also recognized as one of the most talented producer and song writer through out Asia. Sandee studied piano as a girl, and learned to play an electric piano in high school. As a university freshman, she founded the first Rock and Roll Music Club in Cheng Chi University, while continued to play music through keyboards, guitars and other music instruments, and started to write songs of her own. <a href=""https://www.last.fm/music/+noredirect/Sandee+Chan"">Read more on Last.fm</a>",
Rollergirl,114795,855601,"Rollergirl could refer to two different artists:
1. Nicole Safft, a German singer 
2. A nu disco electronic artist from Athens, Ohio (Rollergirl!)


1.  Nicole Safft (born 19 November 1975), professionally known as Rollergirl, is a German singer with a n umber of successful tracks such as ""Dear Jessie"" (a loose cover of a Madonna song) and ""Luv U More,"" the latter being a cover of a song by Sunscreem. 1999 Germany


2. Rollergirl, the electronic nu disco artist (which can be found on this artist page: Rollergirl!), is done by Adam Rich. <a href=""https://www.last.fm/music/Rollergirl"">Read more on Last.fm</a>",Germany
Two Lone Swordsmen,226367,2549209,"The Two Lone Swordsmen is the British DJ and producer Andrew Weatherall and studio engineer Keith Tenniswood aka Radioactive Man. Formed in early 1996, following the dissolution of Weatherall's influential The Sabres of Paradise techno act, the Swordsmen have explored a variety of styles, from electro to post-punk to IDM. Originally they released material on the label Emissions Audio Output, which Weatherall ran. However, the small nature of the operation limited the duo's success and they have since signed to Warp Records <a href=""https://www.last.fm/music/Two+Lone+Swordsmen"">Read more on Last.fm</a>",United Kingdom
DJ Bobo,375931,3836488,"Peter René Baumann (born January 5, 1968), known by his stage name DJ BoBo, is a Swiss singer, songwriter, rapper, dancer, voice actor, and music producer. He has sold an estimated 14 million records worldwide and has released 12 studio albums, along with several compilation albums featuring reworked versions of his earlier hits. His discography also includes 34 singles, many of which achieved chart success in German-speaking countries as well as other parts of Europe. <a href=""https://www.last.fm/music/DJ+Bobo"">Read more on Last.fm</a>",
Mocean Worker,89904,610962,"Mocean (""motion"") Worker, aka MoWo, is electronic musician/DJ Adam Dorn. Dorn, son of music producer Joel Dorn, incorporates both modern and classical elements of funk, jazz and big-band swing into his work. 

Dorn currently resides in New York.
 <a href=""https://www.last.fm/music/Mocean+Worker"">Read more on Last.fm</a>",
Beth Gibbons,262489,3891435,"Beth Gibbons (born 4 January 1965, in Exeter, United Kingdom) is best known as the vocalist and front woman for the trip hop band Portishead. With Portishead, Gibbons released two studio albums and a live album in the 1990s, followed by a third studio album in 2008.

Gibbons has also collaborated on a separate project with former Talk Talk member Paul Webb a.k.a. Rustin Man. The Beth Gibbons & Rustin Man album, Out of Season, came out in 2002.

2024 saw Gibbons' début as a solo recording artist in her own right. <a href=""https://www.last.fm/music/Beth+Gibbons"">Read more on Last.fm</a>",
Devics,167692,2729999,"Devics is a dream pop band from Los Angeles, California consisting of Sara Lov, Dustin O'Halloran, Ed Maxwell, Theodore Liscinski, and Evan Schnabel. Their music can be described as melancholic.

In 2008, Devics covered The Cure's ""Catch"" for the American Laundromat Records produced compilation ""Just Like Heaven - a tribute to The Cure"". It was recorded by Pall Jenkins of the Black Heart Procession and included performances by Scott Mercado, Jimmy LaValle, Pall Jenkins as well as Dustin O'Halloran and Sara Lov. <a href=""https://www.last.fm/music/Devics"">Read more on Last.fm</a>",United States
Us3,420067,4227018,"Us3 is a jazz-rap group founded in London in 1991. They use samples of classic songs released by Blue Note Records. Among them is ""Cantaloop (Flip Fantasia)"", sampling Herbie Hancock's ""Cantaloupe Island"" on their first album Hand on the Torch. The song received much attention, approaching platinum status in the United States and being adopted as the theme music to the WBUR public radio program The Connection. <a href=""https://www.last.fm/music/Us3"">Read more on Last.fm</a>",
Alva Noto,218211,4858820,"Behind the Alva Noto moniker we find Carsten Nicolai, one of the most important sound explorers of our time. A student of Architecture in his formative years Alva Noto a visual artist who has forged a minimal aesthetic and a conceptual approach to his art.

Sound is changed and evolved into time and space and transformed by tone oscillators and  looping generators. Through these processes the essence of pure electricity is made audible. He works without sequencers <a href=""https://www.last.fm/music/Alva+Noto"">Read more on Last.fm</a>",
Jolina Magdangal,14839,119864,biografia no encontrada,
Orbital,1094375,21958221,"Orbital is an electronic music duo consisting of brothers Phil Hartnoll and Paul Hartnoll formed in Sevenoaks, Kent, England in 1989.  Orbital take their name from Greater London's orbital motorway, the M25, which was central to the early rave scene and party network in the South East during the early days of acid house. One of the biggest names in British electronica during the 1990s, Orbital were both critically and commercially successful, being particularly known for an element of live improvisation during their shows <a href=""https://www.last.fm/music/Orbital"">Read more on Last.fm</a>",United Kingdom
Zero 7,1780703,51972732,"Zero 7 is a London, UK downtempo duo, consisting of Henry Binns & Sam Hardaker. 

They began as studio engineers at Mickie Most's RAK recording studio in London, engineering music for British groups like the Pet Shop Boys, Young Disciples, and Robert Plant. In 1997 they were asked by a college friend, Nigel Godrich (who was busy producing OK Computer), to remix Radiohead's ""Climbing Up the Walls"". They called the mix ""the Zero 7 Mix"" which stuck. <a href=""https://www.last.fm/music/Zero+7"">Read more on Last.fm</a>",United Kingdom
Big Muff,83102,366090,"Alias for New York-based songwriter, musician and producer Itaal Shur. <a href=""https://www.last.fm/music/Big+Muff"">Read more on Last.fm</a>",
Skalpel,397372,7773560,"There are several artists using this name:

1) Skalpel is a DJs/producer duo (Marcin Cichy and Igor Pudlo) from Wroclaw, Poland. Being part of the Ninja Foreign Legion, they're among the best-known and most respected DJs and producers in Poland, and recipients of the prestigious Paszporty Polityki award.

Four of their mixes were aired on Solid Steel in the past, two of which were released on the ""Virtual Cuts"" mixtape. In 2000 along with DJ Vadim and his Russian Percussion, they've toured the country presenting an amazing 4-deck show. <a href=""https://www.last.fm/music/Skalpel"">Read more on Last.fm</a>",Russia
The Crystal Method,992986,20734661,"The Crystal Method is an electronic music act comprising Ken Jordan  (who retired in 2017) and Scott Kirkland. Formed in 1993, The Crystal Method is the most recent stop in a string of projects that led them from their native Las Vegas (and some forgettable four-track stabs at Vocal jazz music), to the early-'90s L.A. rave scene. Drawn in by its youthful idealism, Jordan and Kirkland became absorbed by L.A.'s underground club culture and began knocking out tracks inspired by their experiences. <a href=""https://www.last.fm/music/The+Crystal+Method"">Read more on Last.fm</a>",
Herbert,265741,3602151,"Matthew Herbert is an electronic music producer known for breaking the boundaries and conventions of the genre. Since 1996 he has released music on a variety of record labels under many aliases including Doctor Rockit, Wishmountain, Radioboy, Mr. Vertigo, Transformer, under his own name and with his Big Band. He has played at the Montreux and North Sea Jazz Festivals, Paris' Pompidou Centre, Tokyo's Blue Note, Sonar and Glastonbury, and supported Bjork at the Hollywood Bowl. <a href=""https://www.last.fm/music/Herbert"">Read more on Last.fm</a>",
Darude,1192636,9822835,"Toni-Ville Henrik Virtanen (born July 17, 1975), better known by his stage nameDarude (/dəˈruːd/), is a Finnish DJ and record producer from Eura, Satakunta.

Darude is known worldwide for his anthemic trance style.  He is an electronic dance music producer, DJ and lives in Turku, Finland. He debuted in 1999 with the smash single Sandstorm (#1 hit in numerous charts around the world) and subsequent album Before the Storm.

Virtanen started his career as an amateur musician while in high school, making music using his PC's tracker software. <a href=""https://www.last.fm/music/Darude"">Read more on Last.fm</a>",
Kate Ryan,516874,6664205,"Kate Ryan (born Katrien Verbeeck on July 22, 1980) is a Belgian World Music Award winner. She began her singing career in 2001 and represented Belgium in the Eurovision Song Contest 2006 with ""Je t'adore"" coming in 12th place in the semi-final.

Ryan was born in the small village of Tessenderlo, Belgium. She grew up in a musical family, and had talent for music at a very early age. At eight years of age she had learned to play the piano and guitar. <a href=""https://www.last.fm/music/Kate+Ryan"">Read more on Last.fm</a>",Belgium
Boards of Canada,2038680,159198988,"Boards of Canada is an electronic music duo from Edinburgh, Scotland, UK, formed in 1985 and comprised of brothers Mike Sandison (born 1 June 1970) and Marcus Eoin (born 21 July 1971). They have released a number of works, most notably the studio albums Music Has the Right to Children (1998), Geogaddi (2002), and The Campfire Headphase (2005) on the pioneering electronic music label Warp. Their fourth album Tomorrow's Harvest was released in June 2013. <a href=""https://www.last.fm/music/Boards+of+Canada"">Read more on Last.fm</a>",
Club Des Belugas,265663,3978080,"Club des Belugas is one of the leading lounge & nujazz projects in Germany, perhaps in Europe. They combine Contemporary European Lounge & Nujazz Styles with Brazilian Beats and American Black Soul of the fifties, sixties and seventies, using their unique creativity and intensity.

Main members are Maxim Illion & Kitty the Bill, with such exquisite guests as the Californian Jazz Lady Brenda Boykin, trumpeter Reiner Winterschladen (Nighthawks), Swedish singer anna. <a href=""https://www.last.fm/music/Club+Des+Belugas"">Read more on Last.fm</a>",Brazil
Jon Kennedy,460477,6123361,"Jon Kennedy’s music came to light when he was twenty four and Mr Scruff played his track ‘Tell Me How You Feel’ on the Unfold radio show in Brighton, Tru Thoughts snapped him up straight away. He released three 12” and in 2000 his debut album ‘We’re Just Waiting For You Now’ came out. Two years later he was snapped up by Grand Central. This time Aim, who was a fan of Jon’s ‘Chocolate And Cheese’ track approached him to remix ‘The Girl Who Fell Through The Ice’. <a href=""https://www.last.fm/music/Jon+Kennedy"">Read more on Last.fm</a>",
Nathaniel Merriweather,107336,956831,"see-Lovage <a href=""https://www.last.fm/music/+noredirect/Nathaniel+Merriweather"">Read more on Last.fm</a>",
Variety Lab,167119,821025,"There is no mad scientist in Variety Lab, nor any docile lab assistant. House music, made of hints at French variety music, bordering on lounge music, crafted both for dancing and calm listening to.

Thierry Bellia (programming and machines), the research director, gathered three musicians officiating, in vitro and in vivo, as brilliant live performers. Jérôme Didelot (bass), Alexandre Longo (keyboards) and Jacques Tellitocci (percussions and vibraphone) would certainly not have borne the white walls of a lab. <a href=""https://www.last.fm/music/Variety+Lab"">Read more on Last.fm</a>",France
Archive,812774,38486515,"Archive is a music-collective, originating from London, UK, but based in Paris, France for many years where they enjoy a much bigger following. They are signed to Warner Music France. 

Archive was formed by Londoners Darius Keeler and Danny Griffiths in 1994 and began as an electronica project. At the beginning, they mixed Bristol-style, Massive Attack, Portishead with Rap. The first album of the band, Londinium released in 1996 (with Roya Arab and Rosko John as guest vocalists). <a href=""https://www.last.fm/music/Archive"">Read more on Last.fm</a>",
Scooter,1086919,31424026,"Scooter refers to two distinct musical groups sharing the same name:

1) Scooter is a German electronic music band founded in Hamburg in 1993. The group is known for its contributions to genres such as happy hardcore, rave, and techno. Over the course of its career, the band has sold more than 30 million records and received over 80 gold and platinum awards. It is regarded as one of the most commercially successful German acts in terms of single releases, with 23 songs reaching the top ten charts. <a href=""https://www.last.fm/music/Scooter"">Read more on Last.fm</a>",Germany
C21,17853,158746,"Danish boyband C21 were very popular in Denmark and Asia (especially Thailand). Their first single, Stuck In My Heart, was a big success.

C21 released two albums, C21 and Listen.

Soon after the release of Listen Esben Duus left the band. Søren Bregendal and David Pepke became a two-piece band, having less success than at the beginning of C21.

The group split up late 2005.

Søren's still successfull but now as an actor. <a href=""https://www.last.fm/music/C21"">Read more on Last.fm</a>",
Rouge Rouge,80346,470755,"Group formed by music composer Nicolas Errerà and the multidisciplinary Jean Croc, who are two French electro-music pioneers.

Musician and DJ Jean Croc, is a versatile artist. Participates in Radio casts in french station Radio Nova, collects rare vinyls from 60s and 70s, which are his inspirations to create Rouge Rouge's music.

Nicolas Errerà had previously been with two other groups: ""Grand Popo Football Club"" and ""Cravate Club"". Renowned Film <a href=""https://www.last.fm/music/Rouge+Rouge"">Read more on Last.fm</a>",France
Gigi D'Agostino,975118,14317355,"Luigino Celestino di Agostino (born 17 December 1967), known professionally as Gigi D'Agostino, is an Italian DJ and music producer. He began his career in 1986 as a DJ specialising in Italo disco. His most successful releases include ""Bla Bla Bla,"" ""Another Way,"" his cover of Nik Kershaw's ""The Riddle,"" ""La Passion,"" ""Super,"" and ""L'Amour Toujours,"" all released between 1999 and 2000. The melody of ""L'Amour Toujours"" was later used in the 2018 remix and mashup ""In My Mind."" <a href=""https://www.last.fm/music/Gigi+D%27Agostino"">Read more on Last.fm</a>",Italy
Chateau Flight,51152,204946,"This is an incorrect tag for Château Flight. If this non-artist appears in your charts, do last.fm and yourself a favor. Fix your artist tags.
 <a href=""https://www.last.fm/music/+noredirect/Chateau+Flight"">Read more on Last.fm</a>",
Sweet Trip,739290,38499747,"Sweet Trip was an American glitch pop and experimental rock band from San Francisco, California. The band consisted of Roberto Burgos and Valerie Cooper. Roberto met former band member Viet Le at a high school talent show sign up and the two went on to form the band in 1993. Past members include Valerie Cooper (guitar and vocals, 1993-2022), Viet Le (drums and bass, 1993-2000), Aaron Porter (bass, 1998-2009), and Rob Uytingco (drums, 2000-03). The band is known well for their fusion of shoegaze, idm, electronica, ambient and indie pop. <a href=""https://www.last.fm/music/Sweet+Trip"">Read more on Last.fm</a>",United States
Joachim Garraud,109956,577749,"Joachim Garraud (born in 1968 at Nantes) is a french DJ. Producer and remixer of David Guetta, Geyster, Paul Johnson, Deep Dish, David Bowie, OMD, Kylie Minogue, Mylene Farmer, Cassius, Belamour, Kid Vicious and Saffron Hill, he is an essential actor of the european House scene. He is also co-fondator of Gum Prod, Square Prod and Gum Records. 

One of his particularity who made his fame is to mix sound and video in same time in live with a Pioneer DVJX1 Professional DVD Turntable. <a href=""https://www.last.fm/music/Joachim+Garraud"">Read more on Last.fm</a>",France
Daft Punk,6106948,387903992,"Daft Punk was a multi Grammy Award-winning electronic music duo formed in 1993 in Paris, France, and separated in early 2021, consisting of French musicians Thomas Bangalter (born 3 January 1975) and Guy-Manuel de Homem-Christo (born 8 February 1974). The band is considered one of the most successful electronic music collaborations of all time, both in album sales and in critical acclaim. 

Daft Punk reached significant popularity in the late 90s house movement in France, along with other artists such as Air, Cassius, and Dimitri From Paris. <a href=""https://www.last.fm/music/Daft+Punk"">Read more on Last.fm</a>",France
Sora,88998,973600,"There are at least 9 bands/artists by the name ""Sora"":
  1 Sora (Takeshi Kurosawa) from Kyoto, Japan.
  2 Sora, a Polish hardcore-punk band.
  3 Sora, a Japanese emo quartet.
  4 Sora, from Porvoo, Finland.
  5 Sora (Andrea Hunt) from Calgery, Canada.
  6 SORA J-pop singer from South Korea, Seoul.
  7 SoRA, a female folk singer from Japan.
  8.Sora is a an dark ambient\post-punk from Belgium.
  9.Sora is a Canadian guitar player and rock vocalist. <a href=""https://www.last.fm/music/Sora"">Read more on Last.fm</a>",Canada
D'Sound,66325,845504,"D'Sound is a Norwegian pop band, formed in Oslo, Norway (1993).

The band members consider D'Sound as a modern band where all three of them play equal roles in fronting the band. D'Sound was formed in 1993 when Simone, Kim and Jonny had their first rehearsals in a damp Oslo basement. The band hit the Norwegian charts with the single ”Real Name”, topping both sales and radio charts.

Their debut album, ”Spice of Life”, was subsequently released at the beginning of 1997 <a href=""https://www.last.fm/music/D%27Sound"">Read more on Last.fm</a>",Norway
DJ Encore,128433,1217761,"Andreas Hemmeth, aka DJ Encore, first big break came in 2001, after signing a development deal with Sony ATV Music Publishing. One of his compositions was chosen as the official theme to the premiere version of reality show Big Brother Denmark, and within weeks the catchy theme was everywhere. The song “I See Right Through To You” was an instant mega hit, and Andreas soon signed with Universal Music.  He hooked up with co-writing partner Engelina, and created the act DJ Encore (feat. <a href=""https://www.last.fm/music/DJ+Encore"">Read more on Last.fm</a>",
Quantic,910919,15151733,"Quantic is an umbrella name for UK-born, Will Holland: acclaimed producer, musician and DJ for over 15 years evolving and involving styles like Funk & Jazz to Electronic & Folk music through to Latin, Reggae, Dub & Cumbia. Holland has released over ten full-length albums internationally through the label, Tru Thoughts, ...across six different projects ranging from his DJ/Producer/Remixer moniker that has packed dance floors from Bulgaria to Buenos Aires <a href=""https://www.last.fm/music/Quantic"">Read more on Last.fm</a>",
Soulsearcher,115963,582554,"Marc Pomeroy is one half of the world-renowned remix team ""Jazz-N-Groove Productions"" and co-owner of the critically acclaimed record label Soulfuric Recordings.  He also records under the monikers of ""Urban Blues Project"", ""Deepstar"" and ""Soulsearcher"", as well as remixing for everyone from Loleatta Holloway to Busta Rhymes to Sounds of Blackness.

Marc is originally from Gainesville, Florida, and has a colorful musical heritage.  Drawing on influences ranging from Steely Dan to MSFB, he is an accomplished producer, song writer and musician. <a href=""https://www.last.fm/music/Soulsearcher"">Read more on Last.fm</a>",
Ai-Ai Delas Alas,2001,9842,"Ai-Ai delas Alas is one of the Philippines' top stars, a comedienne and a recording artist. <a href=""https://www.last.fm/music/Ai-Ai+Delas+Alas"">Read more on Last.fm</a>",
Casino Versus Japan,387004,6984719,"Casino Versus Japan is the recording name for Erik Kowalski (born May 5, 1973), a United States-based electronic musician from Lexington, Kentucky by way of Milwaukee, Wisconsin, who produces intelligent dance music (IDM for short) with baroque melodies and distorted trip-hop beats. 

As a young boy in Wisconsin he recorded episodes of television series Miami Vice, sampling Jan Hammer's music, later collecting them, and playing them over the backdrop of other musical genres. <a href=""https://www.last.fm/music/Casino+Versus+Japan"">Read more on Last.fm</a>",
Gerardo Frisina,59797,455385,"A very keen music fan and record collector, Gerardo Frisina, together with the founders of Ishtar, Luciano Cantone and Davide Rosa, sketched the guidelines of the artistic evolution of this record company. His figure is of fundamental importance for Ishtar’s history and is a point of reference that the entire Italian jazz scene cannot disregard. His first contributions to Ishtar saw Gerardo in the role of producer. His very first project was “Neos” <a href=""https://www.last.fm/music/Gerardo+Frisina"">Read more on Last.fm</a>",Italy
Paul Oakenfold,923833,12105886,"Paul Oakenfold (born August 30, 1963 in Greenhithe, Kent, England) is a world famous DJ and producer, whose works have helped define the mainstream of trance.

Not only does Paul Oakenfold produce records, but he also mixes them. In 1987 he spent several months in Ibiza with a few friends and fell in love with dance club music. Oakenfold produced ""Happy Mondays' Pills 'n' Thrills and Bellyaches"" before producing for U2, Massive Attack, Simply Red and New Order (to name a few). <a href=""https://www.last.fm/music/Paul+Oakenfold"">Read more on Last.fm</a>",
Amp Fiddler,157795,1214102,"Joseph ""Amp"" Fiddler, originally a keyboardist from Detroit, is a funk and soul musician who has worked with Enchantment, the Dramatics, George Clinton, Moodyman, Jamiroquai, The Brand New Heavies, Fishbone and Maxwell.

Along with his brother, Budz, he realsed the album Mr Fiddler in 1990 on Elektra. His debut solo album Waltz of a Ghetto Fly was released in 2004.

The new album'Afro Strut' is the follow up to that record and a sign that his assured and open-minded approach to his own sound has engendered a stylistic leap forward <a href=""https://www.last.fm/music/Amp+Fiddler"">Read more on Last.fm</a>",
The Dining Rooms,300377,4887387,"The Dining Rooms is a band based in Milan, Italy which combines ambient, electronic music.

In autumn 2008 ""Other Ink"" is released - this is the remix version of ""Ink"" and remixers involved are The Cinematic Orchestra, Populous, Christian Prommer and Skwerl, among others. The remixes are coupled by a new version of Ink, recorded live at Teatro I during Promise (musical esistenzialista), and by ""Exit a New York"", featuring CharlElie Couture and originally released only for the French market. <a href=""https://www.last.fm/music/The+Dining+Rooms"">Read more on Last.fm</a>",France
Blue Foundation,1036820,16139169,"Blue Foundation is a Danish band founded in 2000 by producer and singer Tobias Wilner. The band is based in Prospect Heights, Brooklyn. Since 2008, their line-up has consisted of Tobias Wilner (producer, multi-instrumentalist and vocalist) and Bo Rande (multi-instrumentalist). Best known for their songs ""Eyes on Fire"" from the Twilight Saga and ""Sweep"" from Michael Mann's Miami Vice. The music can be described as a mix of dream pop, electronica, shoegaze, and hip-hop.  <a href=""https://www.last.fm/music/Blue+Foundation"">Read more on Last.fm</a>",
DJ Sammy,594221,4804494,"There are more artists called DJ Sammy.

1.
He’s one of Spain’s most popular DJ/Producer, and he goes by the name of DJ Sammy, a veteran of electronic dance, with a degree in music technology and 20 years of hard work to prove it.

Sammy has spent years fine-tuning his music winning formula in the only way he knows how, by jet-setting around the globe and feeling the vibe at some of the most prestigious venues in the world dispensing musical epiphanies wherever he plays. <a href=""https://www.last.fm/music/DJ+Sammy"">Read more on Last.fm</a>",
Praise Cats,75940,310452,"Shined On Me is a 2002 House song performed by Praise Cats featuring Andrea Love for the vocals. Behind the band is Eric Miller, also known as E-Smoove, who composed and produced the track. <a href=""https://www.last.fm/music/Praise+Cats"">Read more on Last.fm</a>",
ATB,1342087,34993891,"André Tanneberger aka ATB (born February 26, 1973 in Freiberg, Saxony, Germany) is a DJ, musician, and producer of trance, ambient and progressive house music.

Among his most famous songs is “9pm (Till I Come)”, which topped the charts in the United Kingdom in 1998 and is widely regarded as the UK’s first Trance number one. The track features a guitar riff which became hugely popular. This guitar sound, which he accidentally found while experimenting with a new producing deck, became the trademark of his early hits. <a href=""https://www.last.fm/music/ATB"">Read more on Last.fm</a>",
Georg Levin,47078,262910,"Berlin-based songwriter/producer/singer Georg Levin has set his own mark within the international electronic music scene right from his very first release ""When I'm With You"" in 2001.

Georg has been writing songs since his childhood, playing in various bands as a keyboarder and saxophone player as well as experimenting with primitive recording equipment. He studied Communications in the UK, had a few jobs in the TV and film business in London and <a href=""https://www.last.fm/music/Georg+Levin"">Read more on Last.fm</a>",
Vengaboys,1054796,10001885,"Vengaboys are a eurodance band that came to prominence in 1997. They were formed by Dutch DJ's Danski (Dennis van den Driesschen) and Delmundo (Wessel van Diepen), who toured Spanish beach parties in a bus. They formed in 1992 and gained four dancers during 1995-96. Some of their most successful singles include ""Uncle John from Jamaica"", ""We're Going to Ibiza"", ""Boom Boom Boom Boom"" and ""We Like to Party"". Like in Spanish, the V is pronounced with a soft B sound, as such- ""Bengaboys"", which could be translated as ""The 'Come on' Boys"". <a href=""https://www.last.fm/music/Vengaboys"">Read more on Last.fm</a>",Netherlands
Eiffel 65,1177045,10223493,"Eiffel 65 is an Italian eurodance group, formed by producers/composers Jeffrey Jey (also vocals), Maurizio Lobina and Gabry Ponte. All three members are from the city of Turin (Italy). The name of the group came from a random word generator that produced the word ""Eiffel"". The ""65"" was added as a mistake: part of a phone number scribbled on a demo by accident.

Their greatest worldwide success came with their first single ""Blue (Da Ba Dee)"" from their 1999 album Europop. <a href=""https://www.last.fm/music/Eiffel+65"">Read more on Last.fm</a>",Italy
Plaid,553995,13333180,"Plaid sit right at the very heart of global electronica. In fact there's a very real sense in which Ed Handley and Andy Turner are the perfect encapsulation of what the electronic music of their generation was all about. As Plaid and as two-thirds of The Black Dog, they were central to the Artificial Intelligence movement of the early-mid 1990s: alongside their WARP stablemates Autechre, The Aphex Twin, B12 and allies like Richie Hawtin, Speedy J <a href=""https://www.last.fm/music/Plaid"">Read more on Last.fm</a>",
Peaches,1006754,17543960,"Several artists/groups:

1) Merrill Nisker (born 1966 in Toronto), better known as Peaches, is an electroclash artist whose songs are mainly focused on sexuality

2) A swedish kids band formed by Tåve and Isabelle in 2000. Their music is sing-a-long disco/pop tunes. The band is now on hiatus.

3) An all-female group from New Zealand, active in the late 1990s, containing several members from the group When The Cat's Been Spayed.

4) Peaches Lavon known from Peaches & Bobo <a href=""https://www.last.fm/music/Peaches"">Read more on Last.fm</a>",
Schmoov!,18790,121918,"A group of Nottingham residents who met back in 1997 whilst playing in a funk band and decided that they wanted to combine the live performance aspect of a band with the sounds that house music incorporated. Their debut album 'While You Wait' was released in October 2001, around the time that they were supporting on Groove Armada's UK tour. They are probably best known for their single ""Destination"" on DiY Diversions and their remix of A Million Sons' ""Misty Blu"". <a href=""https://www.last.fm/music/Schmoov%21"">Read more on Last.fm</a>",
Andrew E.,30250,227263,"Andrew Espiritu (born July 30, 1967), better known as Andrew E., is a popular Filipino Rap Artist,[1] Record Producer, Dongalo Wreckords CEO, Fedex WSC Director, Dongalo Clothing President, and Movie actor. He is best known throughout the Philippines for 1990 debut hit single Humanap Ka Ng Panget. Won at the 2010 PMPC Star Awards for Music, the ""Rap Album Of The Year Award"" for his latest album ""CLUBZILLA"".Andrew E. also known as the KING OF PINOY RAP in the Philippines. <a href=""https://www.last.fm/music/Andrew+E."">Read more on Last.fm</a>",
Opto,16508,111540,"Opto are Carsten Nicolai (a.k.a Alva Noto) & Thomas Knak (a.k.a Opiate).

    Between Jan-April 2003 Carsten Nicolai (Alva Noto) and Thomas Knak ( Opiate) produced their 2nd Opto collaboration. The work was commisioned from Japan, and the music was to collide with a clothing line based on an ”in the woods” theme. As a direct request, the music had to work with a more organic, light and melodic feeling, compared to their first opto release (Opto files, Raster Noton, in 2001). <a href=""https://www.last.fm/music/Opto"">Read more on Last.fm</a>",
Wagon Christ,325671,3860957,"Wagon Christ is Luke Francis Vibert. Also known as Plug, Butler Kiev, Ace of Clubs, Amen Andrews, Kerrier District. He is from Cornwall, UK.

After spending years working in the Our Price record store in Falmouth, his first release was in 1994 as Wagon Christ, he contributed the track 'gas fish' to the 'Volume 9' compilation.
 
Luke has put records out on Warp, Rephlex, Ninja Tune, Virgin/Astralwerks, Law & Auder, Rising High, Blue Planet/Blue Angel <a href=""https://www.last.fm/music/Wagon+Christ"">Read more on Last.fm</a>",
Pet Shop Boys,2232092,66290710,"Pet Shop Boys is a British synthpop/dance music duo, consisting of Neil Tennant and Chris Lowe and were formed in London, UK in 1981.

Post-modern ironists cloaked behind a veil of buoyantly melodic and lushly romantic synth pop confections, Pet Shop Boys offer wry yet strangely affecting cultural commentary communicated by the Morse code of synth washes and drum machine rhythms. After first emerging in the mid-'80s with ""West End Girls"" and ""Opportunities (Let's Make Lots of Money) <a href=""https://www.last.fm/music/Pet+Shop+Boys"">Read more on Last.fm</a>",United Kingdom
O-Zone,801790,6496280,"O-Zone was a pop group made up of Dan Bălan, Radu Sârbu (aka RadU), and Arsenie Toderaş (aka Arsenium). Originally from Moldova, the band launched in Romania. 

O-Zone first formed in 1998 by Bălan and Petru Jelihovschi, however Jelihovschi had not intended to make music his career and left after their first album, 1999's Dar, Unde Eşti ....

O-Zone is famous for the single Dragostea Din Tei, a notable summer hit which reached #1 in the singles charts of many countries during 2003 and 2004, and Number 3 in the United Kingdom. <a href=""https://www.last.fm/music/O-Zone"">Read more on Last.fm</a>",
Doctor Rockit,141109,915055,"Matthew Herbert is an electronic music producer known for breaking the boundaries and conventions of the genre. Since 1996 he has released music on a variety of record labels under many aliases including Doctor Rockit, Wishmountain, Radio Boy, Mr. Vertigo, Transformer, under his own name and with his Big Band. He has played at the Montreux and North Sea Jazz Festivals, Paris' Pompidou Centre, Tokyo's Blue Note, Sonar and Glastonbury, and supported Bjork at the Hollywood Bowl. <a href=""https://www.last.fm/music/Doctor+Rockit"">Read more on Last.fm</a>",
In-Grid,197985,1795461,"In-Grid is a name of at least two:

1) A pseudonym of Ingrid Alberini (b. 11 Sep 1973, Guastalla, RE, Italy), who is best known for her 2003 international club smash ""You Promised Me (Tu Es Foutu)"". The song was a big hit in Europe, Australia and in the United States, where it reached #1 on the Billboard Dance Top 40 chart in 2004 and was featured in the TV series ""Queer Eye For The Straight Guy"".

2) A Washington, D.C / Philadelphia punk duo (aka Ingrid) <a href=""https://www.last.fm/music/In-Grid"">Read more on Last.fm</a>",
Alcazar,304858,3080409,"Alcazar is a Eurodance / Pop group from Sweden consisting of Andreas Lundstedt, Therese Merkel (""Tess"") and Lina Hedlund. Former members Annika Kjærgaard and Magnus Carlsson left in 2005.

Alcazar have become one of Sweden's most popular and successful groups since their début single was released back in 1999. They have scored 13 top 40 hits in Sweden including 2 number ones and 8 top 10 hits.

Alcazar are also well known for their participation <a href=""https://www.last.fm/music/Alcazar"">Read more on Last.fm</a>",
De-Phazz,646436,12381796,"De Phazz is a downtempo jazz ensemble integrating modern turntablism and elements of soul, Latin, trip hop and drum and bass into a lounge music sound. De Phazz is led by Pit Baumgartner, a German producer who changes his crew for every new album. Some of the more permanent members are Karl Frierson and Pat Appleton. Since the release of Detunized Gravity and Godsdog, De Phazz have appeared on the radar of listeners of equally innovative and sample-driven jazz by the likes of Amon Tobin and The Cinematic Orchestra. <a href=""https://www.last.fm/music/De-Phazz"">Read more on Last.fm</a>",Germany
Aim,474202,6274269,"Aim (real name Andy Turner) is a British musician, DJ and producer, who was born in Barrow-in-Furness, Cumbria. His father was a jazz drummer and instrument shop owner, and Turner followed in his fathers footsteps, also owning a music shop. It was here that he began to hone his skills on the decks, helping him to embark upon his musical career. Aim's sound is a blend of funky electronic music and hip hop beats, a sound which typified the Grand Central Records label. <a href=""https://www.last.fm/music/Aim"">Read more on Last.fm</a>",United Kingdom
Da Hool,226403,1232170,"Frank Tomiczek (born 30 December 1968), known professionally as Da Hool, is a German DJ and music producer. He began his career as a DJ in Bottrop, Germany, and by 1990 had established a reputation as a performer in the German electronic music scene.

His early productions include tracks such as ""B.O.T.T.R.O.P."", ""It's a Dream Song"", and ""Rave Nation"". In 1996, he released the track ""Meet Her at the Love Parade"", which was re-released in 1997 by the German label Kosmo Records. <a href=""https://www.last.fm/music/Da+Hool"">Read more on Last.fm</a>",Germany
Yonderboi,482175,7121020,"Laszlo Fogarasi Jr. (born September 14, 1980) known by his stage name Yonderboi, is a Hungarian composer, music producer and visual artist. He released three studio albums so far, which he considers to be a trilogy: Shallow and Profound, Splendid Isolation and Passive Control. Yonderboi’s music is difficult to pigeonhole because it is quite conceptual and combines a wide range of sources, plays around with various musical styles. Despite of these <a href=""https://www.last.fm/music/Yonderboi"">Read more on Last.fm</a>",
[re:jazz],71991,629861,"[re:jazz] is acoustic jazz with a special twist: the originals are electronic. That opens your ears, changes your listening habits and produces a certain déja vu. 
Since their debut album for INFRACom!'s 10th anniversary they achieved an excellent reputation being one of the internationally most successful German jazz acts with more than 60.000 copies sold worldwide so far. Their second album Point of View was highly acclaimed by the press and followed by a successful clubtour and invitations to internationally renowned jazz festival. <a href=""https://www.last.fm/music/%5Bre:jazz%5D"">Read more on Last.fm</a>",Germany
Llorca,214928,1379720,"Ludovic Llorca est un compositeur de musique électronique français, né dans le nord de la France en 1974.
Ludovic Llorca est le fils d'une mère férue de musique, en particulier de musique noir-américaine comme le funk, la disco ou la soul et d'un père analyste-programmeur (métier peu répandu à cette époque). Ainsi, il est très tôt plongé dans l'univers de la musique, et il commence à appréhender la création musicale sur ordinateur (Commodore 64 et Amiga) <a href=""https://www.last.fm/music/Llorca"">Read more on Last.fm</a>",
Nina Simone,2882508,71824953,"Eunice Kathleen Waymon (21 February 1933 – 21 April 2003), better known by her stage name Nina Simone, was an American singer, pianist, arranger, and civil rights activist widely associated with jazz music. Simone aspired to become a classical pianist while working in a broad range of styles including classical, jazz, blues, soul, folk, rhythm and blues, gospel, and pop.

Simone was born Eunice Kathleen Waymon on 21st February 1933 in Tryon, North Carolina, USA, one of eight children. <a href=""https://www.last.fm/music/Nina+Simone"">Read more on Last.fm</a>",United States
Dizzee Rascal,1284387,25234995,"Dylan Mills, known professionally as Dizzee Rascal (born September 18th, 1984), is a grime solo artist, formerly a Roll Deep crew member, who emerged from the UK Garage music scene. His music was a blend of garage MCing, conventional rap, grime and ragga, with some more eclectic samples.

Dizzee began MCing on pirate radio and at raves at fifteen, but since his mainstream success he has distanced himself from the fledgling scene. Rascal grew up in the East End of London in south Bow in a council estate <a href=""https://www.last.fm/music/Dizzee+Rascal"">Read more on Last.fm</a>",
Scatman John,626202,4907903,"John Paul Larkin (born March 13, 1942 in El Monte, California; died December 3, 1999 in Los Angeles), known as Scatman John, was a famous stutterer who invented a unique fusion of scat singing and disco. As he liked to say, this was a process of ""turning my biggest problem into my biggest asset.""

Scatman John has received 14 golds and 18 platinums for his albums and singles. He was also the recipient of the Annie Glenn Award for his outstanding service to the stuttering community <a href=""https://www.last.fm/music/Scatman+John"">Read more on Last.fm</a>",
Telefon Tel Aviv,419935,10490499,"Telefon Tel Aviv is a Los Angeles-based group formed in 1999 by Josh Eustis and the late Charlie Cooper, originally based in New Orleans, and then Chicago before Cooper's death.  The two met in high school, but did not begin working on music together until after university studies. Since 1999, Josh and Charlie had been working to cultivate their sound, based largely in electronic music, but that also showed flourishes of classical, vintage soul, ambient drone, and noise, among other things. <a href=""https://www.last.fm/music/Telefon+Tel+Aviv"">Read more on Last.fm</a>",
Paul van Dyk,892714,14252965,"Matthias Paul (born 16 December 1971 in Eisenhüttenstadt, Bezirk Frankfurt, East Germany known professionally as Paul van Dyk is a German DJ, record producer and musician.  His fifth original album In Between was released August 2007 and features collaborations with David Byrne and Jessica Sutta.

PvD is renowned as one of the hardest working artists, with sold-out tours that cross each continent, headline spots at every major festival, and a hugely successful recording career. <a href=""https://www.last.fm/music/Paul+van+Dyk"">Read more on Last.fm</a>",Germany
Marilyn Manson,3108306,192782063,"Marilyn Manson is an American rock band formed in Fort Lauderdale, Florida, in 1989 by vocalist Marilyn Manson and guitarist Daisy Berkowitz. Initially performing under the name Marilyn Manson & the Spooky Kids, the group gained a local following in South Florida during the early 1990s through their theatrical and provocative live performances. In 1993, they became the first act signed to Trent Reznor’s Nothing Records label. Until 1996, each band <a href=""https://www.last.fm/music/Marilyn+Manson"">Read more on Last.fm</a>",United States
