,artista,oyentes,reproducciones,bio_resumen,pais
0,Patricio Rey y sus Redonditos de Ricota,98653,10286980,"Patricio Rey y sus Redonditos de Ricota was a rock band originally from La Plata, Argentina in 1976. Their tours in the 1980s, 1990s and 2000s drew a cult-like following that mirrored Grateful Dead frenzy in the United States. 

The band's strength lies in the semantic power of its lyrics, which discuss different topics such as politics, drugs and women, but always from a philosophical and existential point of view. The band represented a counter-cultural paradigm, reinforced and supported by its truly independent production nature.  <a href=""https://www.last.fm/music/Patricio+Rey+y+sus+Redonditos+de+Ricota"">Read more on Last.fm</a>",
1,Hombres G,493105,9600712,"Spanish pop/rock foursome Hombres G was formed by ex-los Residuos guitarist Daniel Mezquita, drummer Javier Molina, and singer/bassist David Summers, soon joined by guitarist Rafael Gutierrez. The band's name was based on an American movie called G-Men. Hombres G made its live debut at Madrid's Rockola, recording a demo called Milagro En El Congo in 1984. They soon signed up to the independent label Twins to make their debut album, featuring a catchy song called ""Devuelveme A Mi Chica,"" which became their first hit. <a href=""https://www.last.fm/music/Hombres+G"">Read more on Last.fm</a>",United States
2,Airbag,170445,7705481,"There are  at least 9 bands with the same name:

1. Airbag,  from Norway
2. Airbag, from Spain
3. Airbag, from Argentina
4. Airbag, from South Korea.
5. Airbag, from Bulgaria
6. Airbag, from the Netherlands
7. Airbag, from China
8. Airbag, from Japan
9. Airbag, from Czech Republic

1 .Airbag is a five member progressive rock group from Norway. The line up (from 2010) is Anders Hovdan - Bass, Asle Tostrup - Vocals, guitar, Bjørn Riis - Guitar, vocals, Henrik Fossum - Drums and Jørgen Hagen - Keyboards. <a href=""https://www.last.fm/music/Airbag"">Read more on Last.fm</a>",
3,Thousand Foot Krutch,1138544,37218183,"Thousand Foot Krutch (often abbreviated TFK) is a Canadian Christian rock band from Peterborough, Ontario, Canada. They made their debut in 1995 when Trevor McNevan, Joel Bruyere, and Steve Augustine started putting a praise & worship spin on the nu-metal sound of the time. After building a buzz around Ontario with numerous shows and a strong demo titled That's What People Do, Thousand Foot Krutch signed with Diamante and issued their debut LP, Set It Off, in 2000. <a href=""https://www.last.fm/music/Thousand+Foot+Krutch"">Read more on Last.fm</a>",Canada
4,Three Days Grace,3710774,172257837,"Three Days Grace is a Canadian rock band, formed under the name Groundswell in Norwood, Ontario, Canada in 1992. After a breakup in 1995, the band reformed in 1997 under its current name and with a line-up consisting of guitarist and lead vocalist Adam Gontier, drummer and backing vocalist Neil Sanderson, and bassist Brad Walst. In 2003, Barry Stock was recruited as the band's lead guitarist. The band has released seven studio albums, with a record fourteen #1 hits on Mainstream Rock. <a href=""https://www.last.fm/music/Three+Days+Grace"">Read more on Last.fm</a>",Canada
5,Modest Mouse,3338417,198122770,"Modest Mouse is an American alternative rock band which formed in 1993 in Issaquah, Washington, United States. The band's original lineup consisted of guitarist Isaac Brock, drummer Jeremiah Green and bassist Eric Judy. Since being signed to Sony's Epic Records in 2000, Modest Mouse has attained significant popular success with songs such as ""Float On"" and ""Dashboard.""

The band's current configuration is Isaac Brock (vocals, guitar), Tom Peloso (strings, horns, bass, keyboards), Jim Fairchild (guitar), and Eric Judy (bass)). <a href=""https://www.last.fm/music/Modest+Mouse"">Read more on Last.fm</a>",United States
6,The The,679853,10427433,"The The are an English post-punk band. They have been active in various forms since 1979, with singer-songwriter Matt Johnson being the only constant band member. The The achieved critical acclaim and commercial success in the UK, with 15 chart singles (seven reaching the top 40), and their most successful album, Infected (1986), spent 30 weeks on the chart. They followed this with the top ten albums Mind Bomb (1989) and Dusk (1993).

Early years (1977–1981) <a href=""https://www.last.fm/music/The+The"">Read more on Last.fm</a>",
7,Os Paralamas Do Sucesso,478170,12542860,"Three young guys who had in common their love for rock, reggae and ska - Herbert Vianna, Bi Ribeiro and João Barone - formed the group Paralamas at the beginning of the 80’s inspired by the sonority of groups as The Police, The Beat and The Specials, that used to recycle the rhythms created in Jamaica. 

Stimulated by the talent and the interest in the rising phenomenon of the Brazilian Rock, soon they had recorded their first LP “Cinema Mudo” <a href=""https://www.last.fm/music/Os+Paralamas+Do+Sucesso"">Read more on Last.fm</a>",Brazil
8,Velvet Revolver,1155293,20375976,"Velvet Revolver was an American hard rock supergroup consisting of Guns N'Roses members Slash (lead guitar), Duff McKagan (bass, backing vocals) and Matt Sorum (drums, backing vocals), alongside Dave Kushner (rhythm guitar) formerly of punk band Wasted Youth, and Scott Weiland (lead vocalist) formerly of Stone Temple Pilots. The band formed in 2002 and was active until 2008, when Weiland left the band abruptly to rejoin Stone Temple Pilots.

In 2004, the band achieved commercial success with their debut album, Contraband. <a href=""https://www.last.fm/music/Velvet+Revolver"">Read more on Last.fm</a>",United States
9,Ozzy Osbourne,3003780,90643775,"Ozzy Osbourne (born John Michael Osbourne in Marston Green, Warwickshire, on 3 December 1948; died 22 July 2025) was an English singer, songwriter, and media personality remembered as the lead vocalist of the heavy metal band Black Sabbath, during which period he adopted the nickname ""Prince of Darkness"". On 5 July 2025, Osbourne performed his final show at the ""Back to the Beginning"" concert event. 

He was inducted into the Rock and Roll Hall of Fame as a member of Black Sabbath in 2006 and as a solo artist in 2024. <a href=""https://www.last.fm/music/Ozzy+Osbourne"">Read more on Last.fm</a>",
10,Embrace,663132,8808046,"Embrace is the name of more than one artist:
1) an alternative rock band from Brighouse, West Yorkshire, England
2) a short-lived post-hardcore band from Washington, D.C., USA
3) a collaboration between dutch trance producers Ferry Corsten and Raz Nitzan
4) a Gothic Metal band from Toronto, Canada

1) Embrace is a five-piece alternative rock band from Brighouse, West Yorkshire, England, consisting of brothers Danny McNamara (singer) and Richard McNamara (guitarist) as well as Steve Firth (bassist) <a href=""https://www.last.fm/music/Embrace"">Read more on Last.fm</a>",Netherlands
11,Bushido,262008,15248031,"There is more than one artist with this name: a German rapper, a Latin pop act, a post-punk band and a prog rock band from Australia.

1) German rapper Anis Ferchichi who was born on September 28, 1978 in Bonn. His rap is strongly influenced by French Gangsta Rap. He is also known as Sonny Black.
Early Life:
Bushido has a Tunisian father and a German mother. However, he was raised in Berlin by his mother and never got to know his father.

Musical Career: <a href=""https://www.last.fm/music/Bushido"">Read more on Last.fm</a>",France
12,Divididos,129785,3756470,"Divididos (""Divided"") is a rock band from Argentina with a significant place in the history of Argentine rock. Formed in 1988 after the death of Luca Prodan and the consequent dissolution of Sumo, Ricardo Mollo (vocals, guitar) and Diego Arnedo (bass guitar) joined drummer Gustavo Collado to form a band named ""La División"" (The Division), which would be later called ""Divididos"". (Another band emerged from the ashes of Sumo: Las Pelotas.)

La Aplanadora del Rock is known for mixing rock with Argentine folk music, and hard-to-get lyrics. <a href=""https://www.last.fm/music/Divididos"">Read more on Last.fm</a>",
13,Queens of the Stone Age,3623476,244886720,"Queens of the Stone Age is a rock band from Palm Desert, California, United States. The band is frequently labeled stoner rock, although they reject the label. They developed a style of riff-oriented, heavy music which the band's founder and mastermind Josh Homme described as ""robot rock"", saying that he ""wanted to create a heavy sound based on a solid jam, just pound it into your head"". Since then, their sound has evolved to incorporate a variety of different styles and influences. <a href=""https://www.last.fm/music/Queens+of+the+Stone+Age"">Read more on Last.fm</a>",
14,Indio Solari,28009,1299564,"Indio Solari (born Carlos Solari, c. 1949) is an Argentine singer and musician. He was leader of Patricio Rey y sus Redonditos de Ricota between 1976 and 2002. He got separated from Redondos and then started his first solo work in 2004 called El Tesoro de los Inocentes (Bingo Fuel)), together with his backing band Los Fundamentalistas del Aire Acondicionado. In 2007 he released his second solo album Porco Rex.  <a href=""https://www.last.fm/music/Indio+Solari"">Read more on Last.fm</a>",
15,La Vela Puerca,139843,4257844,"La Vela Puerca is ""Uruguay's most famous ska-rock-band"". It was founded 1995 in Montevideo.

Its founders were Sebastián Teysera (lead vocals, frontman and main songwriter), Nicolás Lieutier (bass guitar) and Santiago Butler (guitar) - all three are still part of the band today. The band's first appearance as La Vela Puerca was in a montevidean street party in December 24, 1995. By then, several new members had already joined in. In 1996, frontman Sebastián Teysera presented a demo tape to a band contest. <a href=""https://www.last.fm/music/La+Vela+Puerca"">Read more on Last.fm</a>",
16,A Perfect Circle,2146828,111049054,"A Perfect Circle is an American alternative rock band formed in Los Angeles, California in 1999 by guitarist Billy Howerdel and Tool vocalist Maynard James Keenan. A Perfect Circle has released four studio albums, the first three during the early 2000s: Mer de Noms, their debut album in 2000, and followed up by Thirteenth Step in 2003; then in 2004, Emotive—an album of radically re-worked cover songs. Shortly after Emotive's release, the band went on hiatus; Keenan returned to Tool and started up solo work under the band name Puscifer <a href=""https://www.last.fm/music/A+Perfect+Circle"">Read more on Last.fm</a>",United States
17,Silver Mt. Zion,186773,3229690,"A Silver Mt. Zion is a band formed in 1999, in Montreal, Canada, by Godspeed You! Black Emperor musicians Efrim Menuck, Sophie Trudeau and Thierry Amar. According to an interview with VPRO Radio in The Netherlands, originally the project was for Efrim to learn how to score music, but the idea was soon abandoned as Efrim decided that he preferred music not to be defined by rules, preferring simply what sounds best. Despite this, he continued the project <a href=""https://www.last.fm/music/+noredirect/Silver+Mt.+Zion"">Read more on Last.fm</a>",
18,Nirvana,7280628,549762503,"There are multiple artists tracked as ""Nirvana"" on Last.fm. Following are six, listed in order of prominence:

1) Nirvana was a popular and highly influential American grunge band. The band formed in Aberdeen, Washington in 1987, and it was part of the Seattle grunge scene of the late 80s, alongside bands like Pearl Jam, Alice in Chains and Soundgarden. As their popularity rose, alternative rock became a dominant genre on American and Canadian radio and music television during the early-to-mid '90s. <a href=""https://www.last.fm/music/Nirvana"">Read more on Last.fm</a>",Canada
19,Alfredo Pardo- Spanish Pop,1667,6491,biografia no encontrada,
20,Benito Kamelas,16777,360067,"The spanish rock group BENITO KAMELAS se caracteriza por hacer un Rock fresco, cotidiano y divertido pero lo mejor es su puesta en escena. En Diciembre de 1997 graban un Cd con seis cortes (QUE MÁS DA)y empiezan a moverlo sin ningún tipo de apoyo de ninguna compañía, promocionandolo en directo por capitales como Teruel, Zaragoza, Córdoba, Tarragona, Castellón, y Alicante.
Asombrados por haber vendido 1.500 copias (mano en mano y algún garito) <a href=""https://www.last.fm/music/Benito+Kamelas"">Read more on Last.fm</a>",Spain
21,Soda Stereo,688011,46533412,"Soda Stereo was a rock power trio formed in Buenos Aires, Argentina in 1982. Consisting of guitarist and vocalist Gustavo Cerati, bassist Zeta Bosio and drummer Charly Alberti, the band established what would become the template for many other popular Spanish-speaking pop and rock music groups: Clever, often mysterious lyrics, pleasing musical arrangements and an elaborate and glamorous aesthetic image.

Though nominally thought of as a new wave or alternative rock group <a href=""https://www.last.fm/music/Soda+Stereo"">Read more on Last.fm</a>",
22,Mogwai,1673333,90836927,"Mogwai is a Scottish post-rock/instrumental band from Glasgow formed in 1995. 
They compose lengthy, mostly instrumental guitar-based pieces in the style of post-rock, usually focused around the elaboration of a single theme, and are known traditionally for their quiet/loud dynamic, defined bass riffs, and an eminent ambient sound, sometimes dark and sometimes grand. Although frequently referred to as post-rock, the band have revealed in interviews that they despise this categorization <a href=""https://www.last.fm/music/Mogwai"">Read more on Last.fm</a>",
23,HALCALI,291522,6302179,"HALCALI is a Japanese rap-pop duo from Tokyo's Meguro district. Its two members, Haruka (Halca) and Yukari (Yucali) also comprise the group's name; a concatenation of ""Haru"" and ""kari"". Haruka, born April 21, 1988 and Yukari, born July 18, 1987 originally met as finalists at a hip-hop audition held in a local school in the Meguro district, where both were born. 

At their inception, the girls were produced by Oshare Track Factory (OTF) comprised of producing artists Rip Slyme <a href=""https://www.last.fm/music/HALCALI"">Read more on Last.fm</a>",Japan
24,Breaking Benjamin,2796506,129779018,"Breaking Benjamin is an alternative metal band Formed in Wilkes-Barre, Pennsylvania, USA in 1998 by vocalist Benjamin Burnley and drummer Jeremy Hummel, Breaking Benjamin quickly garnered a strong local following. 

1st Studio Album (2002) - Saturate
The band signed to Hollywood Records in 2001 after the success of an independently-released, self-titled EP, which sold all 2,000 copies that were manufactured. Hollywood Records released their full-length, major-label debut, Saturate, on August 27, 2002. <a href=""https://www.last.fm/music/Breaking+Benjamin"">Read more on Last.fm</a>",
25,The Smashing Pumpkins,4372936,241159678,"The Smashing Pumpkins is an American alternative rock band from Chicago. The band was formed in 1988 by Billy Corgan and James Iha, with bassist D'arcy Wretzky  and drummer Jimmy Chamberlin joining shortly after. Despite going through many lineup changes, the current lineup is identical to the original, with the exception of Wretzky, who would end up leaving the band just before their initial breakup in 2000.

Disavowing the punk rock roots of many of their alt-rock contemporaries <a href=""https://www.last.fm/music/The+Smashing+Pumpkins"">Read more on Last.fm</a>",United States
26,Mark Knopfler,820691,24109823,"Mark Freuder Knopfler, OBE (born 12 August 1949) is a British singer, guitarist, composer, songwriter, record producer, and film score composer. He was the lead guitarist, lead singer, and songwriter for the rock band Dire Straits, which he co-founded with his younger brother, David Knopfler, in 1977. He was born in Glasgow but raised near Newcastle upon Tyne, England.

Since Dire Straits disbanded in 1995, Knopfler has recorded and produced nine solo albums and, as with his previous band, produced many hit songs. <a href=""https://www.last.fm/music/Mark+Knopfler"">Read more on Last.fm</a>",United Kingdom
27,O'Funk'illo,39154,635346,"O'funkillo es un grupo musical sevillano de funky (""Funky andaluz embrutessío"" según los propios miembros del grupo). Su nombre proviene de mezclar la expresión sevillana ""ojú killo"" con el funk, principal estilo de la banda. Aparte del funk, O'funk'illo cuenta con una gran variedad de estilos en sus composiciones, desde el metal al flamenco, pasando por el reggae.

Los comienzos de O'funk'illo se remontan al año 1997, cuando actuaban bajo el nombre de Motherfunkers, principalmente haciendo versiones. <a href=""https://www.last.fm/music/O%27Funk%27illo"">Read more on Last.fm</a>",
28,La Mosca,75029,456367,"Si bien la formación actual del grupo se consolida en marzo de 1995, la historia de la banda se remonta a comienzos de los noventa con ""La Reggae & Roll Band"", quienes hacían covers y algunos temas propios en la zona de Ramallo. Simultáneamente existían otras bandas entre las que se destacaba ""Damas gratis"" liderada por Guillermo Novellis.
Tras la disolución de ""Damas gratis"", Fernando Castro, que era el baterista y uno de los fundadores (de La Reggae)  <a href=""https://www.last.fm/music/+noredirect/La+Mosca"">Read more on Last.fm</a>",
29,Rage Against the Machine,4144297,157574860,"Rage Against the Machine was an American rock band from Los Angeles, California. Formed in 1991, the group consisted of vocalist Zack de la Rocha, bassist and backing vocalist Tim Commerford, guitarist Tom Morello, and drummer Brad Wilk. Their songs express revolutionary left-wing political views. As of 2010, they had sold over 16 million records worldwide. In 2023, the band was inducted into the Rock and Roll Hall of Fame.

Rage Against the Machine released its eponymous debut album in 1992 to commercial and critical success <a href=""https://www.last.fm/music/Rage+Against+the+Machine"">Read more on Last.fm</a>",United States
30,The Rolling Stones,5668767,264301481,"The Rolling Stones is an English rock band formed in London in 1962. Active for six decades, they are one of the most popular and enduring bands of the rock era. In the early 1960s, the Rolling Stones pioneered the gritty, rhythmically driven sound that came to define hard rock. Their first stable line-up consisted of vocalist Mick Jagger, multi-instrumentalist Brian Jones, guitarist Keith Richards, bassist Bill Wyman, and drummer Charlie Watts. During their formative years <a href=""https://www.last.fm/music/The+Rolling+Stones"">Read more on Last.fm</a>",
31,Tool,2515538,218558214,"Tool is an American alternative metal/progressive metal band from Los Angeles. Formed in 1990, the group's line-up includes vocalist Maynard James Keenan, guitarist Adam Jones and drummer Danny Carey. Justin Chancellor has been the band's bassist since 1995, replacing their original bassist Paul D'Amour. Tool has won four Grammy Awards, performed worldwide tours, and produced albums topping the charts in several countries.

To date, the band has released five studio albums, one EP and one box set. <a href=""https://www.last.fm/music/Tool"">Read more on Last.fm</a>",United States
32,Vilma Palma E Vampiros,166727,2181999,"Vilma Palma e Vampiros is a rock band from Rosario, Argentina, formed during 1991. 

Oficial Website
http://www.vilmapalma.com
http://twitter.com/#!/VilmaPalma
http://www.facebook.com/vilmapalmaevampiros <a href=""https://www.last.fm/music/Vilma+Palma+E+Vampiros"">Read more on Last.fm</a>",
33,Oasis,5677135,307935811,"Oasis is an English alternative rock band formed in Manchester in 1991. Originally known as the Rain, the group initially consisted of Liam Gallagher (lead vocals, tambourine), Paul Arthurs (guitar), Paul McGuigan (bass guitar) and Tony McCarroll (drums). Liam's older brother Noel (lead guitar, vocals) later joined as a fifth member, finalising the group's core lineup. During the course of their existence, they had various lineup changes, with the Gallagher brothers remaining the only staple members. <a href=""https://www.last.fm/music/Oasis"">Read more on Last.fm</a>",
34,P.O.D.,1744317,38332848,"Payable on Death (abbreviated as P.O.D.) is an American nu metal band from San Diego, California, formed in 1992. The band's line-up consists of vocalist Sonny Sandoval, drummer Wuv Bernardo, guitarist Marcos Curiel, and bassist Traa Daniels. They have released six major label studio albums along with two independent albums and have sold over 12 million records worldwide. Over the course of their career, the band have also received three Grammy Award nominations, contributed to numerous motion picture soundtracks and toured internationally. <a href=""https://www.last.fm/music/P.O.D."">Read more on Last.fm</a>",United States
35,Explosions in the Sky,1442568,75485831,"Explosions In The Sky is an American instrumental  post-rock band, which formed in Austin, Texas in 1999. Munaf Rayani, Mark Smith, and Michael James had just moved to Austin from Midland, Texas, and drummer Chris Hrasky had just moved to Austin from Rockford, Illinois.

The band quickly gained a reputation for their live shows even amongst other established local bands such as Lift To Experience.  They also garnered a small amount of media attention as a result of their second album Those Who Tell the Truth Shall Die <a href=""https://www.last.fm/music/Explosions+in+the+Sky"">Read more on Last.fm</a>",United States
36,Interpol,3124940,196319850,"Interpol is an American post-punk band formed in Manhattan, New York, in 1997. They played an important part in the post-punk revival of the 2000s. The band consists of Paul Banks (vocals and guitar), Sam Fogarino (drums), and Daniel Kessler (guitar and backing vocals).

The band's sound is generally a mix of staccato bass and rhythmic, harmonized guitar, with a snare heavy mix, drawing comparisons to post-punk bands such as Joy Division and The Chameleons. <a href=""https://www.last.fm/music/Interpol"">Read more on Last.fm</a>",United States
37,Café Tacvba,385948,13445853,"Café Tacvba is a band from the Lomas de Sotelo neighborhood in Mexico City, Mexico.

Their musical style covers a wide variety of genres, though it is most commonly labeled as Rock en Español. Their music has been heavily influenced by Mexico's indigenous population and folk music traditions, most notable the Jarocho style of the state of Veracruz, but also by punk and electronic music and other bands in the Mexico City scene. Perhaps the most distinctive feature of their music is Albarrán's nasal voice <a href=""https://www.last.fm/music/+noredirect/Caf%C3%A9+Tacvba"">Read more on Last.fm</a>",
38,Puddle of Mudd,1659840,25854009,"Puddle of Mudd is an American rock band. They achieved success on rock radio and some success in the mainstream, and their major-label debut Come Clean has sold over 5 million copies. To date the band has sold over 7 million albums, and have had a string of #1 mainstream rock singles in the United States. The original incarnation of this band was formed in 1992 in Kansas City, Missouri. In their hometown, they released their debut album ""Stuck"" in 1993, followed by ""Abrasive"" in 1996, to little commercial success. <a href=""https://www.last.fm/music/Puddle+of+Mudd"">Read more on Last.fm</a>",United States
39,Weezer,5186966,275154586,"Weezer is an American alternative rock band. Formed in 1992, they have released 15 full length albums, 1 cover album, six EPs, and a DVD. Their latest album, titled 'Van Weezer', came out on May 7th, 2021, Although, they released 4 EPs in 2022, known as SZNZ. They've sold over ten million records in the United States to date, and 35 million worldwide. They play music influenced by alternative bands and power pop artists among others.

Weezer started in Los Angeles <a href=""https://www.last.fm/music/Weezer"">Read more on Last.fm</a>",United States
40,Los Enanitos Verdes,418486,10382898,"The band started in 1984, with Marciano Cantero (bass guitar, keyboards and vocals), Felipe Staiti (guitar) and Daniel Piccolo drums. That same year, they performed throughout the Cuyo region. Later they traveled to Buenos Aires to record a demo, with unusable results that were never released. In spite of this failure, they continued doing shows in Mendoza and in Buenos Aires.

In 1984 the band added two new members: Sergio Embroni (guitar and vocals) and Tito Dávila (keyboard). <a href=""https://www.last.fm/music/+noredirect/Los+Enanitos+Verdes"">Read more on Last.fm</a>",
41,Air Supply,931398,11724929,"Air Supply is an Australian soft rock duo, consisting of Graham Russell as guitarist and singer-songwriter and Russell Hitchcock as lead vocalist. They had a succession of hits worldwide, including eight Top Ten hits in the United States, in the early 1980s. They formed in Melbourne, Australia in 1975 and have included various accompanying musicians and singers.

The two met in May 1975 while performing in the Australian production of the Andrew Lloyd Webber/Tim Rice musical, Jesus Christ Superstar. <a href=""https://www.last.fm/music/Air+Supply"">Read more on Last.fm</a>",Australia
42,Los Inhumanos,23515,126637,"Los Inhumanos is a pop band formed in 1980 in Valencia. Their concerts style was famous with a lot of funny hits, humoristical pop songs .
 <a href=""https://www.last.fm/music/Los+Inhumanos"">Read more on Last.fm</a>",
43,Titãs,465618,14149452,"Titãs is one of the most successful rock bands in Brazil, along with Legião Urbana, Os Paralamas do Sucesso and Barão Vermelho. The best known formation of the band was the one from the album ""Cabeça Dinossauro"" (Dinosaurhead): Nando Reis, Branco Mello, Marcelo Fromer, Arnaldo Antunes, Tony Bellotto, Paulo Miklos, Charles Gavin and Sérgio Britto. Out of these, only Mello, Bellotto, and Britto remain to this day.

History

* Formation and first works <a href=""https://www.last.fm/music/+noredirect/Tit%C3%A3s"">Read more on Last.fm</a>",
44,Jarabe de Palo,563054,9368286,"Jarabe de Palo (literally ""Wooden Stick Syrup"" or, after the Spanish expression ""dar un jarabe de palo"", i.e. a ""hell of a beating""), was a Spanish rock band founded in 1996. The group was led by singer, songwriter, and guitarist Pau Donés, whose death in 2020 caused the band to break up.

Pau Donés, born and raised in Barcelona, worked for various groups before being able to take on his current project, Jarabe de Palo. He began at age 15 with his brother Marc, with whom he formed a group known as J. <a href=""https://www.last.fm/music/Jarabe+de+Palo"">Read more on Last.fm</a>",Spain
45,Crossfade,1158940,18165860,"There are three bands with the name Crossfade.
1. An American post-grunge band
2. A Swedish pop rock band
3. An American technical death metal/new york hardcore band

1. Crossfade is an American rock band from Columbia, South Carolina. Their current members are Ed Sloan on lead vocals and guitar, Les Hall on Lead guitar, keyboard, and backing vocals, and Mitch James on backing vocals and bass. Since their formation in 1999 Crossfade has released two studio albums - their platinum selling self-titled debut album in 2004 <a href=""https://www.last.fm/music/Crossfade"">Read more on Last.fm</a>",United States
46,Juanes,1160763,20663936,"Juan Esteban Aristizábal Vásquez (born August 9, 1972), best known as Juanes, is a rock musician from Medellín, Colombia. When he was younger, his father started calling him Juanes, rather than Juan, a contraction of his two first names Juan and Esteban. As his friends grew to know him by this name, he chose to keep it for his musical career, which started when he, Andrés García, Fernando ""Toby"" Tobón and José David Lopera, formed the rock band Ekhymosis in 1988. <a href=""https://www.last.fm/music/Juanes"">Read more on Last.fm</a>",
47,The Cranberries,4514610,146603235,"The Cranberries was an Irish rock band formed in Limerick in 1989. The group consisted of lead vocalist and guitarist Dolores O’Riordan, guitarist Noel Hogan, bassist Mike Hogan, and drummer Fergal Lawler. O’Riordan joined the band in 1990, replacing founding member Niall Quinn, and the group’s name was shortened from The Cranberry Saw Us to The Cranberries following her arrival. Although primarily classified as an alternative rock band, their music incorporated elements of indie rock <a href=""https://www.last.fm/music/The+Cranberries"">Read more on Last.fm</a>",Ireland
48,Andrés Calamaro,436455,16240458,"Andres Calamaro is one of the most popular Argentinian pop-rock songwriters. A songs craftsman, as he likes to consider himself.

Born Aug 22, 1961 in Buenos Aires, Argentina, he began his professional musical career at the age of 17 playing keyboards in Raíces.
In 1981 he incorporated to one of the main bands of the Argentinean '80s rock scene: Los Abuelos de la Nada. Although the band was led by the brilliant Miguel Abuelo, Calamaro composed most of the band's hits <a href=""https://www.last.fm/music/+noredirect/Andr%C3%A9s+Calamaro"">Read more on Last.fm</a>",Argentina
49,Michael McDonald,428594,3778822,"Michael McDonald, born February 12, 1952, in St. Louis, Missouri, is an American R&B and soul singer known for his distinctive husky baritone voice, often described as ""blue-eyed soul."" During his early years, he played in several local bands while attending McCluer High School in Ferguson, Missouri. After performing with the group Blue, he moved to Los Angeles in 1970. He gained recognition as a backing vocalist and keyboardist for Steely Dan, contributing to their albums until the 1980 release of Gaucho. <a href=""https://www.last.fm/music/Michael+McDonald"">Read more on Last.fm</a>",United States
50,Papa Roach,3589491,123883122,"Papa Roach is an American rock band from Vacaville, California, formed in 1993. The original lineup consisted of lead vocalist Jacoby Shaddix, guitarist Jerry Horton, drummer Dave Buckner, bassist Will James, and trombonist Ben Luther.

After two EPs, James left and was replaced by Tobin Esperance. The band independently released two more EPs before signing with DreamWorks Records in 1999, subsequently releasing the triple-platinum Infest in 2000, the gold album Lovehatetragedy in 2002 and the platinum album Getting Away with Murder in 2004. <a href=""https://www.last.fm/music/Papa+Roach"">Read more on Last.fm</a>",United States
51,Dobie Gray,248113,1377615,"Dobie Gray (July 26, 1940 - December 6th 2011) was an African American singer and songwriter, whose musical career spanned soul, country, pop and musical theater. His hit records included ""The 'In' Crowd"" in 1965, and ""Drift Away"", which was one of the biggest hits of 1973, sold over one million copies, and remains a staple of radio airplay.

Gray was born near Houston, Texas, by his own account in Simonton although some sources suggest the nearby town of Brookshire. <a href=""https://www.last.fm/music/Dobie+Gray"">Read more on Last.fm</a>",United States
52,Bersuit Vergarabat,241717,5906359,"Bersuit Vergarabat, formed in 1989 in Buenos Aires, Argentina, is one of the most important Argentine rock bands of the 1990s/2000s.

After 2 albums of underground transgressive rock, the band started mixing it with Latin American rhythms such a cumbia, chacarera, candombe and cuartetazo. The lyrics, though, remained acid and critical of political and social problems.

The current line-up is: Gustavo Cordera (voice), Juan Subirá (keyboards and voice) <a href=""https://www.last.fm/music/Bersuit+Vergarabat"">Read more on Last.fm</a>",United States
53,Charlie Brown Jr.,719863,67338712,"Charlie Brown Jr. was a Brazilian alternative rock band from Santos, São Paulo. The group was popular with disadvantaged youth because of their relatable commentary about social issues and the frequent use of skate punk and hip hop slang in their songs. The band won two Latin Grammy Awards and was one of the most-popular Brazilian bands of the late 1990s to mid-2000s. <a href=""https://www.last.fm/music/Charlie+Brown+Jr."">Read more on Last.fm</a>",Brazil
54,Stone Sour,2024178,68225064,"Stone Sour was an American rock band formed in Des Moines, Iowa, in 1992. The band performed for five years before disbanding in 1997. They reunited in 2000 and since 2015, the group has consisted of Corey Taylor (lead vocals, guitar), Josh Rand (guitar), Christian Martucci (guitar), Johny Chow (bass) and Roy Mayorga (drums). Longtime members Joel Ekman (drums, percussion) and Shawn Economaki (bass guitar) left the band in 2006 and 2011, respectively. Former lead guitarist Jim Root left in 2014. <a href=""https://www.last.fm/music/Stone+Sour"">Read more on Last.fm</a>",United States
55,Elefante,223707,3212510,"There are several artists with the same or similar names:  1. Elefante from Uruguay, 2. Elefante from Mexico, 3. Elephante, an American DJ (redirected).

1) Elefante was one of Uruguay's leading rock bands in the 90's, formed in Montevideo. The original lineup consisted of STELLA MARIS (voice), BESTIA (guitar), HARRY (bass), CHONIUK (drums), and MANECO (guitar and samplers).
Elefante was one of the most significative bands from that decade, mixing hip-hop, nü-metal and electronica in their music. <a href=""https://www.last.fm/music/Elefante"">Read more on Last.fm</a>",United States
56,Santana,2747906,50601445,"Santana is a Latin music and rock band formed in San Francisco, California in 1966 by Mexican-American guitarist Carlos Santana. The band came to public attention with their performance of ""Soul Sacrifice"" at Woodstock in 1969. This exposure helped propel their first album, also named Santana, into a hit, followed in the next two years by Abraxas and Santana III. Lineup changes were common. Carlos Santana's increasing involvement with guru Sri Chinmoy took the band into more esoteric music, though it never lost its Latin influence. <a href=""https://www.last.fm/music/Santana"">Read more on Last.fm</a>",
57,The Black Keys,3236130,192909650,"The Black Keys are an alternative rock  group from Akron, Ohio, United States which formed in 2001, consisting of singer and guitarist Dan Auerbach and drummer Patrick Carney. The band name was inspired by a schizophrenic artist and friend in Akron, who used the term ""black keys"" to describe things he disliked or people he did not trust. The Black Keys have roots in traditional blues and psychedelic rock stylings.

They released their first album, The Big Come Up, in 2002, followed by Thickfreakness in 2003, and Rubber Factory in 2004. <a href=""https://www.last.fm/music/The+Black+Keys"">Read more on Last.fm</a>",
58,Porcupine Tree,1074149,107276095,"Porcupine Tree is a British progressive rock band formed in Hemel Hempstead, Hertfordshire, United Kingdom in 1987. During the course of the band's history, it has at times incorporated psychedelic rock, alternative, ambient, electronic, and, most recently, metal and post-rock into its unique style of progressive rock. Since 2010, mainstay Steven Wilson has concentrated on his solo work. On November 1st, 2021, the band announced a new album and tour in the formation Gavin Harrison, Steven Wilson, and Richard Barbieri (without Colin Edwin). <a href=""https://www.last.fm/music/Porcupine+Tree"">Read more on Last.fm</a>",United Kingdom
59,Pepper,510394,8477612,"New self-titled Pepper album drops Fall 2013!! 

Facebook www.facebook.com/pepperlive; Twitter www.twitter.com/pepperlive; Instagram www.instagram.com/pepperlive

Kaleo Wassman – Vocals/Guitar
Bret Bollinger – Vocals/Bass
Yesod Williams – Drums

“It’s the hardest thing we’ve ever done as a band to make this record,” says guitarist/vocalist Kaleo Wassman of Pepper, in speaking on the recording process of their new self-titled album. “It <a href=""https://www.last.fm/music/Pepper"">Read more on Last.fm</a>",
60,Train,3264145,55570696,"Train is an American pop rock band from San Francisco that was formed in 1993. Since 2024, the band consists of Pat Monahan (lead vocals), Taylor Locke (guitar, vocals), Hector Maldonado (bass, vocals), Jerry Becker (keyboards, guitar), and Matt Musty (drums).

With a lineup that included original members Monahan, Rob Hotchkiss, Jimmy Stafford, Scott Underwood, and Charlie Colin, the band achieved mainstream success with their debut album Train. The album was released in 1998 with the hit ""Meet Virginia"". <a href=""https://www.last.fm/music/Train"">Read more on Last.fm</a>",United States
61,CÓMPLICES,36677,237054,"There are 2 bands sharing the same name:
1.)  80's punk band from Spain
2.)  90's pop-rock band from Spain

2.)'Cómplices' es un grupo músical clásico de los 90 y del pop-rock español creado en 1987 por Teo Cardalda y su pareja Maria Monsonis.

Después de dejar su anterior anterior agrupación (Golpes Bajos), Teo se une a su pareja Maria Monsonis, Tino DiGeraldo y Billy Villegas y juntos forman el grupo Cómplices; su primer trabajo discográfico <a href=""https://www.last.fm/music/+noredirect/C%C3%93MPLICES"">Read more on Last.fm</a>",
62,Bruce Springsteen,3429814,143749500,"Bruce Frederick Joseph Springsteen (born September 23, 1949) is an American rock singer, songwriter, and guitarist. Nicknamed ""the Boss"", he has released 21 studio albums during a career spanning six decades, most of which feature his backing band, the E Street Band. Springsteen is a pioneer of heartland rock, a genre combining mainstream rock music with poetic and socially conscious lyrics that feature narratives primarily concerning working class American life. <a href=""https://www.last.fm/music/Bruce+Springsteen"">Read more on Last.fm</a>",United States
63,Callejeros,68338,2625410,"Formada en Villa Celina, Buenos Aires, Argentina, por Patricio Rogelio ""Pato"" Santos Fontanet en la voz, Maximiliano Djerfy en Coros y Guitarra, Elio Delgado en Guitarra, Juan Alberto Carbone en Saxo, Eduardo ""Cabeza"" Vasquez en Bateria y Christian ""Dios"" Torrejón en el Bajo quienes después de lanzar discos demos como Solo por hoy (1997), Callejeros (1998) y Adelantos (2000) grabaron oficialmente los discos Sed (2001), Presión (2003), Rocanroles sin destino (2004), Señales (2006) y Disco Escultura (2008). <a href=""https://www.last.fm/music/Callejeros"">Read more on Last.fm</a>",
64,Keane,3894417,113636947,"Keane is an English alternative rock band from East Sussex, formed in 1995. They met while at Tonbridge School together. The band currently comprises Tom Chaplin (lead vocals, electric/acoustic guitar), Tim Rice-Oxley (piano, synthesisers, bass guitar, backing vocals), Richard Hughes (drums, percussion, backing vocals), and Jesse Quin (bass guitar, acoustic/electric guitar, backing vocals). Their original line-up included founder and guitarist Dominic Scott, who left in 2001. <a href=""https://www.last.fm/music/Keane"">Read more on Last.fm</a>",
65,Zoé,450244,25821949,"There are, at least, three artists known as Zoé: 1) A Mexican rock band. 2) An aka of Zoë Pollock (also, aka Zoë). 3) A French-speaking variétés françaises singer.

1) A Mexican rock band, that's not not afraid of experimenting, with a modern sound, an eclectic style, some British influences & overall, their music's sophisticated without loss of rock energy. Their lyrics cover many subjects / feelings, with the same level of sophistication that their music shows, plus honesty. <a href=""https://www.last.fm/music/+noredirect/Zo%C3%A9"">Read more on Last.fm</a>",Mexico
66,The Hives,2064576,56581620,"The Hives is a rock band from Fagersta, Sweden, formed in 1993. They gained recognition in their home country during the 1990s and achieved international success in the early 2000s as part of the garage rock revival movement. The band's original lineup included vocalist Howlin' Pelle Almqvist, lead guitarist and backing vocalist Nicholaus Arson, rhythm guitarist and backing vocalist Vigilante Carlstroem, bassist Dr. Matt Destruction, and drummer Chris Dangerous. <a href=""https://www.last.fm/music/The+Hives"">Read more on Last.fm</a>",
67,La Ley,231509,3938462,"La Ley (Spanish for ""The Law"") was a Grammy Award and two-time Latin Grammy Award-winning Chilean pop rock band formed by Andrés Bobe and Rodrigo Aboitiz with Mauricio Claveria, Beto Cuevas and Luciano Rojas in Santiago, Chile.

They were originally formed in 1987, and was meant to be a techno/new rave band led by a female vocalist. The original vocalist of the band was Lucía ""Shia"" Arbulu, female singer that returned to her hometown, Spain, in 1988, shortly after the release of the first EP of the group, which was entitled La Luna. <a href=""https://www.last.fm/music/La+Ley"">Read more on Last.fm</a>",Chile
68,Al Stewart,458583,5111819,"Al Stewart (born in Glasgow, Scotland on 5 September 1945) is a British songwriter and musician. He is best known for his 1976 single Year of the Cat and its 1978 follow-up Time Passages (both produced by Alan Parsons). Stewart's inspiration for his songs primarily comes from the past; indeed, he is credited with creating his own genre, ""historical folk rock"". At one time in his life, Stewart took guitar lessons from King Crimson guitarist Robert Fripp. <a href=""https://www.last.fm/music/Al+Stewart"">Read more on Last.fm</a>",United Kingdom
69,Richard Ashcroft,668014,8618968,"Richard Ashcroft (born Richard Paul Ashcroft, on September 11, 1971, in Billinge, Wigan, England) is best known as the front man of The Verve, which he helped form in 1989.

After that band's demise in 1999, Ashcroft began his solo career, releasing Alone with Everybody in 2000, Human Conditions in 2002 and Keys to the World in 2006. He performed vocals for the track Lonely Soul on UNKLE's 1998 release Psyence Fiction and his voice can also be heard on the The Chemical Brothers' album Come With Us track The Test. <a href=""https://www.last.fm/music/Richard+Ashcroft"">Read more on Last.fm</a>",
70,The Cure,5215096,370222456,"The Cure is an English gothic rock band formed in Crawley in 1976 by Robert Smith (vocals, guitar) and Lol Tolhurst (drums). The band’s current lineup consists of Smith, Simon Gallup (bass), Roger O'Donnell (keyboards), Perry Bamonte (guitar and keyboards), Jason Cooper (drums), and Reeves Gabrels (guitar). Smith has been the sole constant member throughout the group’s history, while Gallup has appeared on all but two of the band’s studio albums. <a href=""https://www.last.fm/music/The+Cure"">Read more on Last.fm</a>",
71,Drowning Pool,2050448,35677941,"There are 2 bands by this name:

1. Drowning Pool is a heavy metal/nu metal band from Dallas, Texas formed in 1997.5 that rose to prominence while playing along with Ozzy Osbourne during Ozzfest. Their 2001 debut album, Sinner, was certified platinum within six months and the video for its first single ""Bodies"" was frequently aired on various music video channels. After the September 11th attacks the song ""Bodies"" was infrequently heard on many radio stations due to the sensitivity of those families' loved ones who jumped from the towers. <a href=""https://www.last.fm/music/Drowning+Pool"">Read more on Last.fm</a>",
72,Skank,642032,21612722,"Skank is a pop/rock/reggae band in Brazil. The band started 1991, in Belo Horizonte, Minas Gerais.

The debut album, Skank (1993), was successful around the underground circuit. The second album, ""Calango"", came out in 1994 . “É Proibido Fumar”, “Te Ver”, “Pacato Cidadão”, “Jackie Teckila” and “Esmola” were the biggest hits.

In 1996, “Garota Nacional”, the single of ""O Samba Poconé"" gave Skank international success. The band travelled around the world, performing in Latin America, United States and Europe. <a href=""https://www.last.fm/music/Skank"">Read more on Last.fm</a>",
73,Electric Six,800544,23317417,"There are two artists that have used the name Electric Six
1. An alternative rock band from the United States
2. A musical group from South Africa

1. Electric Six is a six-piece Detroit-based rock band consisting of Dick Valentine (vocals), Tait Nucleus? (synthesizers), Johhny Na$hinal (guitar), Da Ve (guitar), Percussion World (drums), and Smorgasboard (bass) who play a mix of rock, funk and disco.

The band's first notorious formation comprised Valentine <a href=""https://www.last.fm/music/Electric+Six"">Read more on Last.fm</a>",
74,Los Auténticos Decadentes,246356,4615379,"Los Auténticos Decadentes (Spanish for ""The Authentic Decadents"") is an Argentine band that mixes ska with Latin American rhythms. The band was formed around 1986 by Cucho and Nito, who invited Gastón to join them.

Their first hit was Veni Raquel, which set the tone for their later lyrics' irreverence and ironic humor. Many of their songs are classic anthems of Argentinian nightlife, such as Corazón, Loco (Tu Forma de Ser), Entregá el Marrón, La Guitarra, Los Piratas, and El Murguero. <a href=""https://www.last.fm/music/+noredirect/Los+Aut%C3%A9nticos+Decadentes"">Read more on Last.fm</a>",Argentina
75,U2,4917766,225731240,"U2 is an Irish rock band formed in Dublin in 1976. The group comprises Bono (lead vocals and rhythm guitar), the Edge (lead guitar, keyboards, and backing vocals), Adam Clayton (bass guitar), and Larry Mullen Jr. (drums and percussion). Initially rooted in post-punk, U2's musical style has evolved throughout their career, yet has maintained an anthemic quality built on Bono's expressive vocals and the Edge's chiming, effects-based guitar sounds. Bono's lyrics <a href=""https://www.last.fm/music/U2"">Read more on Last.fm</a>",Ireland
76,Bunbury,145100,5172768,biografia no encontrada,
77,The Hellacopters,347982,11900554,"The Hellacopters is a Swedish garage rock band that was formed in 1994 by Nicke Andersson (vocals and guitar), Andreas Tyrone ""Dregen"" Svensson (guitar), Kenny Håkansson (bass), and Robert Eriksson (drums). Andersson (sometimes known as Nick Royale) had been the drummer for the death metal band Entombed, and Dregen was taking a break from his full-time band Backyard Babies. Dregen and Eriksson had been roadies for Entombed, while Håkansson was a childhood friend of Andersson's. <a href=""https://www.last.fm/music/The+Hellacopters"">Read more on Last.fm</a>",
78,The Dandy Warhols,1544520,33095769,"The Dandy Warhols is an American alternative rock band formed in Portland, Oregon in 1993. The band was founded by lead singer Courtney Taylor-Taylor, keyboardist Zia McCabe, guitarist Peter Holmström, and drummer Eric Hedford. Hedford left in 1998 to be replaced by Taylor-Taylor's cousin Brent DeBoer. The band's name is a play on the name of American pop artist Andy Warhol.

The Dandy Warhols are strongly influenced by The Brian Jonestown Massacre <a href=""https://www.last.fm/music/The+Dandy+Warhols"">Read more on Last.fm</a>",United States
79,Blur,4619908,186140427,"Blur is an English rock band formed in London in 1988, consisting of singer Damon Albarn, guitarist Graham Coxon, bassist Alex James, and drummer Dave Rowntree. Their debut album, ""Leisure"" (1991), incorporated elements of Madchester and shoegaze. Following a stylistic change influenced by British guitar pop groups such as the Kinks, the Beatles, and XTC, Blur released ""Modern Life Is Rubbish"" (1993), ""Parklife"" (1994), and ""The Great Escape"" (1995). <a href=""https://www.last.fm/music/Blur"">Read more on Last.fm</a>",United Kingdom
80,Los Piojos,115940,4339159,"Los Piojos was an argentine rock band born in 1987, originally formed in El Palomar, Buenos Aires. The band was lead by Andrés Ciro Martinez  (principal songwriting, harmonica, and vocalist). The line-up was completed by Gustavo Hernán ""Kupi"" Kupinsky (rhythm/lead guitar, backing vocals), Miguel Ángel ""Micky"" Rodríguez  (bass guitar, backing vocals) Daniel ""Piti"" Fernández (rhythm/lead guitar, backing vocals) and Daniel Buira (drums) [later, he was replaced by Sebastián ""Roger"" Cardero (drums)]. <a href=""https://www.last.fm/music/Los+Piojos"">Read more on Last.fm</a>",
81,Charly García,314851,18733823,"One of the most important rock and pop musicians in Latin America, Carlos Alberto García Moreno, better known as Charly García is a keyboardist, guitarist and singer-songwriter, born in Buenos Aires, Argentina in 1951. 

A former member of the legendary bands Sui Generis (1972-1975), Porsuigieco (1976), La Máquina de Hacer Pájaros (1977-1978) and Serú Girán (1978-1982), García has behind him a 40-year musical career that includes these bands -and his solo work- that carries on to this day. <a href=""https://www.last.fm/music/+noredirect/Charly+Garc%C3%ADa"">Read more on Last.fm</a>",
82,Skay Beilinson,24088,508445,"Guitarrista de Patricio Rey y sus Redonditos de Ricota, Skay editó su primer disco solista en el 2002, acompañado por Daniel Colombres en batería y Claudio Cuartero en bajo, con producción de la Negra Poly. ""A través del Mar de los Sargazos"" está conformado por canciones que fueron quedando afuera de los discos de los Redondos. «Son ideas muy ricas que, cuando las escuché, me seguían estimulando».

Con Colombres, Cuartero, Oscar Reyna (guitarra) y Javier Lecumberry (teclados) avanzó sobre ""Talismán"" (2004) <a href=""https://www.last.fm/music/Skay+Beilinson"">Read more on Last.fm</a>",
83,Molotov,456946,12676889,"Molotov is a Mexican rock and hip hop band formed on September 23, 1995 in Mexico City. Their lyrics feature a mixture of Spanish and English, rapped and sung by all members of the group. Musically, Molotov blends heavy basslines, flamenco guitar riffs and turntable scratches. Molotov is often regarded the Latin response to Rage Against The Machine. Many songs, such as ""Gimme Tha Power"" and ""Frijolero"", are politically inspired. Addressing issues such as disenfranchisement within Mexico and immigration in the United States. <a href=""https://www.last.fm/music/Molotov"">Read more on Last.fm</a>",Mexico
84,Rata Blanca,185115,3579136,"Rata Blanca was founded in 1985 by Walter Giardino after he left V8. Rata Blanca played together for about two years before their debut on August 15, 1987 in the theater ""Luz y Fuerza"" in Buenos Aires, Argentina. They later took part in the ""Halley en Obras"", along with other bands: Alakrán (""Skorpion""), JAF and Kamikaze, in 1988. That year they made their debut album with two hits: ""Chico Callejero"" (""Street Boy"") and ""El Sueño de la Gitana"" (""Gypsy Woman's Dream""). <a href=""https://www.last.fm/music/Rata+Blanca"">Read more on Last.fm</a>",
85,Nek,255906,4368359,"1. Filippo Neviani (born 6 January 1972), known by his stage name Nek, is an Italian singer-songwriter and musician. Nek is popular in Italy and throughout the Spanish-speaking world, and has performed and released most of his albums in both Italian and Spanish.

Nek first gained international success in 1997, when he took part in the Sanremo Music Festival in the Big Artists section, and although he didn't win, the song ""Laura non c'è"" (in Spanish: <a href=""https://www.last.fm/music/Nek"">Read more on Last.fm</a>",Italy
86,Engenheiros Do Hawaii,420080,28213288,"Engenheiros do Hawaii (""Engineers from/of Hawaii"", a.k.a. Engenheiros) is a Brazilian rock band formed in 1985 in the city of Porto Alegre. Their style crosses a variety of genres including progressive rock, alternative rock, folk rock, new wave, post-punk and pop rock.

They achieved great popularity with their ironic, critically charged songs with heavily semantic lyrics often relying on wordplays. The last formation includes: Humberto Gessinger (Guitar <a href=""https://www.last.fm/music/Engenheiros+Do+Hawaii"">Read more on Last.fm</a>",Brazil
87,Foo Fighters,6179334,351113330,"Foo Fighters is an American rock band formed in Seattle in 1994. Foo Fighters was initially formed as a one-man project by former Nirvana drummer Dave Grohl. Following the success of the eponymous debut album, Grohl (lead vocals, guitar) recruited a band consisting of Nate Mendel (bass guitar), William Goldsmith (drums), and Pat Smear (guitar). After a succession of lineup changes, including the departures of Goldsmith and Smear, the band formed its core lineup in 1999 consisting of Grohl <a href=""https://www.last.fm/music/Foo+Fighters"">Read more on Last.fm</a>",United States
88,Inspector,132903,2250608,"There are 2 bands with this name:

1. Mexican ska revival ensemble Inspector comprises singer Javier Sánchez aka Big Javi, drummer David Martínez aka Tribi, bassist Arnoldo Ortega aka Lolo, sax players Jaime González aka Jimmy and Jesús Arriaga aka Padrino, guitarist Alejandro Ortega aka Güero, keyboardist Homero Ontiveros aka Marango and trumpeter Jesús Lemo. The band debuted in 1995 with the independently produced Misión Ska, featuring five original songs. <a href=""https://www.last.fm/music/Inspector"">Read more on Last.fm</a>",Mexico
89,Counting Crows,2967681,58607068,"Counting Crows is an American rock band originating from Berkeley, California. Formed in 1991, the group gained fame in 1993 following the release of their debut album, titled 'August and Everything After', when track ""Mr. Jones"" became a big hit. Known for their melancholic yet melodic songwriting, the band started when singer Adam Duritz (previously of The Himalayans and Sordid Humor) teamed up with guitarist David Bryson (local producer and former member of the band Mr. <a href=""https://www.last.fm/music/Counting+Crows"">Read more on Last.fm</a>",United States
90,Lordi,571554,18099456,"Lordi is a Finnish hard rock band, formed in 1992 by the band's lead singer, songwriter and costume maker, Mr Lordi (Tomi Petteri Putaansuu). In addition to their melodic metal music, Lordi are also known for wearing monster masks and using horror elements with pyrotechnics during concerts and music videos. The band rose to fame in 2002 with their hit single ""Would You Love a Monsterman?"", and won the Eurovision Song Contest 2006 with their song ""Hard Rock Hallelujah"". <a href=""https://www.last.fm/music/Lordi"">Read more on Last.fm</a>",
91,R.E.M.,4240439,151310064,"R.E.M. was an American alternative rock band from Athens, Georgia, formed in 1980 by drummer Bill Berry, guitarist  Peter Buck, bassist/backing vocalist  Mike Mills, and lead vocalist  Michael Stipe. One of the first alternative rock bands, R.E.M. was noted for Buck's ringing, arpeggiated guitar style, Stipe's distinctive vocal quality and obscure lyrics, Mills's melodic bass lines and backing vocals, and Berry's tight, economical style of drumming.  <a href=""https://www.last.fm/music/R.E.M."">Read more on Last.fm</a>",United States
92,The Goo Goo Dolls,2425904,47053654,"The Goo Goo Dolls are an alternative rock band that formed in 1986 in Buffalo, New York. They are perhaps most famous for the hit ""Iris,"" featured on the soundtrack to the 1998 film City of Angels. Currently, the band consists of three members:

    * Johnny Rzeznik - Vocals, guitar (Founding member)
    * Robby Takac - Vocals, bass (Founding member)
    * Mike Malinin - Drums (Hired in 1995, made official member in 1998)

Founded in Buffalo, New York <a href=""https://www.last.fm/music/+noredirect/The+Goo+Goo+Dolls"">Read more on Last.fm</a>",
93,Pixies,4124392,207487202,"Pixies is an American alternative rock band which formed in Boston, Massachusetts, United States in 1986. The band consists of Charles (Black Francis) Thompson IV (vocals, guitar; also known as ''Frank Black''), Joey Santiago (lead guitar),   David Lovering (drums) and Emma Richardson (bass, vocals). Until 2013, the band also featured  Kim Deal on bass and vocals. From 2016 until 2024 the band also featured Paz Lechantin on bass and vocals.   The band officially split in 1993  and reunited in 2004. <a href=""https://www.last.fm/music/Pixies"">Read more on Last.fm</a>",United States
94,Orleans,259263,1643448,"Orleans is an American pop-rock band best known for its hits Dance With Me (1975), Still the One (1976), and Love Takes Time (1979). Orleans began as a trio in 1972 in Woodstock NY. Guitarist John Hall, drummer Wells Kelly and multi-instrumentalist Larry Hoppen played tirelessly all over the Northeast and up / down the Eastern “corridor” for nine months, then added Lance Hoppen (Larry’s brother) fresh out of high school on bass to form the quartet that would record its debut LP in 1973 at the legendary Muscle Shoals Studio in Alabama.  <a href=""https://www.last.fm/music/Orleans"">Read more on Last.fm</a>",United States
95,Miguel Ríos,38565,286237,"Ríos was born in La Cartuja, a neighborhood of Granada. The youngest of seven children, he went to work in a local bar at the age of fifteen after little formal education. His interest in rock and roll led him to participate in a song contest at Cenicienta 60 radio station, in which he and his friends won a prize for singing the Paul Anka song ""You Are My Destiny"".

With his mother's permission (his father died a few months earlier), he moved to Madrid in 1961 at the age of sixteen, where he recorded his first four songs. <a href=""https://www.last.fm/music/+noredirect/Miguel+R%C3%ADos"">Read more on Last.fm</a>",
96,Turf,80736,1187400,"Turf is a rock band from Argentina. It was formed in December 1995 & since then they been playing all around in Buenos Aires. 

Their first album was edited in August 1997 and it was called ""Una pila de vida"". In this album Charly García participated in the song ""Despiole generacional"". In that year they played with Los Ratones Paranoicos in the festival Buenos Aires Vivo. The two promo songs for this album were ""Casanova"" y ""Crónica Te Ve"".

In 1998 they played supporting The Rolling Stones in their concert in River Plate Stadium <a href=""https://www.last.fm/music/Turf"">Read more on Last.fm</a>",
97,The Beautiful Girls,381378,4583319,"The Beautiful Girls are an Australian band from the New South Wales coast composed of Mat McHugh on vocals and guitar, Paulie B on bass and Bruce Braybrooke on drums.

TBG have released five full length albums: Learn Yourself, We're Already Gone, Ziggurats, Spooks and Dancehall Days; as well as one EP, Morning Sun, TBG have an eclectic style of their own, with smatterings of rock, acoustic, reggae, pop and folk all through their music. Many people find elements of artists such as Ben Harper <a href=""https://www.last.fm/music/The+Beautiful+Girls"">Read more on Last.fm</a>",Australia
98,Serani Poji,310754,6223318,"Serani Poji (セラニポージ) is a Japanese pop group, describing themselves as ""made from happiness, miracle, mysterious, cake, strawberry, candy, funny, sweet drink, twinkle-star, perfume, teenage, youth, love, lover, milk tea, cafe au lait...and many many wonderful thing!""

Serani Poji was originally created in 1999 to provide songs for the Sega game ROOMMANIA＃203, in which ""Serani Poji"" is the name of a fictional pop singer. Tomoko Sasaki (ササキトモコ) handles composition, keyboards, and lyrics. <a href=""https://www.last.fm/music/Serani+Poji"">Read more on Last.fm</a>",Japan
99,Mägo de Oz,288240,13345164,"Mägo de Oz is a Folk Metal band from Madrid, Spain, formed in 1989 by drummer Txus. It was one of the earliest bands to perform Folk metal, combining celtic and Spanish folk music with heavy/power metal since their first releases. Their lyrics (always written in Spanish) combine supernatural stories and drinking escapades with a biting satire.

In 1992, the band became a finalist in the ""Villa de Madrid"" contest. They achieved great success in their country, and became Revelation Rock band in various media in 1995. <a href=""https://www.last.fm/music/+noredirect/M%C3%A4go+de+Oz"">Read more on Last.fm</a>",Spain
100,Aerosmith,4584189,127044499,"Aerosmith is an American rock band formed in Boston, Massachusetts, in 1970. The group consists of lead vocalist Steven Tyler, bassist Tom Hamilton, drummer Joey Kramer, and guitarists Joe Perry and Brad Whitford. Their musical style is primarily rooted in blues-based hard rock and also incorporates elements of pop rock, heavy metal, glam metal, and rhythm and blues. The band’s primary songwriting partnership between Tyler and Perry is often referred to as the Toxic Twins. <a href=""https://www.last.fm/music/Aerosmith"">Read more on Last.fm</a>",United States
101,Ben Harper,1549561,30771181,"Ben Harper (born in Pomona, CA, on 28 October 1969) is an American  Grammy-winning singer and songwriter. As well as solo albums, he has recorded as Ben Harper and Tom Freund, Ben Harper & The Innocent Criminals, Ben Harper And The Blind Boys Of Alabama, Ben Harper and Relentless7, Ben Harper & Charlie Musselwhite, and Ben & Ellen Harper. 

Harper grew up listening to blues, folk, soul, RnB, and reggae. Harper's blend of groove-laden funky soul and <a href=""https://www.last.fm/music/Ben+Harper"">Read more on Last.fm</a>",United States
102,Coti,197262,1601090,"1)Coti:
Argentinian singer & songwriter which has composed many great songs, like ""Color Esperanza"", the song that made Diego Torres a big star.  His 2005 collaboration with Latin singers Paulina Rubio and Julieta Venegas produced the international smash hit ""Nada Fue Un Error""  (which approximately means ""None of it was a Mistake"").

2)Coti:
Costantino Luca Rolando Kiriakos, born in Milan, Italy in 1966, moved to Greece at the age of 6, where, since the mid-eighties, better known simply as Coti (or Coti K. <a href=""https://www.last.fm/music/Coti"">Read more on Last.fm</a>",
103,Thanya Paredes Aymara,197,1677,biografia no encontrada,
104,Jóvenes Pordioseros,15400,142376,"Los Jóvenes Pordioseros es una banda que se formó inicialmente en el barrio de Lugano, en 1993. Sus primeros integrantes tenían en ese momento entre 15 y 16 años y estaban dando sus primeros pasos en la música. Ni siquiera contaban con instrumentos propios, por lo que los ensayos dependían de conseguirlos prestados. Ese año debutan en el Teatro Arpegios, y siguen por Arlequines, el Manicomio, el Circo, varios pubs y reuniones.
La influencia musical se basó en el rock and roll, y como exponentes principales los Rolling Stones. <a href=""https://www.last.fm/music/+noredirect/J%C3%B3venes+Pordioseros"">Read more on Last.fm</a>",
105,Wilco,1908515,99315798,"Wilco is an American alternative rock band which formed in 1994 in Chicago, Illinois, United States by the remaining members of alternative country group Uncle Tupelo following singer Jay Farrar's departure from that group. Wilco's lineup has changed frequently, with only singer Jeff Tweedy and bassist John Stirratt remaining from the original incarnation. The other current members are guitarist Nels Cline, multi-instrumentalists Pat Sansone and Mikael Jorgensen, and drummer Glenn Kotche. <a href=""https://www.last.fm/music/Wilco"">Read more on Last.fm</a>",United States
106,Lifehouse,2137041,54487515,"Lifehouse is an alternative rock band pioneered by lead singer and songwriter  Jason Wade . In the last 20 years, Lifehouse has released seven albums, debuting with the multi-platinum album No Name Face in the year 2000. The group includes Jason Wade (lead vocals, guitar), Rick Woolstenhulme Jr. (drums, percussion) and Bryce Soderberg (vocals, bass guitar). They have sold upwards of fifteen million singles and albums worldwide to date.

The band holds its roots in California <a href=""https://www.last.fm/music/Lifehouse"">Read more on Last.fm</a>",
107,Placebo,3370545,268588593,"There are at least four artists with the name Placebo:

1) Placebo is a British alternative rock duo formed in London in 1994 by vocalist-guitarist Brian Molko and bassist-guitarist Stefan Olsdal. Drummer Robert Schultzberg joined in late 1994 but left in 1996 shortly after the release of the band's eponymous debut album due to conflicts with Molko. He was replaced the same year by Steve Hewitt. Molko was born in Belgium, and Olsdal and Schultzberg were born in Sweden. <a href=""https://www.last.fm/music/Placebo"">Read more on Last.fm</a>",United Kingdom
108,Los Amantes De Lola,57894,422514,"Mexican band from Mexico City, formed in ends 80's. <a href=""https://www.last.fm/music/Los+Amantes+De+Lola"">Read more on Last.fm</a>",Mexico
109,Limp Bizkit,3936100,163185784,"Limp Bizkit is an American  alternative metal band from Jacksonville, Florida. Their lineup consists of Fred Durst (lead vocals), Sam Rivers (bass, backing vocals), John Otto (drums, percussion), DJ Lethal (turntables), and Wes Borland (guitars, vocals). Their music is marked by Durst's angry vocal delivery and Borland's sonic experimentation. Borland's elaborate visual appearance, which includes face and body paint, masks and uniforms, also plays a large role in the band's live shows. <a href=""https://www.last.fm/music/Limp+Bizkit"">Read more on Last.fm</a>",United States
110,Lionel Richie,1681261,18142364,"Lionel Brockman Richie, Jr. (born June 20, 1949 in Tuskegee, Alabama) is an American R&B singer, songwriter, composer, and occasional actor.  He got his start as the front man for the Commodores, a nationally popular Motown band during the 70's. They had several hits such as Easy, Three Times A Lady, and probably the Commodores' most famous hit, Brick House. 

Richie quit the band in 1981 for a solo career. He released his self-titled debut in 1982. <a href=""https://www.last.fm/music/Lionel+Richie"">Read more on Last.fm</a>",United States
111,Franz Ferdinand,4729023,175356077,"Franz Ferdinand is a Scottish alternative rock  band that formed in Glasgow, Scotland, United Kingdom, in 2002 and played an important part in the post-punk revival of the 2000s. The band was composed of Alex Kapranos (lead vocals and guitar), Bob Hardy (bass guitar), Nick McCarthy (rhythm guitar, keyboards and backing vocals) and Paul Thomson (drums, percussion and backing vocals) until 2016 when McCarthy left them. The next year  Julian Corrie (keyboards <a href=""https://www.last.fm/music/Franz+Ferdinand"">Read more on Last.fm</a>",
112,Black Rebel Motorcycle Club,1562526,46693949,"Black Rebel Motorcycle Club is a rock band from San Francisco, United States. The band formed in 1998. Influences include The Brian Jonestown Massacre, The Verve, The Rolling Stones, Oasis, T. Rex, The Velvet Underground, Love and Rockets, Daniel Ash, and The Jesus and Mary Chain.

The band's second album 'Take Them On, On Your Own' featured several songs ('Generation' and 'US Government') which were critical of the United States' foreign policy and George Bush in particular.  <a href=""https://www.last.fm/music/Black+Rebel+Motorcycle+Club"">Read more on Last.fm</a>",
113,La Unión,223957,2086864,"LA UNIØN grupo formado por Rafa Sánchez (cantante), Luis Bolín (bajo), Mario Martínez (guitarra) e Íñigo Zabala (teclados) a finales del año 82 en Madrid, al calor de “La Movida”. Su música influida, llena de personalidad, romanticismo, referencias literarias y cinematográficas pronto se hace notar. ""Lobo Hombre en París"", basada en un cuento de Boris Vian.  
 <a href=""https://www.last.fm/music/+noredirect/La+Uni%C3%B3n"">Read more on Last.fm</a>",
114,Travis,2089114,54378019,"Travis is a Scottish alternative band formed in Glasgow in 1990, composed of Fran Healy (lead vocals, rhythm guitar), Dougie Payne (bass guitar, backing vocals), Andy Dunlop (lead guitar, banjo, backing vocals) and Neil Primrose (drums, percussion). The band's name comes from the character Travis Henderson (played by Harry Dean Stanton) from the film Paris, Texas (1984).

The band released their debut album, Good Feeling (1997), to moderate success <a href=""https://www.last.fm/music/Travis"">Read more on Last.fm</a>",
115,Semisonic,1309896,12230022,"Semisonic is a power pop/alternative rock band formed in Minneapolis, Minnesota, U.S.A. Known for their signature song ""Closing Time"", the band members are Dan Wilson (guitar/vocals), John Munson (bass), and Jacob Slichter (drums). Although on hiatus since the early-00s, sporadic reunions have occurred.

After the breakup of Trip Shakespeare, Dan Wilson and John Munson joined up with drummer Jacob ""Jake"" Slichter to form Semisonic in 1995. An E.P. <a href=""https://www.last.fm/music/Semisonic"">Read more on Last.fm</a>",
116,The Killers,6715948,366858292,"There are multiple artists using this name:

1. The Killers is an American rock band from Las Vegas, Nevada, formed in 2001. 
They got the name from the fictional band The Killers in the video for New Order's song Crystal. 
As of 2021, the band has released six studio albums, which have sold 28 million records worldwide. 

The Early Years
Initially, The Killers played at large clubs in Las Vegas. With the band's line-up stable and their repertoire of songs expanding <a href=""https://www.last.fm/music/The+Killers"">Read more on Last.fm</a>",United States
117,Tommy february6,319308,11580388,"In 2001, 川瀬智子 (Tomoko Kawase) (born February 6, 1975, in Kyoto, Japan) launched her solo career under the name of Tommy february6, a character named from a combination of her nickname and birthdate. Vastly different from the japanese rock / japanese pop sound of the brilliant green for which she is also lead singer, Tommy february6's persona and sound are that of a generic Stock Aitken Waterman style 1980s pop icon. Her eponymous debut album was released on the day of her 27th birthday. <a href=""https://www.last.fm/music/Tommy+february6"">Read more on Last.fm</a>",Japan
118,Los Rodriguez,152218,2751698,biografia no encontrada,
119,Celso Piña,88396,813688,"Celso Piña (Monterrey, Nuevo León, México, 6 April 1953 - August 21, 2019) was a Mexican singer, composer, arranger, and accordionist, mainly in the genre of Cumbia, being one of the most important musicians in the style of ""Cumbia rebajada"".  

Piña was a pioneer in the mixture and fusion of tropical sounds with many of his works having elements of cumbia, regional mexicano, cumbia sonidera, ska, reggae, rap/hip-hop, R&B, etc. Piña is also known as El Rebelde del acordeón or the Cacique de la Campana. <a href=""https://www.last.fm/music/+noredirect/Celso+Pi%C3%B1a"">Read more on Last.fm</a>",Mexico
120,Chris de Burgh,814819,8264346,"Christopher John Davison (born 15 October 1948), known professionally as Chris de Burgh, is a British-Irish singer, instrumentalist, and songwriter. He started out as an art rock performer but subsequently started writing more pop-oriented material. He has had several top 40 hits in the UK and two in the US, but he is more popular in other countries, particularly Norway and Brazil. His 1986 love song ""The Lady in Red"" reached number one in several countries. De Burgh has sold over 45 million albums worldwide. <a href=""https://www.last.fm/music/Chris+de+Burgh"">Read more on Last.fm</a>",
121,The Strokes,5516586,452178236,"The Strokes is an American indie rock band, known for their distinctive sound and cultural impact, particularly in the early 2000s.

Members
Julian Casablancas (vocals), Nick Valensi (guitar), Albert Hammond Jr. (guitar), Nikolai Fraiture (bass), and Fabrizio Moretti (drums)

Formation
The founding process of The Strokes was a serendipitous convergence of childhood connections and a shared musical vision. Julian Casablancas, Fabrizio Moretti, and Nick Valensi, childhood friends with varying musical experiences, came together in the late '90s. <a href=""https://www.last.fm/music/The+Strokes"">Read more on Last.fm</a>",United States
122,Alvin Lee,74346,823253,"Alvin Lee (19 December 1944 - 6 March 2013) was famous as the guitarist in the seminal seventies rock band Ten Years After.

Born Graham Barnes in Nottingham England, Alvin Lee took up guitar at the age of thirteen. By the age of fifteen he had formed the group Jaybirds. Following in the footsteps of earlier beat groups such as the Beatles, the Jaybirds played the clubs in Hamburg, Germany to great local acclaim. On returning to London in 1966, the group changed its name to Ten Years After. <a href=""https://www.last.fm/music/Alvin+Lee"">Read more on Last.fm</a>",
123,Eagle-Eye Cherry,1074929,8421588,"Eagle-Eye Lanoo Cherry (born 7 May 1968 in Scania, Sweden) is a Swedish singer-songwriter known best for his hit ""Save Tonight"", the lead single from his 1997 debut album, 'Desireless'. Cherry comes from a musical family that includes sister Neneh Cherry, father Don Cherry, and half-sister on his Swedish side Titiyo. Soon after he was born, he moved to New York with his father, where he began acting and playing music.

After Don Cherry's death in 1995, Eagle-Eye moved to Stockholm with his girlfriend, and he began to focus on songwriting. <a href=""https://www.last.fm/music/Eagle-Eye+Cherry"">Read more on Last.fm</a>",
124,La Renga,94391,3129200,"Argentinean hard rock band formed in 1988. They're one of the most important argentinan band ever,  characterized by their independenet style, without appearing in the mainstream media and not appearing in festivales unless it's for a benefic cause. They are followed by a very loyal audience that travels throughout Argentina and even other countries like Chile and Uruguay. 
Originated in Mataderos, a humble quartier of Buenos Aires, they started playing small gigs in the neighbourhood. <a href=""https://www.last.fm/music/La+Renga"">Read more on Last.fm</a>",
125,Radiohead,7927652,1273007059,"Radiohead is an English rock band formed in Abingdon, Oxfordshire, in 1985. The band consists of Thom Yorke (vocals, guitar, piano, keyboards); brothers Jonny Greenwood (guitar, keyboards, other instruments) and Colin Greenwood (bass); Ed O'Brien (guitar, backing vocals); and Philip Selway (drums, percussion). Since 1994, they have frequently collaborated with producer Nigel Godrich and cover artist Stanley Donwood. Radiohead are noted for their experimental approach, which has influenced the development of alternative rock. <a href=""https://www.last.fm/music/Radiohead"">Read more on Last.fm</a>",
126,Phil Collins,3096738,62024933,"Philip David Charles Collins (born 30 January 1951) is an English singer, musician, songwriter, record producer and actor. He was the drummer and lead singer of the rock band Genesis and also has a career as a solo performer. Between 1982 and 1990, Collins scored three UK and seven US number-one singles as a solo artist. When his work with Genesis, his work with other artists, as well as his solo career is totalled, he had more US top 40 singles than any other artist during the 1980s. <a href=""https://www.last.fm/music/Phil+Collins"">Read more on Last.fm</a>",
127,Pedro Suárez-Vértiz,33660,929022,"Pedro Suárez-Vértiz Alva (13 February 1969 – 28 December 2023) was a Peruvian singer-songwriter and guitarist. He founded the rock band Arena Hash in 1987 alongside his brother Patricio Suárez-Vértiz, Arturo Pomar, and Christian Meier. Following the band's disbandment a few years later, he launched a successful solo career.

In 2004, Suárez-Vértiz was recognized with the Orgullosamente Latino (Proudly Latin) award and was named Best Latin Soloist of the Year in Mexico. <a href=""https://www.last.fm/music/+noredirect/Pedro+Su%C3%A1rez-V%C3%A9rtiz"">Read more on Last.fm</a>",Peru
128,Mick Jagger,414206,3508361,"Sir Michael Philip ""Mick"" Jagger (26 July 1943) is an English singer, songwriter and actor, best known as the lead singer and a co-founder of the Rolling Stones.

Jagger's career has spanned over 50 years, and he has been described as ""one of the most popular and influential frontmen in the history of Rock & Roll"". Jagger's distinctive voice and performance, along with Keith Richards' guitar style, have been the trademark of the Rolling Stones throughout the career of the band. <a href=""https://www.last.fm/music/Mick+Jagger"">Read more on Last.fm</a>",
129,Creed,2319938,52885239,"There are multiple artists with this name:
1. An American rock band.
2. An American blues rock band from the 1970s.
3. A German metal band.

Creed is an American rock band from Tallahassee, Florida formed in 1994. Creed was prominent in the post-grunge movement of the late 1990s and early 2000s, releasing three consecutive multi-platinum albums; their second, Human Clay (1999), received diamond (11x platinum) certification by the Recording Industry Association of America (RIAA). <a href=""https://www.last.fm/music/Creed"">Read more on Last.fm</a>",Germany
130,Queen,6984252,406384268,"Queen is a British rock band formed in London in 1970 by Freddie Mercury (lead vocals, piano), Brian May (guitar, vocals), and Roger Taylor (drums, vocals), later joined by John Deacon (bass). Their earliest works were influenced by progressive rock, hard rock, and heavy metal, but the band gradually ventured into more conventional and radio-friendly styles by incorporating elements of arena rock and pop rock.

Before forming Queen, May and Taylor had played together in the band Smile. <a href=""https://www.last.fm/music/Queen"">Read more on Last.fm</a>",United Kingdom
131,Deftones,3987854,506981232,"Deftones is an American metal band from Sacramento, California, formed in 1988, consisting of Chino Moreno (lead vocals and guitar), Stephen Carpenter (guitar), Frank Delgado (keyboards and turntables), and Abe Cunningham (drums and percussion). Vega (formerly of Quicksand) took on bass duties from mid-2009 to ca. 2021 in substitution for Chi Cheng, who was seriously injured in an automobile accident in Santa Clara, California on November 4, 2008. <a href=""https://www.last.fm/music/Deftones"">Read more on Last.fm</a>",United States
132,Los Caballeros De La Quema,31585,410372,"Los Caballeros de la Quema, es una banda de rock alternativo, oriunda de la ciudad de Morón, Provincia de Buenos Aires, Argentina, que se formó a mediados de 1990 y en 1991 publicó su primer trabajo titulado: “Primavera negra”.

Salieron al ruedo comercial con un buen álbum en 1993 (""Manos vacías""), que tras un pequeño tiempo de éxito, desapareció de las radios comerciales. Joaquín Sabina quedó impresionado con este disco y los contactó para abrir su show en el estadio de Ferro. <a href=""https://www.last.fm/music/Los+Caballeros+De+La+Quema"">Read more on Last.fm</a>",
133,3 Doors Down,3461286,87056498,"3 Doors Down is an American rock band from Escatawpa, Mississippi, formed in 1996. Their music has been described as post-grunge, alternative rock, and hard rock.

The band achieved mainstream popularity with their 2000 debut single ""Kryptonite"", which reached number three on the Billboard Hot 100. It was followed by their debut album ""The Better Life"" (2000), which became the 11th-best-selling album of that year, was certified septuple platinum by the Recording Industry Association of America (RIAA) <a href=""https://www.last.fm/music/3+Doors+Down"">Read more on Last.fm</a>",United States
134,Journey,3131692,60060779,"There is more than one artist with this name, including: 
1) Journey is an American rock band formed in San Francisco, California in 1973; 
2)  Journey is UK-based psychedelic trance producer Giampiero ""Jay"" Mastino; 
3) Journey is an underground hip hop artist.

1) Journey is an American rock band formed in San Francisco, California in 1973. The band has gone through several phases since its inception by former members of Santana. The band's greatest <a href=""https://www.last.fm/music/Journey"">Read more on Last.fm</a>",United States
135,10cc,1490160,17323471,"10cc is an English art rock and pop band. Initially comprised of four musicians - Graham Gouldman, Eric Stewart, Kevin Godley and Lol Creme - who had written and recorded together for some three years, before assuming the ""10cc"" name in 1972 - two strong song-writing teams, injected sharp wit to lyrically-dextrous songs. 
Stewart and Gouldman were straight pop-song-writers, who created the band’s most accessible songs; Godley and Creme were the experimental half of 10cc, featuring an Art School sensibility and cinematic writing. <a href=""https://www.last.fm/music/10cc"">Read more on Last.fm</a>",
136,Dover,171649,4330071,"Dover may refer to:
1) a Spanish alternative-pop-rock band which was founded in [year formed]1992[/year formed]. The Band currently consists of the sisters Christina Llanos (guitar/vocals) and Amparo Llanos (guitar), Jesús Antúnez (drums), and Samuel Titos (bass) who recently replaced former bassist Álvaro Díez. Their music ranges from heavy to sweet, shouting to dreaming, but always with a groovy drive.

Dover originated in the outskirts of Madrid <a href=""https://www.last.fm/music/Dover"">Read more on Last.fm</a>",Spain
137,Jaguares,194427,2819925,"Jaguares is a Grammy and Latin Grammy winning Mexican alternative rock band formed by former Caifanes lead singer Saúl Hernández, after that band's break-up in 1995, because of personal differences with the Guitarist Alejandro Marcovich. He started the band along with former Caifanes co-member Alfonso André (drums); and two long time friends Federico Fong (bass guitar) and José Manuel Aguilera (lead guitar).

Soon after the release of their first album <a href=""https://www.last.fm/music/Jaguares"">Read more on Last.fm</a>",Mexico
138,Talk Talk,1135661,22822691,"Talk Talk were an English band formed in 1981, led by Mark Hollis (vocals, guitar, piano), Lee Harris (drums), and Paul Webb (bass). Initially a synth pop group, Talk Talk's first two albums, The Party's Over (1982) and It's My Life (1984), reached top 40 in the UK and produced the international hit singles ""Talk Talk"", ""Today"", ""It's My Life"", and ""Such a Shame"". They achieved widespread critical success in Europe and the UK with the album The Colour of Spring (1986) and its singles ""Life's What You Make It"" and ""Living in Another World"". <a href=""https://www.last.fm/music/Talk+Talk"">Read more on Last.fm</a>",
139,JAY-Z,5409084,223474345,"Shawn Corey Carter (born December 4, 1969 in Brooklyn, New York, United States), is an American rapper and former president and CEO of Roc-A-Fella Records. He is more commonly known by a variety of stage names including Shawn Corey Carter, Jay-Hova, Jiggaman, Young Hov, Shawn C. Carter, Hov, Shawn Carter, The Carter Administration. He is regarded as one of the most prolific and successful American blend artists of the mid-90s and early 2000s and is known for his use of metaphors <a href=""https://www.last.fm/music/JAY-Z"">Read more on Last.fm</a>",United States
140,Robert Palmer,917503,8355945,"Robert Allen Palmer (January 19, 1949 – September 26, 2003), born in Batley, Yorkshire, England, was a British singer. He was known for his soulful voice and the eclectic mix of musical styles on his albums, combining soul, jazz, rock, reggae, blues, and even yodeling. 

His eighties hits were promoted by particularly striking award winning videos, featuring an all-female, black-clad backing band. The memorable videos, directed by Terence Donovan, featured heavily on MTV and played a large part in his transatlantic success. <a href=""https://www.last.fm/music/Robert+Palmer"">Read more on Last.fm</a>",United Kingdom
141,AC/DC,4387891,205043065,"AC/DC is an Australian rock band formed in Sydney in 1973. Their music has been described as hard rock, blues rock, and heavy metal, though the band refers to it simply as ""rock and roll."" They are regarded as a significant influence on the new wave of British heavy metal and were inducted into the Rock and Roll Hall of Fame in 2003. With more than 200 million records sold worldwide, they are among the best-selling music artists in history.

AC/DC were founded by brothers Angus Young (lead guitar) and Malcolm Young (rhythm guitar) <a href=""https://www.last.fm/music/AC%2FDC"">Read more on Last.fm</a>",Australia
142,Staind,2118800,49233400,"Staind is a nu metal band formed on November 24, 1995 in Springfield, Massachusetts, United States. After meeting through friends and covering pop hits of the day in smalltime clubs for a year and a half, Staind self-released their debut album, Tormented, in November 1996, citing influences in brutal latin thrash metal. Until recently, the album was difficult to obtain, as only four thousand copies were originally sold. Since then, the band's official website has released the album to meet the demand from fans. <a href=""https://www.last.fm/music/Staind"">Read more on Last.fm</a>",
143,Metallica,4983811,512861776,"Metallica is an American heavy metal band. The band was formed in 1981 in Los Angeles by vocalist/guitarist James Hetfield and drummer Lars Ulrich, and has been based in San Francisco for most of its career. The band's fast tempos, instrumentals and aggressive musicianship made them one of the founding ""big four"" bands of thrash metal, alongside Megadeth, Anthrax and Slayer. Metallica's current lineup comprises founding members and primary songwriters Hetfield and Ulrich, longtime lead guitarist Kirk Hammett and bassist Robert Trujillo. <a href=""https://www.last.fm/music/Metallica"">Read more on Last.fm</a>",United States
144,The Darkness,1295014,20451045,"There are at least six artists with this name:
1. A popular hard rock band from the United Kingdom
2. A death metal band from Germany
3. An alternative rock band from Poland
4. A Eurodance group
5. A thrash metal band from the Czech Republic

1. The Darkness is a hard rock band which formed in Lowestoft, England in 2000. The band consists of Justin Hawkins (vocals, guitar, keyboards), Dan Hawkins (guitar, vocals), Frankie Poullain (bass) and Ed Graham (drums). <a href=""https://www.last.fm/music/The+Darkness"">Read more on Last.fm</a>",
145,Memphis La Blusera,28234,384131,"""Memphis La Blusera"" es una banda argentina de blues y rock nacida en el barrio porteño de La Paternal el 5 de mayo de 1978. Comenzaron a tocar como banda con temáticas muy sociales y trabajadoras, saliéndose de esa línea con el disco ""Tonto Rompecabezas"", donde se van al grano de lo que es las letras sobre el amor. Para su grabación en vivo de 25º aniversario en Luna Park, se revivió parte de la fama de la banda, que además visitó otros países como Chile. <a href=""https://www.last.fm/music/Memphis+La+Blusera"">Read more on Last.fm</a>",
146,Viejas Locas,95764,3002689,"Viejas Locas es una banda de Buenos Aires, Argentina, formada en 1990. La banda está actualmente constituida por por Pity Álvarez en voz y guitarra, Fabián ""Fachi"" Crea en el bajo, y Abel Meyer y Sergio ""Peluca"" Hernández en la batería y guitarra respectivamente. Siendo calificados por el Sí de Clarín como «una de las bandas más populares del nuevo rock stone argentino», Viejas Locas logró su debut discográfico en 1996 con el hit ""Intoxicado"". <a href=""https://www.last.fm/music/Viejas+Locas"">Read more on Last.fm</a>",
147,Cake,2302905,69128262,"At least 3 bands have the name Cake:

1.) 90s alternative rock band
2.) Underground 70s pop/funk band
3.) 60s Girl pop band

1.) Best-known for their ubiquitous hit ""The Distance,"" Cake epitomized the postmodern, irony-drenched aesthetic of '90s geek rock. Their sound freely mixed and matched pastiches of widely varying genres -- white-boy funk, hip-hop, country, new wave pop, jazz, college rock, and guitar rock -- with a particular delight in the clashes that resulted. <a href=""https://www.last.fm/music/Cake"">Read more on Last.fm</a>",
148,The Arrows and Friends,14703,59871,biografia no encontrada,
149,Los Tipitos,89757,1088613,"Los Tipitos is an Argentinian rock band, founded in 1994 in Mar del Plata (province of Buenos Aires). Although they call themself a group from Mar del Plata, they are not really originated in this place. Raúl comes from the province of Chaco, Walter and Fede come from the capital Buenos Aires.

In 1996 they decided to go to Buenos Aires. In the previous winter León Gieco (one of the most eminent musicians from Argentina) had discovered them and invited them to produce a record under his management. <a href=""https://www.last.fm/music/Los+Tipitos"">Read more on Last.fm</a>",Argentina
150,Neil Young,2614825,106900271,"Neil Percival Young (born November 12, 1945) is a Canadian singer, guitarist, songwriter, and social activist who is widely regarded as one of the most influential musicians of his generation, particularly as Neil Young & Crazy Horse. Young was born in Toronto, but he moved to the family home of Winnipeg as a child, which is where his music career began. Young began performing as a solo artist in Canada in 1960, before moving to California in 1966, where he co-founded the band Buffalo Springfield along with Stephen Stills and Richie Furay. <a href=""https://www.last.fm/music/Neil+Young"">Read more on Last.fm</a>",Canada
151,Seether,2328571,73661329,"Seether is a rock band founded in May 1999 in Pretoria, Gauteng, South Africa. The band originally performed under the name Saron Gas until 2002, when they moved to the United States and changed it to Seether to avoid confusion with the deadly chemical known as sarin gas.

Seether gained mainstream popularity in 2002 with their US Active Rock number one single ""Fine Again"", and their success was sustained in 2004 with the single ""Broken"", which peaked at number 20 on the Billboard Hot 100. <a href=""https://www.last.fm/music/Seether"">Read more on Last.fm</a>",
152,Marilyn Manson,3106265,192617255,"Marilyn Manson is an American rock band formed in Fort Lauderdale, Florida, in 1989 by vocalist Marilyn Manson and guitarist Daisy Berkowitz. Initially performing under the name Marilyn Manson & the Spooky Kids, the group gained a local following in South Florida during the early 1990s through their theatrical and provocative live performances. In 1993, they became the first act signed to Trent Reznor’s Nothing Records label. Until 1996, each band <a href=""https://www.last.fm/music/Marilyn+Manson"">Read more on Last.fm</a>",United States
153,Lenny Kravitz,2854066,51651382,"Leonard Albert ""Lenny"" Kravitz (born May 26, 1964. New York, USA) is an American singer-songwriter, record producer, guitarist and actor whose retro amalgam of rock, pop, funk, and even techno is inspired by such music icons as David Bowie, Jimi Hendrix and John Lennon. Like Prince and Sly Stone before him, Kravitz uses a multi-ethnic, mixed-gender backing band.

Kravitz plays guitar, bass, drums, keyboards, percussion, and sitar. He often plays these instruments on each recorded track <a href=""https://www.last.fm/music/Lenny+Kravitz"">Read more on Last.fm</a>",United States
154,The Greenhornes,362369,3125808,"The Greenhornes are a rock band from Cincinnati, Ohio, United States, formed in 1996, and featuring Craig Fox on lead vocals and guitar, Jack Lawrence on bass, and Patrick Keeler on drums. The band has released several full-length albums and singles. Their most recent release is 2010's ""****"" (""Four Stars""), the first recorded by the band since their pursuit of other musical projects, such as The Raconteurs and The Dead Weather. The band's collaboration with Holly Golightly <a href=""https://www.last.fm/music/The+Greenhornes"">Read more on Last.fm</a>",
155,Evanescence,4263451,205233637,"Evanescence is a rock band founded in Little Rock, Arkansas, United States in 1995 by singer/pianist Amy Lee and guitarist Ben Moody (who left in 2003). 

After recording private albums, the band signed to Wind-up Records and released their first full-length album, Fallen, in 2003, which sold more than 15 million copies worldwide and helped the band win two Grammy Awards. A year later, they released their first live album, Anywhere But Home, which sold more than one million copies worldwide. <a href=""https://www.last.fm/music/Evanescence"">Read more on Last.fm</a>",
156,Nickelback,4223850,145539303,"Nickelback is a Canadian rock band which formed in Hanna, Alberta, Canada in 1995. Nickelback is one of the most commercially successful Canadian groups, having sold 50 million records worldwide. Nickelback ranks as the 7th best selling music act of the 2000s and the 2nd best selling foreign act in the US behind The Beatles for the 2000s.

The band consists of Chad Kroeger (vocals, guitar), Ryan Peake (guitar, vocals), Mike Kroeger (bass) and Daniel Adair (drums). <a href=""https://www.last.fm/music/Nickelback"">Read more on Last.fm</a>",Canada
157,Los Abuelos de la Nada,311406,4478810,"Los Abuelos de la Nada is a band from Buenos Aires, Argentina formed orginally in 1967 by Miguel Abuelo but disbanded in 1969. After a long journey through Europe, Miguel Abuelo returns to Argentina and reforms the band in 1981. The new band had Abuelo as lead singer, Cachorro López on bass, Andrés Calamaro on vocals and keyboards, Gustavo Bazterrica on guitar, Daniel Melingo on sax, and Polo Corbella on the drums.
Charly García took the band under his wing after dissolving Serú Girán <a href=""https://www.last.fm/music/Los+Abuelos+de+la+Nada"">Read more on Last.fm</a>",
158,Incubus,3610429,165965027,"There are multiple artists using this name:
Incubus is an alternative rock band formed in 1991, based in Calabasas, California. Members include Brandon Boyd (vocals and percussion), Mike Einziger (guitar), Ben Kenney (bass), Jose Pasillas II (drums) and DJ Chris Kilmore (turntables). Former members of the band include Gavin Koppel (a.k.a. DJ Lyfe) (turntables) and Alex Katunich (a.k.a. Dirk Lance) (bass). The band's name may seem a peculiar choice to fans <a href=""https://www.last.fm/music/Incubus"">Read more on Last.fm</a>",
159,Crazy Town,1193242,11277363,"Crazy Town, also known as CXT, was an American rap rock band formed in Los Angeles in 1995 by Bret ""Epic"" Mazur and Seth Brooks Binzer, known as Shifty Shellshock. The band gained mainstream success with the 2000 single ""Butterfly"", which reached number one on the US Billboard Hot 100 and significantly boosted sales of their debut album ""The Gift of Game"", released in 1999. The album sold over 1.6 million copies.

Their second studio album, ""Darkhorse"" <a href=""https://www.last.fm/music/Crazy+Town"">Read more on Last.fm</a>",United States
160,Roger Hodgson,100568,972395,"Roger Hodgson (born Charles Roger Pomfret Hodgson on 21 March 1950 in Portsmouth, Hampshire) is an English musician, singer and songwriter, best known as the former co-frontman and co-founder member of progressive rock band Supertramp. His most recent solo album, Open the Door, was released in 2000. His most recent tour was in 2017.

Hodgson is widely regarded as a gifted composer and lyricist.  He is the singer/songwriter of such globally successful <a href=""https://www.last.fm/music/Roger+Hodgson"">Read more on Last.fm</a>",
161,Starsailor,956750,14107525,"Starsailor is an English post-Britpop band, formed in 2000. Since their formation, the band have included guitarist and vocalist James Walsh, drummer Ben Byrne, bassist James Stelfox, and keyboardist Barry Westhead. They are best known for their 2003 single ""Silence Is Easy"", which reached number 9 in the UK, and ""Four to the Floor"", which reached number one in France as well as the top five in Australia.

The band have released five studio albums and scored ten Top 40 hit singles in the UK. <a href=""https://www.last.fm/music/Starsailor"">Read more on Last.fm</a>",
162,Joe Bonamassa,475168,13844136,"Joe Bonamassa (born May 8, 1977) is an American blues rock  guitarist, singer and songwriter.

Bonamassa was born in Utica, New York. He started playing guitar at age four, encouraged by his father, who was an avid music fan and exposed him to British blues rock records by Eric Clapton and Jeff Beck, greatly inspiring him. At 11 years old Joe was mentored and trained by American guitar legend, Danny Gatton. When he was 12 years old, he had his own band called Smokin' Joe Bonamassa <a href=""https://www.last.fm/music/Joe+Bonamassa"">Read more on Last.fm</a>",United States
163,Matchbox Twenty,1912670,39773650,"Matchbox Twenty, originally Matchbox 20 and typeset as matchbox twenty on most official merchandise, is a rock band formed in Orlando, Florida, who have sold in excess of 39 million albums worldwide. The band have been well received in many countries.

The current members of the band are Rob Thomas (vocals, piano), Paul Doucette (drums, now guitar), Kyle Cook (lead guitar, vocals) and Brian Yale (bass). Adam Gaynor (rhythm guitar), who has left the band, performed on their first three albums, as well. <a href=""https://www.last.fm/music/Matchbox+Twenty"">Read more on Last.fm</a>",
164,Maná,805033,18364015,"There is more than one artist with this name:

1) Maná (note the accent) is a Mexican  rock  group that had its origins near the end of the 1970s in Guadalajara, Jalisco, México. Their sound has strong influences from hard rock and more mellow pop sounds with additional influences from calypso and reggae. They started with the name ""Sombrero Verde"", but in the late 80's it was changed to the current name. They have a long trajectory as musicians and the band underwent two lineup changes in the 90's. <a href=""https://www.last.fm/music/+noredirect/Man%C3%A1"">Read more on Last.fm</a>",Mexico
165,Duncan Dhu,250455,2719070,"Duncan Dhu was a Spanish pop-rock group of the 1980s.  The group was founded in San Sebastian, Spain in 1984 by singer Mikel Erentxun (Aristogatos), and Diego Vasallo, and Juan Ramón Viles (Los Dalton). The name Duncan Dhu comes from the book ""Kidnapped: The adventures of David Balfour"" by Robert Louis Stevenson where there is a character named Duncan Dhu, who is a lover of music. 

Their style was based on an acoustic and simple pop-rock with a touch of rockabilly in great contrast with the more radical rock played in the area at the time. <a href=""https://www.last.fm/music/Duncan+Dhu"">Read more on Last.fm</a>",Spain
166,Kula Shaker,496469,8738314,"Kula Shaker is a britpop/psychedelic rock band that formed in London, England in 1995, disbanded in 1999 and then reformed in 2004, widely known for their international top 40 hits ""Hey Dude"" (in 1996) and ""Hush"" (in 1997). The band's original line-up was Crispian Mills (vocals, guitar), Alonza Bevan (bass, vocals), Jay Darlington (organ, vocals) and Paul Winterhart (drums), When they reformed in 2004, Darlington was replaced by Harry Broadbent.  <a href=""https://www.last.fm/music/Kula+Shaker"">Read more on Last.fm</a>",
167,Cock Robin,184666,1443576,"Cock Robin is an american band formed in the early 80s in California. It originally consisted of Peter Kingsbery (vocals, keyboards, bass), Anna LaCazio (vocals, keyboards), Clive Wright (guitars) and Louis Molino III (drums). By 1987, Cock Robin's line-up only included Kingsbery and LaCazio.

Their first album was released in 1985. It was very successful in Europe, particularly in France. The album included the two hits ""When Your Heart Is Weak"" and ""The Promise You Made"".  <a href=""https://www.last.fm/music/Cock+Robin"">Read more on Last.fm</a>",United States
168,Pappo,59266,700451,"Pappo (Buenos Aires, March 10th, 1950 - Luján, Buenos Aires province, February 24th, 2005), born Norberto Napolitano, is definitely one of the most relevant icons on the heavy rock and blues mainstream of over the last 30 years in Argentina's musical showbiz, if not the one and only representative guitarist/songwriter of the genre all across South America.

A native of the middle-class La Paternal neighborhood in Buenos Aires, Pappo started playing the guitar at the age of ten <a href=""https://www.last.fm/music/Pappo"">Read more on Last.fm</a>",
169,Red Hot Chili Peppers,7019881,535497353,"The Red Hot Chili Peppers are an American rock band formed in Los Angeles in 1982, consisting of Anthony Kiedis (vocals), Flea (bass), John Frusciante (guitar), and Chad Smith (drums). Their music blends elements of alternative rock, funk, punk rock, hard rock, hip hop, and psychedelic rock, and they have influenced genres such as funk metal, rap metal, rap rock, and nu metal. With over 120 million records sold worldwide, the Red Hot Chili Peppers are among the best-selling bands in history. <a href=""https://www.last.fm/music/Red+Hot+Chili+Peppers"">Read more on Last.fm</a>",United States
170,Design19,64165,324771,"Desing19 is Finnish band that plays alternative/rock/metal/nu metal. There´s not much to tell about the band, just that they have this one album, Trigger. Design19 has much in common with Deftones. Just listen Deftones´ first album ""Adrenaline"" and second ""Around the fur"" and you´ll have great picture what Design19 is. the end <a href=""https://www.last.fm/music/+noredirect/Design19"">Read more on Last.fm</a>",
171,Illya Kuryaki & The Valderramas,95100,1679344,"Illya Kuryaki and the Valderramas was an Argentinian rap/rock duet formed by Dante Spinetta and Emmanuel Horvilleur.

The group was formed in 1991. In 2001 Dante and Emmanuel split up to pursue their solo careers. <a href=""https://www.last.fm/music/+noredirect/Illya+Kuryaki+&+The+Valderramas"">Read more on Last.fm</a>",Argentina
172,Alaska y Dinarama,158915,1787921,"A rock/pop band from Madrid, Spain led by Alaska, Nacho Canut and Carlos Berlanga, former members of two previous and succesful spanish bands: Kaka De Luxe and Alaska y los Pegamoides. They recorded their first album, ""Canciones profanas"" in 1983, under the name, Dinarama + Alaska. The subsequent year, under pressure from their record label, they changed their name to Alaska y Dinarama, becoming one of Spain's huge record selling acts during the mid eighties. <a href=""https://www.last.fm/music/Alaska+y+Dinarama"">Read more on Last.fm</a>",Spain
173,Mancha De Rolando,37002,443587,biografia no encontrada,
174,Arcade Fire,3047583,221703098,"Arcade Fire is a Canadian indie rock band formed in Montreal, Quebec, Canada in 2001. The band consists of Win Butler (vocals, guitar, piano), Régine Chassagne (vocals, accordion, keyboards, hurdy gurdy, drums), Richard Reed Parry (bass, guitar), Tim Kingsbury (bass), and Jeremy Gara (drums). Montreal percussionist Dane Mills performed on the EP and in early live shows.  Will Butler (keyboards, guitar) left the band in 2022 to focus on his solo career. The touring band includes horn players and violinists. <a href=""https://www.last.fm/music/Arcade+Fire"">Read more on Last.fm</a>",Canada
175,MARIA DE LOS ANGELES,1272,15027,biografia no encontrada,
176,Libido,41710,1129135,"There are multiple artists using this name:

1. Peruvian Band Formed in 1996
2. Norwegian Band. Formed in 1995
3. South African Band
4. Polish band
5. Japanese goth/new wave band from the 1980's
6. Swedish synth artist and procuder

1. A peruvian rock band formed in 1996. Band members are Salim Vera (vocals, guitars), Antonio Jauregui (bass), Manolo Hidalgo (lead guitar) Jeffry Fischman (drums). They released their self-titled album Líbido in 1998. It included hit singles like ""Como un perro"" and ""Sed"". Líbido <a href=""https://www.last.fm/music/Libido"">Read more on Last.fm</a>",Japan
177,Orquesta Mondragon,14721,99039,"La Orquesta Mondragón, es un grupo musical español creado en el año 1976 alrededor de la personalidad del presentador y cantante Javier Gurruchaga. Está considerada una de las formaciones musicales pioneras en la fusión de la música y el teatro en España. La banda se sustentaba en sus inicios sobre dos grandes pilares escénicos: el cantante, Javier, divertido y excéntrico y Popotxo Ayestaran, cómico que valiéndose únicamente de la mímica convertía cada canción en un pequeño gag humoristíco. <a href=""https://www.last.fm/music/+noredirect/Orquesta+Mondragon"">Read more on Last.fm</a>",
178,The Beatles,6293427,1046098607,"The Beatles was an English rock band formed in Liverpool, Lancashire in 1960. With the line-up comprising John Lennon, Paul McCartney,  George Harrison, and Ringo Starr, they are regarded as the most popular and influential band of all time. The group were integral to the development of 1960s counterculture and popular music's recognition as an art form. Rooted in skiffle, beat and 1950s rock and roll, their sound incorporated elements of classical <a href=""https://www.last.fm/music/The+Beatles"">Read more on Last.fm</a>",
179,Muse,6176420,552008807,"Muse is an English rock band from Teignmouth, Devon, formed in 1994. The band consists of Matt Bellamy (lead vocals, guitar, keyboards), Chris Wolstenholme (bass guitar, backing vocals), and Dominic Howard (drums, percussion).

Muse released their debut album, ""Showbiz,"" in 1999, which featured Bellamy's falsetto and a melancholic alternative rock style. Their second album, ""Origin of Symmetry"" (2001), incorporated wider instrumentation and classical influences and contributed to their reputation for energetic live performances. <a href=""https://www.last.fm/music/Muse"">Read more on Last.fm</a>",
180,Desert Sessions,399119,7989732,"The Desert Sessions are a musical improv series ""that cannot be defined."" Founded by Josh Homme in 1997. Artists such as PJ Harvey, Jeordie White, Dave Catching, Nick Oliveri, Mark Lanegan, Chris Goss, Alain Johannes, Dean Ween, Gene Trautmann, and many others have contributed as songwriters and musicians.

The Sessions began in August 1997 at a place called Rancho de la Luna in Joshua Tree, California, when Homme brought together musicians from the bands Monster Magnet, Goatsnake, earthlings?, Kyuss and Soundgarden. <a href=""https://www.last.fm/music/Desert+Sessions"">Read more on Last.fm</a>",
181,No Te Va Gustar,196084,6047745,"No Te Va Gustar, also known by its initials NTVG, is a rock band from Uruguay. The members are: Emiliano Brancciari (vocals and guitar), Guzmán Silveira (bass and backup vocals), Diego Bartaburu (drums), Gonzalo Castex (percussion), Martín Gíl (trumpet and backup vocals), Denis Ramos (trombone), Mauricio Ortiz (tenor saxophone), Marcel Curuchet (keyboards) and Pablo Coniberti (guitar).

No Te Va Gustar was formed in 1994, when most of its members were around the age of 16. <a href=""https://www.last.fm/music/No+Te+Va+Gustar"">Read more on Last.fm</a>",
182,Pink Floyd,5344169,583362534,"Pink Floyd was an English rock band formed in London in 1965. Gaining an early following as one of the first British psychedelic groups, they were distinguished by their extended compositions, sonic experimentation, philosophical lyrics and elaborate live shows. They became a leading band of the progressive rock genre, cited by some as the greatest progressive rock band of all time.

Pink Floyd were founded in 1965 by Syd Barrett (guitar, lead vocals) <a href=""https://www.last.fm/music/Pink+Floyd"">Read more on Last.fm</a>",United Kingdom
183,Audioslave,3181163,90585958,"Audioslave was an American hard rock supergroup that formed in Los Angeles, CA in 2001. It consisted of Soundgarden frontman and rhythm guitarist Chris Cornell and the former instrumentalists of Rage Against the Machine: Tom Morello (lead guitar), Tim Commerford (bass and backing vocals) and Brad Wilk (drums). 

Audioslave released three successful albums, received three Grammy nominations, sold more than eight million records worldwide, and became the first American rock band to perform an open-air concert in Cuba. <a href=""https://www.last.fm/music/Audioslave"">Read more on Last.fm</a>",United States
184,Peter Frampton,676739,6128675,"Peter Frampton (born 22 April 1950 in Beckenham, Kent) is a British musician, best known today for his multi-platinum selling solo work in the mid-70s when he was  an ""arena rocker"". He originally became famous, however, as a young member of psychedelic era band The Herd and became a teen idol in Britain. Steve Marriott reportedly wanted to bring the 18-year-old Frampton into the Small Faces lineup but ended up starting Humble Pie with Frampton instead. <a href=""https://www.last.fm/music/Peter+Frampton"">Read more on Last.fm</a>",United Kingdom
185,Elvis Presley,4308795,144666438,"Elvis Aaron Presley (January 8, 1935 – August 16, 1977) was an American singer and actor. Regarded as one of the most significant cultural icons of the 20th century, he is often referred to as the ""King of Rock and Roll"" or simply ""the King"".

Presley was born in Tupelo, Mississippi, and relocated to Memphis, Tennessee, with his family when he was 13 years old. His music career began there in 1954, recording at Sun Records with producer Sam Phillips, who wanted to bring the sound of African American music to a wider audience. <a href=""https://www.last.fm/music/Elvis+Presley"">Read more on Last.fm</a>",United States
186,Los Animalitos,1140,3922,biografia no encontrada,
187,Alter Bridge,1135968,44757617,"Alter Bridge is an American rock band from Orlando, Florida. The band was formed in 2004 by vocalist and rhythm guitarist Myles Kennedy, lead guitarist Mark Tremonti, bassist Brian Marshall and drummer Scott Phillips. After their former band Creed became inactive in 2003, Tremonti and Phillips formed a new band with former bandmate Marshall and new member Kennedy; Alter Bridge was formally unveiled in January 2004, months before Creed's official breakup in June. <a href=""https://www.last.fm/music/Alter+Bridge"">Read more on Last.fm</a>",United States
188,Catupecu Machu,100229,1993443,"Catupecu Machu is an Argentine rock band. Its current band members are Fernando Ruíz Díaz in voices and guitar; Gabriel Ruíz Díaz in bass guitar, special effects, samplers, voices and production; Javier ""Il Grosso"" Herrlein in drums and accordion; and Macabre (Martín Gonzalez) in keyboards and samplers.

On March 31, 2006 Gabriel Ruíz Díaz crashed his car against a tree. He suffered severe head trauma and loss of brain matter. He is now stable, but his future as a member of the band is still unknown. <a href=""https://www.last.fm/music/Catupecu+Machu"">Read more on Last.fm</a>",
189,The Cult,893213,17032850,"The Cult is an English rock band formed in 1983 in Bradford, West Yorkshire. Before settling on their current name in January 1984, the band performed under the name Death Cult, which was an evolution of the name of lead singer Ian Astbury's previous band Southern Death Cult. They gained a dedicated following in the United Kingdom in the mid-1980s as a post-punk/gothic rock band, with singles such as ""She Sells Sanctuary"", before breaking into the <a href=""https://www.last.fm/music/The+Cult"">Read more on Last.fm</a>",
190,Shinedown,1725618,62639398,"Shinedown is a Hard Rock band from Jacksonville, Florida. Shinedown was formed in early 2002 by Brent Smith, Jasin Todd, Brad Stewart, and Barry Kerch. They have released seven albums on Atlantic Records: ""Leave a Whisper"" (2003),""Us and Them"" (2005), ""The Sound of Madness"" (2008), ""Amaryllis"" (2012), ""Threat to Survival"" (2015) , ""Attention Attention"" (2018) and 
""Planet Zero"" (2022). As of 2018, the band has had 23 Top 5 hits on Mainstream Rock radio, including 12 number one singles, and a Top 10 hit on the Hot 100 with ""Second Chance"". <a href=""https://www.last.fm/music/Shinedown"">Read more on Last.fm</a>",
191,Jet,2608205,38473237,"Jet found international popularity during the early 2000s, a period in which the band's mix of Exile on Main St. swagger and brash, AC/DC-styled stomp dovetailed nicely with America's garage rock revival. Hailing from Melbourne and comprising guitarist Cameron Muncey, drummer Chris Cester, bassist Mark Wilson, and frontman Nic Cester, the foursome formed just as the new millennium was beginning. They quickly self-released 2002's Dirty Sweet, a vinyl-only EP that proved to be quite popular in Australia. <a href=""https://www.last.fm/music/Jet"">Read more on Last.fm</a>",
192,Fleetwood Mac,4617403,265922639,"Fleetwood Mac is a British-American rock band, formed in London in 1967. Fleetwood Mac was founded by guitarist Peter Green, drummer Mick Fleetwood and guitarist Jeremy Spencer, before bassist John McVie joined the lineup for their self-titled debut album. Danny Kirwan joined as a third guitarist in 1968. Keyboardist Christine Perfect (later known as Christine McVie), who contributed as a session musician from the second album, married McVie and joined in 1970. <a href=""https://www.last.fm/music/Fleetwood+Mac"">Read more on Last.fm</a>",
193,ASIAN KUNG-FU GENERATION,665682,42405099,"ASIAN KUNG-FU GENERATION (アジアン・カンフー・ジェネレーション Ajian Kanfuu Jenereeshon) is a Japanese alternative/indie rock band formed in Yokohama in 1996.

Members:
Vocals & Guitar: 後藤正文 (Masafumi Gotoh)
Guitar & Vocals: 喜多建介 (Kensuke Kita)
Bass & Vocals: 山田貴洋 (Takahiro Yamada)
Drums: 伊地知潔 (Kiyoshi Ijichi)


History:

Starting out as a college band, Asian Kung-Fu Generation released a series of independent EPs featuring lyrics mostly sung in English. <a href=""https://www.last.fm/music/ASIAN+KUNG-FU+GENERATION"">Read more on Last.fm</a>",Japan
194,Bon Jovi,4084991,119745044,"Bon Jovi is an American rock band formed in 1983 in Sayreville, New Jersey. It consists of singer Jon Bon Jovi, keyboardist David Bryan, drummer Tico Torres, guitarist Phil X, and bassist Hugh McDonald. Original bassist Alec John Such quit the band in 1994, and longtime guitarist and co-songwriter Richie Sambora left in 2013. The band has been credited with ""[bridging] the gap between heavy metal and pop with style and ease"".

In 1984 and 1985, Bon <a href=""https://www.last.fm/music/Bon+Jovi"">Read more on Last.fm</a>",United States
195,Green Day,6354891,421039794,"Green Day is an American punk rock band formed in the East Bay of California in 1987 by lead vocalist and guitarist Billie Joe Armstrong together with bassist and backing vocalist Mike Dirnt. For most of the band's career, they have been a power trio with drummer Tré Cool, who replaced John Kiffmeyer in 1990 before the recording of the band's second studio album, Kerplunk (1991). Before taking its current name in 1989, Green Day was called Blood Rage, then Sweet Children. <a href=""https://www.last.fm/music/Green+Day"">Read more on Last.fm</a>",United States
196,Spandau Ballet,1281144,12778001,"Spandau Ballet are a popular British pop band most prominent during the 80s, at the beginning of which they were forerunners of the British new romantic movement. Its members are singer-songwriter Tony Hadley on vocals, brothers Gary Kemp and Martin Kemp on guitar and bass respectively, with Gary also supplying background vocals, Steve Norman on saxophone, and John Keeble on the drums. Gary Kemp also wrote or co-wrote most of the group's music and lyrics. <a href=""https://www.last.fm/music/Spandau+Ballet"">Read more on Last.fm</a>",United Kingdom
197,Simon & Garfunkel,3425240,108336400,"Paul Simon and Art Garfunkel was an American folk rock duo, songwriters, and singers known collectively as Simon & Garfunkel. They formed the group Tom and Jerry in 1957 in Queens, New York, and had their first taste of success with the minor hit ""Hey Schoolgirl"". As Simon and Garfunkel, the duo rose to fame in 1965 backed by the hit single ""The Sound of Silence"". Their music was featured in the landmark film The Graduate, propelling them further into the public consciousness. <a href=""https://www.last.fm/music/Simon+&+Garfunkel"">Read more on Last.fm</a>",United States
198,Manic Street Preachers,1348393,53241118,"Manic Street Preachers is an alternative rock band from Blackwood, Wales, formed in 1986. Often referred to as ""the Manics"", they are James Dean Bradfield (vocals, guitars), Nicky Wire (bass, occasional vocals) and Sean Moore (drums, backing vocals, occasional trumpet). The band were originally a quartet: lyricist and rhythm guitarist Richey Edwards mysteriously vanished on 1 February 1995. He was declared presumed deceased in November 2008.

The Manics released their debut album Generation Terrorists in 1992. <a href=""https://www.last.fm/music/Manic+Street+Preachers"">Read more on Last.fm</a>",
199,David Bowie,5387128,385438363,"David Robert Jones (8 January 1947 – 10 January 2016), known professionally as David Bowie, was an English singer-songwriter and actor. A leading figure in the music industry, he is regarded as one of the most influential musicians of the 20th century. Bowie was acclaimed by critics and musicians, particularly for his innovative work during the 1970s. His career was marked by reinvention and visual presentation, and his music and stagecraft had a significant impact on popular music. <a href=""https://www.last.fm/music/David+Bowie"">Read more on Last.fm</a>",
200,Vicentico,213697,2918747,"Gabriel Julio Fernández Capello ""Vicentico"" (24 of July of 1964, Buenos Aires,  Argentina) , is a musician and composer. Co-founder and vocals of the ""Fabulosos Cadillacs"" with Flavio Cianciarullo. He stayed with this band from 1984 to 2001 until he left the band to become a Soloist.

On his first album, Vicentico displays rythms from his past with the 'Cadillacs', Bossa Nova to gypsy and ballads. With strong drums in all his tracks, his voice and identity are hard to mistake. With 12 tracks, 11 of which are by him. <a href=""https://www.last.fm/music/Vicentico"">Read more on Last.fm</a>",
201,Cypress Hill,2231341,52978227,"Cypress Hill is an American hip-hop group from South Gate, California. Cypress Hill was the first latino group to have platinum and multi-platinum albums and one of the first rap groups to gain a following with fans of hard rock and metal. The band was originally called DVX, but the name was changed after Mellow Man Ace left in 1988.

Their first album, which was self-titled, was released in August 1991. Its single was ""Phuncky Feel One"", but it was <a href=""https://www.last.fm/music/Cypress+Hill"">Read more on Last.fm</a>",United States
202,Intoxicados,121284,3514146,"Banda de Cristian 'el Pity' Alvarez, formada al finalizar Viejas Locas. Mas alla del Rock Stone caracteristico, tambien exploran en el hip-hop, reggae o con bases electronicas <a href=""https://www.last.fm/music/Intoxicados"">Read more on Last.fm</a>",
203,Eric Clapton,3343441,79804379,"Eric Patrick Clapton CBE (born 30 March 1945) is an English rock and blues guitarist, singer, and songwriter. He is regarded as one of the most successful and influential guitarists in rock music. He ranked second in Rolling Stone's list of the ""100 Greatest Guitarists of All Time"" and fourth in Gibson's ""Top 50 Guitarists of All Time"". In 2023, Rolling Stone named Clapton the 35th best guitarist of all time. He was also named number five in Time magazine's list of ""The 10 Best Electric Guitar Players"" in 2009. <a href=""https://www.last.fm/music/Eric+Clapton"">Read more on Last.fm</a>",
204,System of a Down,5622068,481959536,"System of a Down is an Armenian American metal band, formed in 1994 in Los Angeles, California, USA. All four members are of Armenian descent, and are widely known for their views expressed in many of their songs confronting the Armenian Genocide of 1915 by the Ottoman Empire and the ongoing War on Terror by the US government. The band consists of Serj Tankian (vocals), Daron Malakian (vocals, guitar), Shavo Odadjian (bass, vocals) and John Dolmayan (drums). <a href=""https://www.last.fm/music/System+of+a+Down"">Read more on Last.fm</a>",United States
205,Billy Joel,3859977,118388715,"Billy Joel (born William Martin Joel on May 9, 1949 in Bronx, New York, USA) is an American pianist, singer-songwriter, and composer. Since releasing his first hit song, ""Piano Man,"" in 1973, Joel has become a multi-million-selling recording artist. Joel recorded many popular hit songs and albums from 1971 until he stopped recording pop/rock music in 1993. He is one of the very few rock (or even pop) artists to have Top 10 hits in the '70s, '80s, and '90s. <a href=""https://www.last.fm/music/Billy+Joel"">Read more on Last.fm</a>",United States
206,Gary Moore,948112,17221499,"Gary Moore (born April 4, 1952 as Robert William Gary Moore in Belfast, Northern Ireland, United Kingdom; died February 6, 2011 in Malaga, Spain) is acknowledged as one of the finest guitarists to have originated in Ireland. He was a virtuoso guitarist and is considered by his fans to be one of the best guitar players ever.

In a career dating back to the 1960s he has played with bands including Thin Lizzy, Colosseum II, Greg Lake and Skid Row as well as having a successful solo career. <a href=""https://www.last.fm/music/Gary+Moore"">Read more on Last.fm</a>",
207,The Verve,3205261,57659097,"
The Verve (originally Verve) was an English alternative rock band. The band was formed in 1989 at Winstanley College, Wigan, Greater Manchester, England, by vocalist Richard Ashcroft, guitarist Nick McCabe, bassist Simon Jones and drummer Peter Salisbury. Simon Tong later became a member. The band originally split in 1995, but reunited in 1996 to great commercial success. They split once more in April 1999. The band reunited once more in June of 2007 <a href=""https://www.last.fm/music/The+Verve"">Read more on Last.fm</a>",
208,Calvin Russell,42087,466909,"Russell was born in Austin, Texas, on 1 November 1948. At age 12, Russell began learning guitar and at 13 joined a band called The Cavemen. In 1989, he met Patrick Mathe of the French record label, New Rose Records, while at a party in Austin and gave him a demo tape intended for noted Austin guitarist and producer, Charlie Sexton. 

He would go on to sign with the label releasing his first solo album in 1990 entitled A Crack In Time. In promotion of the album <a href=""https://www.last.fm/music/Calvin+Russell"">Read more on Last.fm</a>",France
209,Attaque 77,148538,3826049,"Formed in 1987 as a group of friends that joined to play their favorite songs, most of them by The Ramones, their favorite band and the one that most influenced them, they went into stage with the same punk style, lyrics with proletarian contents (about exploited factory workers, etc.) and the jean jackets that were one of their signatures in their beginnings. Though is difficult to recognize them now, because they have changed in many aspects and grown with their music <a href=""https://www.last.fm/music/Attaque+77"">Read more on Last.fm</a>",
210,Las Pelotas,95601,1818048,"Las Pelotas is an Argentinian rock band that originated from the separation of an older and pioneer band called Sumo. It is an alternative rock band that currently holds one of the top spots in popularity throughout Argentina.
Formed in 1988 in Buenos Aires.

First line-up
Germán Daffunchio (guitar)
Alejandro Sokol (main vocals)
Alberto ""Superman"" Troglio (drums)
Willy Robles (bass)

Second line-up
Germán Daffunchio (guitar and backing vocals)
Alejandro ""Bocha"" Sokol (main vocals) <a href=""https://www.last.fm/music/Las+Pelotas"">Read more on Last.fm</a>",Argentina
211,Babasonicos,165009,8533658,"Babasónicos' name is based on a tribute to Hindu prophet Baba combined with the name of a popular cartoon from the '70s. Singer Adrián Rodríguez, keyboardist Uma-T, guitarist Mariano Roger Sónico, bassist Gabo, percussionist Diego Uma, and drummer Diego Castellano recorded Pasto in 1992. That album included their hit song called ""De-generación."" As the popularity of this Latin rock group was growing, chances to play along with major bands came soon. <a href=""https://www.last.fm/music/+noredirect/Babasonicos"">Read more on Last.fm</a>",
212,Daryl Hall & John Oates,2356622,49165995,"From their first hit in 1974 through their heyday in the '80s, Daryl Hall and John Oates' smooth, catchy take on Philly soul brought them commercial success — including six number one singles and six platinum albums. Hall & Oates' music was well-constructed and produced; at their best, their songs were filled with strong hooks and melodies that adhered to soul traditions without being a slave to them by incorporating elements of new wave and hard rock. <a href=""https://www.last.fm/music/+noredirect/Daryl+Hall+&+John+Oates"">Read more on Last.fm</a>",
213,Lamp,1003910,64501158,"There is more than one artist with the name Lamp.

1. Lamp  (ランプ)  are a Japanese band formed in 2000. There are three members:

Taiyo Someya (染谷大陽; born 13 November 1979) - guitar, synthesizer, vibraphone
Yusuke Nagai (永井祐介; born 22 July 1980) – vocals, guitar, bass, keyboard
Kaori Sakakibara  (榊原香保里; born 17 November 1979) – vocals, flute, accordion

Formation
Someya started playing guitar in middle school. In the folk club during high school <a href=""https://www.last.fm/music/Lamp"">Read more on Last.fm</a>",Japan
214,Donavon Frankenreiter,789918,10378427,"Donavon Frankenreiter (born December 10, 1972, Downey, California) is an American musician and surfer. A long-time friend of musician Jack Johnson, his debut self-titled album was released in 2004 on Johnson's Brushfire Records through Universal Music. It made the Australian ARIA Top-40 charts in April 2004. In live shows he has performed as the Donavon Frankenreiter Band.

Frankenreiter started playing in the group, Peanut Butter and Jam, at the age of 18. <a href=""https://www.last.fm/music/Donavon+Frankenreiter"">Read more on Last.fm</a>",Australia
215,Aterciopelados,292018,4278608,"One of the first contemporary successful rock bands in Colombia, Los Aterciopelados is among the Latin American countries' top groups. Formed in 1992 in Bogotá, Colombia, the band has fused its own sound by combining a rock-solid approach and electronics with a variety of Latin American musical traditions including mariachi, bolero, tropical and flamenco. 

Aterciopelados, whose name translates as ""The Velvety Ones,"" was formed by former members of Delia Y Los Aminoacidos -- Andrea Echeverri <a href=""https://www.last.fm/music/Aterciopelados"">Read more on Last.fm</a>",United States
216,Pearl Jam,4209544,243334473,"Pearl Jam is an American grunge/alternative rock band formed in Seattle, Washington, in 1990. The band's lineup consists of founding members Jeff Ament (bass guitar), Stone Gossard (rhythm guitar), Mike McCready (lead guitar), and Eddie Vedder (lead vocals, guitar), as well as Matt Cameron (drums), who joined in 1998. Keyboardist Boom Gaspar has also been a touring/session member with the band since 2002. Drummers Jack Irons, Dave Krusen, Matt Chamberlain, and Dave Abbruzzese are former members of the band. <a href=""https://www.last.fm/music/Pearl+Jam"">Read more on Last.fm</a>",United States
217,PJ Harvey,2111896,101042390,"Polly Jean ""PJ"" Harvey, born 9 October 1969, is an English singer-songwriter. She is known primarily as a vocalist and guitarist, and is skilled in playing multiple instruments.

Harvey started her music career in 1988 by joining the local band Automatic Dlamini as a vocalist, guitarist, and saxophonist. John Parish, the band's frontman, has remained a long-term collaborator with her. In 1991, she formed a trio called PJ Harvey, marking the beginning of her career under that name. <a href=""https://www.last.fm/music/PJ+Harvey"">Read more on Last.fm</a>",
218,HIM,1524164,91805517,"There are multiple artists with this name;

1) HIM (sometimes stylized as H.I.M.) were a Finnish gothic rock band from Helsinki, Finland. Formed in 1991 by vocalist Ville Valo and bassist Mikko ""Mige"" Paananen under the name His Infernal Majesty, the band broke up in 1993, before being reformed in 1995 by Valo and guitarist Mikko ""Linde"" Lindström. After being rejoined by Mige, as well as new additions keyboardist Antto Melasniemi and drummer Juhana ""Pätkä"" Rantala, the band, now called HIM, released their debut album Greatest Lovesongs Vol. <a href=""https://www.last.fm/music/HIM"">Read more on Last.fm</a>",
219,Jack Johnson,3595949,182661851,"Jack Hody Johnson (born May 18, 1975 in North Shore, Oahu, Hawaii) is a singer, professional surfer, composer, and filmmaker who has achieved critical and commercial success and a dedicated following since he first appeared on G. Love & Special Sauce's album Philadelphonic. The release of his 2001 debut album, Brushfire Fairytales, further cemented his popularity and he has since released four more successful albums including 2003's On and On, 2005's In Between Dreams, 2008's Sleep Through the Static and 2010's To The Sea. <a href=""https://www.last.fm/music/Jack+Johnson"">Read more on Last.fm</a>",
220,The Vines,1353154,22410409,"Vines, the solo project of New York-based multi-instrumentalist and composer Cassie Wieland, offers a window into her inner world through expansive swaths of sound. She pieces together a celestial mix of synths, percussion, strings, and vocoded voice, making music that is at once deeply personal and cinematic in scope. This diaristic approach first took shape with her 2023 EP Birthday Party, and is crystallized on her debut LP, I'll be here. With the sweeping and vulnerable I'll be here <a href=""https://www.last.fm/music/The+Vines"">Read more on Last.fm</a>",
221,Sigur Rós,2379762,150198843,"Sigur Rós is an Icelandic post-rock band. The name is derived from the name of lead vocalist Jónsi Birgisson's little sister, Sigurrós. They hail from the same creative and vibrant Icelandic music scene as múm and Amiina. They released their first-ever foray into film-making with their tour documentary, Heima in late 2007. 

Jón Þór Birgisson (Jónsi), Georg Hólm, and Ágúst Ævar Gunnarsson formed the group in Reykjavík, Iceland in August 1994. <a href=""https://www.last.fm/music/+noredirect/Sigur+R%C3%B3s"">Read more on Last.fm</a>",
222,La-33,30529,252625,"La 33 is a Salsa Group from Bogota, Colombia. The Name refers on a name of a street in Bogota, where the band is located. The Group members are:

Sergio Mejía, Santiago Mejía, Guillermo Celis, David Cantillo, Diego Sánchez, Cipriano Rojas, Juan David Fernández, Roland Nieto, Felipe Cárdenas, Vladimir Romero, Jóse Miguel Vega

The website of the band www.la-33.com <a href=""https://www.last.fm/music/La-33"">Read more on Last.fm</a>",
223,Citizen Cope,673824,11504564,"Citizen Cope is a pseudonym of Clarence Greenwood, keyboardist, guitarist, singer, DJ, and record producer. Citizen Cope now lives in Brooklyn, New York.

Born in Memphis, Tennessee, Greenwood started his musical career as a DJ for the hip hop act Basehead, a group that would have a significant impact on his style as a solo-musician. Citizen Cope blends many genres of music, such as folk, blues, hip hop, rock, and R & B.

Greenwood first released a demo tape under the name Cope Citizen in the late '90s. <a href=""https://www.last.fm/music/Citizen+Cope"">Read more on Last.fm</a>",
224,Madrugada,284113,9819182,"Madrugada
«Chimes at Midnight»

When Madrugada regrouped to celebrate the 20th Anniversary of their classic debut album «Industrial Silence» in 2019, they quickly realised that interest in the band had not waned in their absence. It had, in fact, increased, not least on the European continent.

What’s more, they realised that they loved being back together. Being in Madrugada had never been quite this much fun.

Says vocalist and guitarist Sivert Høyem: «It was if as the last piece of the puzzle had snapped into place. <a href=""https://www.last.fm/music/Madrugada"">Read more on Last.fm</a>",
225,Cheap Trick,1359184,16397362,"Cheap Trick is an American power pop/rock n roll band from Rockford, Illinois that's played for over four decades, and in 2016 was inducted into the Rock & Roll Hall of Fame. Having gained popularity in the late-70s centered within the Midwest and within Japan, the band members are Rick Nielsen (guitarist and main songwriter), Bun E. Carlos (born Brad Carlson) (drums), Robin Zander (vocals and guitars), and Tom Petersson (bass guitar). Though they <a href=""https://www.last.fm/music/Cheap+Trick"">Read more on Last.fm</a>",United States
226,Linkin Park,6669017,684106461,"Linkin Park is an American alternative rock band from Agoura Hills, California. The band's current lineup comprises of vocalist/rhythm guitarist/keyboardist Mike Shinoda, lead guitarist Brad Delson, bassist Dave Farrell, DJ/turntablist Joe Hahn, drummer Colin Brittain, and lead vocalist Emily Armstrong. Shinoda, Delson, Farrell and Hahn are founding members. Vocalists Mark Wakefield, Chester Bennington & drummer Rob Bourdon are former members of the band. <a href=""https://www.last.fm/music/Linkin+Park"">Read more on Last.fm</a>",United States
227,Avenged Sevenfold,2767399,212894781,"Avenged Sevenfold (often abbreviated to A7X) is a heavy metal/hard rock band which formed in 1999 in Huntington Beach, California, United States. The band consists of vocalist M. Shadows, lead guitarist Synyster Gates, rhythm guitarist Zacky Vengeance, bassist Johnny Christ, and former Bad Religion and Suicidal Tendencies drummer Brooks Wackerman (2016-present). Heartbreakingly, the band's best friend and original drummer James ""The Rev"" Sullivan passed away in 2009. <a href=""https://www.last.fm/music/Avenged+Sevenfold"">Read more on Last.fm</a>",
228,The White Stripes,4723419,194845348,"The White Stripes was an alternative rock band, formed in 1997 in Detroit, Michigan, United States. They disbanded in 2011. The group consisted of songwriter Jack White (vocals, piano/keyboards, guitar) and Meg White (drums, vocals).

After releasing several singles and three albums within the Detroit independent music underground, The White Stripes rose to prominence in 2002, as part of the garage rock revival scene. Their successful albums White <a href=""https://www.last.fm/music/The+White+Stripes"">Read more on Last.fm</a>",
229,Five for Fighting,1001944,12457597,"Five for Fighting is the stage name of U.S. singer-songwriter John Ondrasik. His latest work being 2013's 'Bookmarks', his breakout into international success came with his 2000 album 'America Town', which went platinum in the U.S. due to the widespread acclaim of his song ""Superman (It's Not Easy)"" in late 2001. His 2004 album 'The Battle For Everything' has also enjoyed considerable chart success in the U.S. Ondrasikhas released a DualDisc of his 2004 album as well <a href=""https://www.last.fm/music/Five+for+Fighting"">Read more on Last.fm</a>",
230,Gustavo Cerati,497364,37096254,"Gustavo Adrián Cerati Clarke, (Buenos Aires - Argentina: August 11th, 1959 --- September 4th, 2014: Buenos Aires - Argentina) better known as Gustavo Cerati was an Argentinean guitarist, producer, occasional bass player, dj, lyricist, and vocalist. During the 1980's and until the mid-1990's he was the visible leader of Soda Stereo, -arguably one of Latin America's most important rock bands. 

Cerati was in a coma for over four years, after suffering a stroke on May 15 <a href=""https://www.last.fm/music/Gustavo+Cerati"">Read more on Last.fm</a>",
231,Robbie Williams,2767784,69627507,"Robert Peter Williams (born 13 February 1974) is an English singer and songwriter. He found fame as a member of the pop group Take That from 1990 to 1995, and achieved commercial success after launching a solo career in 1996. His debut studio album, Life thru a Lens, was released in 1997, and included his signature song, ""Angels"". His second album, I've Been Expecting You, featured the songs ""Millennium"" and ""She's the One"", his first number one singles. <a href=""https://www.last.fm/music/Robbie+Williams"">Read more on Last.fm</a>",
232,Panchiko,1001231,66524330,"Panchiko are an English alternative rock band formed in Nottingham, England in 1997, originally consisting of lead vocalist and guitarist Owain Davies, guitarist and keyboardist Andrew ""Andy"" Wright, bassist Shaun Ferreday, and a drummer named John. Panchiko's members were childhood friends with cheap equipment, who founded the band in 1997 as teenagers. On 21 July 2016, a 4chan user reported that they had found a copy of D>E>A>T>H>M>E>T>A>L in an Oxfam charity store in Sherwood, Nottingham. <a href=""https://www.last.fm/music/Panchiko"">Read more on Last.fm</a>",
