artista,oyentes,reproducciones,bio_resumen,pais
Joaquín Sabina,231870,7438578,"Joaquín Ramón Martínez Sabina (Úbeda, Jaén, Spain, 12 February 1949), known artistically as Joaquín Sabina, is a singer - songwriter, and poet. He has released fourteen studio albums, two live albums, and three compilation albums. He has collaborated and composed songs for Ana Belén and Miguel Ríos amongst others.

Joaquín Sabina, is the second son of Adela Sabina del Campo and Jerónimo Martinez Gallego, which was a policeman. He attended <a href=""https://www.last.fm/music/+noredirect/Joaqu%C3%ADn+Sabina"">Read more on Last.fm</a>",
Los Incomparables De Tijuana,13277,88900,"A Norteño Group Formed in Tijuana México in 1984 and similar to Los Tucanes De Tijuana <a href=""https://www.last.fm/music/Los+Incomparables+De+Tijuana"">Read more on Last.fm</a>",
LUISITO MUÑOZ,4458,40482,biografia no encontrada,
Julieta Venegas,771261,19578941,"Julieta Venegas (born November 24, 1970) is a successful Mexican singer and songwriter of Latin music. She was born in Long Beach, California, but raised in Tijuana, Baja California and has a twin sister Yvonne who is a photographer. She was a former member of the band ""Tijuana No"". Julieta plays numerous instruments including acoustic guitar, accordion, and keyboard. She won the 2004 Latin Grammy for Best Vocal Rock Album (Sí).
Albums. She is radicated in Mexico City <a href=""https://www.last.fm/music/Julieta+Venegas"">Read more on Last.fm</a>",Mexico
Beto Quintanilla,31943,476522,"Norberto ""Beto"" Quintanilla Iracheta (May 23, 1948 – March 18, 2007) was a Regional Mexican singer and songwriter. He was known as ""El Mero León del Corrido"" (The Lion of the Corrido)

Biography:
Beto Quintanilla was originally from General Terán, a small town in Nuevo León. The date of his birth is unknown, but was some time around 1948. As a child, Quintanilla composed poems or odes to his mother, his teacher, his school, and his country. He <a href=""https://www.last.fm/music/Beto+Quintanilla"">Read more on Last.fm</a>",Mexico
Clave Cubana,693,3981,biografia no encontrada,
La Mosca,75882,464821,"Si bien la formación actual del grupo se consolida en marzo de 1995, la historia de la banda se remonta a comienzos de los noventa con ""La Reggae & Roll Band"", quienes hacían covers y algunos temas propios en la zona de Ramallo. Simultáneamente existían otras bandas entre las que se destacaba ""Damas gratis"" liderada por Guillermo Novellis.
Tras la disolución de ""Damas gratis"", Fernando Castro, que era el baterista y uno de los fundadores (de La Reggae)  <a href=""https://www.last.fm/music/+noredirect/La+Mosca"">Read more on Last.fm</a>",
Polo Montañez,50260,346448,"Polo Montañez (June 5, 1955 - November 26, 2002) was a Cuban singer and songwriter
Montañez was born Fernando Borrego Linares in Sierra del Rosario, Pinar del Río, in a farm known as El Brujito. At an early age he worked various jobs including driving a tractor, milking cows, making coal, assisting on the family farm, and as a lumberjack. In his spare time, Montañez would go from house to house singing and later began to sing in local parties and family gatherings. <a href=""https://www.last.fm/music/+noredirect/Polo+Monta%C3%B1ez"">Read more on Last.fm</a>",Cuba
Beny Moré,138009,818679,"Beny Moré (sometimes Benny Moré, Benny More or Beny More) (August 24, 1919 – February 19, 1963) is considered by many fans of Cuban music as the greatest Cuban singer of all time.
He was gifted with an innate musicality and fluid tenor voice which he colored and phrased with great expressivity. Moré was a master of all the genres of Cuban music, including son montuno, mambo, guaracha, guajira, cha cha cha, afro, canción, guaguancó, and bolero. <a href=""https://www.last.fm/music/+noredirect/Beny+Mor%C3%A9"">Read more on Last.fm</a>",Cuba
Tranzas,79371,600246,"Tranzas is an Ecuatorian music band. <a href=""https://www.last.fm/music/Tranzas"">Read more on Last.fm</a>",
Bacilos,358611,4301899,"Bacilos is a latin music group based in Miami, Florida, United States.

The band was formed in 1995 by three students of the University of Miami and was named after the Spanish word for bacillus. Originally a quartet, the band drew influences from Cuban folk singer Silvio Rodríguez and Argentinian rock singer Fito Páez. The band eventually became a trio consisting of Colombian singer and guitarist Jorge Villamizar, bassist André Lopes and percussionist José Javier Freire before releasing an independent album Madera in 1999. <a href=""https://www.last.fm/music/Bacilos"">Read more on Last.fm</a>",Argentina
Salsa Celtica,23762,193695,"Salsa Celtica - an 11 piece world music fusion band coming from Edinburgh, Scotland, formed in 1995. They have released four studio albums so far. <a href=""https://www.last.fm/music/Salsa+Celtica"">Read more on Last.fm</a>",
Los Tigres Del Norte,287874,6205860,"Mexican Norteño Grammy-winning legendary group, best known for (re)starting the ""corrido"" genre in the late 20th Century, as a milestone of its latest incarnation, known on one side as ""narcocorrido"" (ballads on smugglers) and on the other, the new brew of socially-committed lyrics that have succeeded in being truly popular.

Members:
· Jorge Hernández: director, lead vocals and accordion 
· Hernán Hernández: electric bass, vocals
· Eduardo Hernández: accordion, saxophone, 6-string bass, vocals <a href=""https://www.last.fm/music/Los+Tigres+Del+Norte"">Read more on Last.fm</a>",Mexico
Cubismo,13048,83541,"Cubismo is a group that plays energetic dance music based on afro-Cuban rhythms but in its own unique and recognizable style. Besides salsa and Latin-jazz Cubismo has also been influenced by the elements of jazz, hip-hop, funk and rock music. The band members come from Croatia , Slovenia , Cuba and Ecuador . Cubismo is the leading group for such type of music in Croatia and this part of Europe .
The band has so far released 6 CDs, the majority of which has been internationally distributed. <a href=""https://www.last.fm/music/Cubismo"">Read more on Last.fm</a>",
Rios De Gloria,1792,13944,"Rios De Gloria is a Spanish Pop Dance band consisting of Gloria Gómez and Javier Rios, who was later replaced by Michel Lara.
This project released the albums ""Rios De Gloria"", ""Dos"" and ""Desafiame"". <a href=""https://www.last.fm/music/Rios+De+Gloria"">Read more on Last.fm</a>",Spain
Jimmy Bosch,41465,172809,"Jimmy Bosch, who was born to parents from Arecibo, Puerto Rico, was raised in Hoboken, NJ, lived in the Bronx, NY for twenty years, played in Salsa bands from the age of 13, and continuously re-invents the music of a culture with roots in many parts of the world. Tropical Music with a New York edge is unlike any musical experience anywhere. Once exposed to the Jimmy Bosch experience, there is no turning back to anything less. This is commonly the <a href=""https://www.last.fm/music/Jimmy+Bosch"">Read more on Last.fm</a>",
Mo' Horizons,474062,4698698,"Mo' Horizons are the producers, musicians and DJ's Ralf Droesemeyer and Mark 'Foh' Wetzler. Their first album, Come Touch the Sun, which features Mo's first two 12""s 'Yes Baby Yes (Sally Said) and Foto Viva, melts together influences ranging from the soulful fifties, sixties & funky seventies straight to the nineties. Integrating modern production techniques and a handful of talented live-musicians and vocalists they create a sound that varies in mood and style but is still homogenous and therefore can easily be identified as Mo' Horizons. <a href=""https://www.last.fm/music/Mo%27+Horizons"">Read more on Last.fm</a>",
Obie Bermudez,64665,396162,"Obie Bermúdez es un cantante y compositor puertorriqueño. Nació el 10 de enero de 1980, en la zona cálida y montañosa de Aibonito, (Puerto Rico). De abuelo músico y de padre fundador de una banda de rock, desde los 12 años de edad su familia se traslada a New York (EE.UU.), lugar donde nació el padre de Obie.

Fue allí donde empezó su carrera artística. Primeramente cuenta que, para ganarse el pan de cada día, trabajaba en una lavandería <a href=""https://www.last.fm/music/+noredirect/Obie+Bermudez"">Read more on Last.fm</a>",
Los Tucanes de Tijuana,310580,4028010,"Los Tucanes de Tijuana is a Mexican band founded on 13 April 1987 by Mario Quintero Lara and a group of talented friends in Tijuana, Baja California, Mexico. From humble beginnings, starting their musical career by playing at nightclubs they rose to become the most successful and sought after Norteño band in Mexico, Latin America and the United States. They are by far the global ambassadors of Norteña music and Corrido ballads.


Los Tucanes esta formado de cinco mexicanos originarios de Sinaloa México. <a href=""https://www.last.fm/music/Los+Tucanes+de+Tijuana"">Read more on Last.fm</a>",Mexico
La Retrocumbia,129,1738,biografia no encontrada,
Skeewiff,123369,1303906,"UK based DJ, musicians and production duo Alex Rizzo and Elliot ireland whose cheeky humour and dancefloor production skills create a unique sound.

Essentially an electronic breakbeat act, they include elements of jazz and particularly lounge music into their style. They also draw on other styles such as big band and Indian. The result is a contemporary, often instrumental music that is much used by Games, Film and TV producers (FIFA, Adidas etc) and consequently many Skeewiff tracks will be subliminally familiar to a wide audience... <a href=""https://www.last.fm/music/Skeewiff"">Read more on Last.fm</a>",
Enrique Iglesias,2595578,51695841,"Enrique Miguel Iglesias Preysler (born 8 May 1975) is a Spanish singer and songwriter. He started his recording career in the mid-1990s on the Mexican label Fonovisa and became the bestselling Spanish-language act of the decade. By the turn of the millennium, he made a successful crossover into the mainstream English-language market. He signed a multi-album deal with Universal Music Group for US$68 million with Universal Music Latino to release his Spanish albums and Interscope Records to release English albums. <a href=""https://www.last.fm/music/Enrique+Iglesias"">Read more on Last.fm</a>",Mexico
Carlos Ponce,27605,148631,"Carlos Ponce (born September 4, 1972) is a Puerto Rican actor, singer, composer and television personality. Ponce began his acting career by participating in Spanish language soap operas for Televisa and Telemundo. Ponce continued to expand his acting career by participating in various American television series. He did not limit himself solely to a career in television. Ponce, who is also a singer, is also active in the American movie industry as a character actor. <a href=""https://www.last.fm/music/Carlos+Ponce"">Read more on Last.fm</a>",United States
Melody,290331,4127780,"1) Melodía Ruiz Gutiérrez (born 12 October 1990), best known by her stage name Melody, is a Spanish singer. Melody became famous at the age of 10 with her song ""El baile del gorila"", one of the biggest summer hits of 2001 in Spain. She has released six albums and numerous singles. She represented Spain at the Eurovision Song Contest 2025 with the song ""Esa diva"".

2) Gabriella Abreu Severino (born February 4, 2007), known professionally by her stage name Melody, is a Brazilian singer, songwriter, and musician. <a href=""https://www.last.fm/music/Melody"">Read more on Last.fm</a>",Brazil
El Cuarteto De Nos,255475,17701574,"El Cuarteto de Nos is an Uruguayan alternative rock band formed in 1984 in Montevideo. The band was originally comprised of the Musso brothers (Roberto and Riki Musso) and Santiago Tavella, who they had met in high school. In 1984 they released their debut album, a split LP with uruguayan candombe musician Alberto Wolf under the Ayuí / Tacuabé label. Leonardo Baroncini was hired to be a guest drummer on the record.

In March 1987 they released Soy una arveja <a href=""https://www.last.fm/music/El+Cuarteto+De+Nos"">Read more on Last.fm</a>",
Ana Torroja,129214,1289579,"Ana Torroja is a Spanish vocalist, and was the lead singer of the million-selling trio Mecano. Daughter of a noted engineer, she was born in Madrid on December 28, 1959, and met José María Cano while studying economics at university. The two became good friends, and José María soon introduced Ana to his younger brother Nacho. Upon hearing Ana singing along to his brother's compositions on the guitar, Nacho suggested that the three should form a band, and in 1981 Mecano was born. <a href=""https://www.last.fm/music/Ana+Torroja"">Read more on Last.fm</a>",Spain
Willie Bobo,223148,1216022,"Willie Bobo was the stage name of William Correa (February 28, 1934 – September 15, 1983),[1] a Latin and jazz percussionist of Puerto Rican ancestry.
His youngest son, Eric Bobo (Eric Correa), is a percussionist with crew Cypress Hill. He also performed on the Beastie Boys' 1994 album Ill Communication, as well as doing the 1994 Lollapalooza tour with the group

His grandson William Valen Correa, son of Bobo's first son William Gill Correa, is Co-Founder of the music-based non-profit organization HNDP Los Angeles. <a href=""https://www.last.fm/music/Willie+Bobo"">Read more on Last.fm</a>",
Malú,78751,1322893,"There are at least 4 singers named Malú or Malu.

1.  María 'Malú' Lucía Sánchez (born 15 March, 1982) is a singer from Madrid, Spain. Malú was discovered at the age of 15 when she was singing at a family party. She began the recording of her first album Aprendiz in January 1998. Malú is the niece of the flamenco singer-songwriter Paco de Lucía.

2. Malu is a pop singer from Amsterdam, The Netherlands. There is no accent on the letter 'u', but scrobbles of her songs end up here due to Last. <a href=""https://www.last.fm/music/+noredirect/Mal%C3%BA"">Read more on Last.fm</a>",
Luis Alberto Posada,8402,109185,biografia no encontrada,
José José,314289,14267933,"José José (José Rómulo Sosa Ortiz, Mexico City, Mexico, February 17, 1948 — September 28, 2019)  was a Mexican singer, musician and occasional actor. 

Born into a family of musicians and raised in Mexico City, José began his musical career in his early teens playing guitar and singing in serenades. He later joined a jazz and bossa nova trio where he sang and played bass and double bass. José found success as a solo artist in the early 1970s. <a href=""https://www.last.fm/music/+noredirect/Jos%C3%A9+Jos%C3%A9"">Read more on Last.fm</a>",Mexico
Jon Secada,253532,1783117,"Juan Francisco Secada (born October 4, 1962 in Havana, Cuba)  better known as Jon Secada is an Afro-Cuban singer and songwriter. Secada was born in Havana, Cuba, and raised in Hialeah, Florida. He has won two Grammy Awards and sold 20 million albums since his English-language debut album in 1992, made famous for his song Just Another Day. His music fuses funk, soul, pop and Latin percussion. Secada also has appeared as a songwriter for Gloria Estefan, Jennifer Lopez, Ricky Martin, Mandy Moore and other performers. <a href=""https://www.last.fm/music/Jon+Secada"">Read more on Last.fm</a>",
Los Legendarios,104629,844861,biografia no encontrada,
paco pineda y su grupo tex mex,122,1306,biografia no encontrada,
Lemon,137243,2473743,"There are various groups with the name Lemon.

1) Who are they? Polish band. Lemon is a brainchild of Igor Herbut. He founded the band right after he’d gotten to know that he had been accepted as the contestant of Must Be the Music talent show. He partook in the auditions with his cousin Adam after the night they spent at a wedding party as vocal performers. That’s what Igor has to say about this unusual experience: When we got to know we could <a href=""https://www.last.fm/music/Lemon"">Read more on Last.fm</a>",
Yuri Buenaventura,58273,311023,"Yuri Buenaventura - Colombian salsa singer.

One of Colombia's most talented salsa singers that emerge from the salsa circles of Cali. Yuri currently resides in France. 

 With “Vagabundo”, Colombian singer Yuri Buenaventura reveals himself as the “brightest new star from South America”. From the irresistibly swingy ‘Guajiro del Monte’, with its expansive and golden big-band dance sound to the pared-back and poignant ‘Donde Estas?’ – it’s always clear that we’re in completely assured hands. <a href=""https://www.last.fm/music/Yuri+Buenaventura"">Read more on Last.fm</a>",Colombia
Jarabe de Palo,563796,9382639,"Jarabe de Palo (literally ""Wooden Stick Syrup"" or, after the Spanish expression ""dar un jarabe de palo"", i.e. a ""hell of a beating""), was a Spanish rock band founded in 1996. The group was led by singer, songwriter, and guitarist Pau Donés, whose death in 2020 caused the band to break up.

Pau Donés, born and raised in Barcelona, worked for various groups before being able to take on his current project, Jarabe de Palo. He began at age 15 with his brother Marc, with whom he formed a group known as J. <a href=""https://www.last.fm/music/Jarabe+de+Palo"">Read more on Last.fm</a>",Spain
Gloria Estefan,752353,7645626,"Gloria Estefan (born Gloria María Fajardo, September 1, 1957, in Havana, Cuba) is a seven-time Grammy Award-winning singer-songwriter, actress and social activist. Known as the ""Queen of Latin Pop"", she in the top 100 best-selling music artists with over 100 million albums sold worldwide, 31.5 million of those in the United States. Estefan is the most successful crossover performer in Latin music to date.

Beginning her career in 1975 as lead vocalist for the then exclusively Spanish-language band <a href=""https://www.last.fm/music/Gloria+Estefan"">Read more on Last.fm</a>",
Armando Manzanero,87269,680792,"Armando Manzanero (born in Mérida, México on December 7, 1935- died in Ciudad de Mexico on December 28, 2020) was  a Latin American musician and composer, widely considered the premiere Mexican romantic composer of the postwar era.

At the age of eight he was introduced into the world of music in the Escuela de Bellas Artes (School of High Arts) of his native city, later furthering his musical studies in Mexico City. In 1950, at the age of fifteen <a href=""https://www.last.fm/music/Armando+Manzanero"">Read more on Last.fm</a>",Mexico
Bertin Osborne,8502,55729,"Norberto Ortiz Osborne, a.k.a Bertín Osborne, es un cantante y presentador español. Nació en Madrid el 7 de diciembre de 1953 y estudió en los jesuitas de Chamartín, aunque pasó gran parte de su infancia en Jerez de la Frontera (Cádiz) donde se encuentran las bodegas, negocio tradicional de su familia.

Si bien su primera actuación musical se remonta a 1971, en el Festival de la Canción de El Escorial, hubo de esperar a 1980, para firmar su primer contrato para grabar un disco <a href=""https://www.last.fm/music/Bertin+Osborne"">Read more on Last.fm</a>",
Qarto Aparte,1310,7542,biografia no encontrada,
Aleks Syntek,290370,3347223,"Mexican Aleks Syntek was born in September 29 of 1969. 

This talented musician has been involved in many different projects from advertisements to TV shows and movies. 

By the late '80s, Syntek, along with two friends, decided to form an alternative band. Their first record, called Hey Tú, was released by EMI in 1990, followed by Más Fuerte De Lo Que Pensaba in 1993. The latter included a contribution from former The Doors Ray Manzarek who played in a song called ""Nuestras Costumbres.""  <a href=""https://www.last.fm/music/Aleks+Syntek"">Read more on Last.fm</a>",Mexico
Luis Miguel,807461,34694707,"Luis Miguel Gallego Basteri (born 19 April 1970) is a Mexican singer and icon in Latin America, often referred to as El Sol de México (The Sun of Mexico), which is the nickname his mother gave him as a child- ""mi sol"". He is widely regarded as the most successful artist in Latin American history, having successfully performed in a wide range of musical styles, including pop, ballads, boleros, tangos, jazz, big band and mariachi. Luis Miguel is also <a href=""https://www.last.fm/music/Luis+Miguel"">Read more on Last.fm</a>",Mexico
Raulin Rodriguez,96302,859015,"Born in San Fernando de Monte Cristi, Monte Cristi in the Dominican Republic on June 16, 1970,related to the Zapata family of Monte cristi is one of the first major bachata artists to have national success and popularize this style of music in his country. Born in the northwest coast of the island, he toured with Antony Santos as a guitar player at age fifteen, and then went on to own band. <a href=""https://www.last.fm/music/Raulin+Rodriguez"">Read more on Last.fm</a>",
OBK,44780,652645,"English:
OBK is a techno-pop group from Barcelona (Spain). 
It was founded by Miguel Arjona and Jordi Sánchez in the late 1980s. OBK are big fans of Depeche Mode and the name of the group OBK is short for ""Oberkorn (It's a Small Town)"", the name of the B-side from ""The Meaning of Love"".

Discography

    * 2008: Ultimatum
    * 2005: Feeling
    * 2004: Sonorama
    * 2003: Babylon
    * 2001: Extrapop
    * 2000: Antropop
    * 1998: Singles '91-'98 <a href=""https://www.last.fm/music/OBK"">Read more on Last.fm</a>",
Ricardo Montaner,227258,2562488,"Ricardo Montaner (born as Hector Eduardo Reglero Montaner on September 8, 1957) is an Argentine-Venezuelan singer and songwriter. Starting his career in the early 80s, he has already released more than 15 albums with numerous successful singles and over 7 million record worldwide.

Montaner was born as Héctor Eduardo Reglero Montaner, in Valentín Alsina, Buenos Aires, Argentina. However, he moved to Venezuela when he was 6 years old. During his youth he performed in the church chorus in the city of Maracaibo. <a href=""https://www.last.fm/music/Ricardo+Montaner"">Read more on Last.fm</a>",
Laura Miller,1084,8784,biografia no encontrada,
Ha*Ash,150864,3581345,"Ha*Ash is a Mexican-American pop/rock duo of the sisters Hanna Nicole Pérez Mosa and Ashley Grace Pérez Mosa. Combining a mix of latin pop, country and singer/songwriter, the Mexican-based duo has had great success specially in their two homes Mexico and the US. Their hits include ""Estes Donde Estes"",""Odio Amarte"",""Te quedaste"",and ""Amor a Medias."" <a href=""https://www.last.fm/music/Ha%2AAsh"">Read more on Last.fm</a>",
Donato Y Estefano,19275,88955," <a href=""https://www.last.fm/music/Donato+Y+Estefano"">Read more on Last.fm</a>",
La Oreja de Van Gogh,630401,18675307,"La Oreja de Van Gogh (English: Van Gogh's Ear) is a Spanish band. The name of the band references the Dutch painter Vincent Van Gogh who allegedly cut off his own ear. It was formed in Spain in 1996, when guitarist Pablo Benegas, bassist Álvaro Fuentes, keyboardist Xabi San Martín and drummer Haritz Garde met at university.

San Martin was the vocalist until Amaia Montero joined the band by request from Benegas, just after he met her at a dinner party. <a href=""https://www.last.fm/music/La+Oreja+de+Van+Gogh"">Read more on Last.fm</a>",Netherlands
Orquesta Tabaco y Ron,6564,34452,"In 1998 Executive Producer Nissim J. Baly was looking to expand his Latin Music Entertainment, Inc. roster of proprietary record labels. A long time Salsa music aficionado, Baly approached musician and composer friend Hector Manuel Rivera with the idea of producing a record for the recently launched imprint of Dimelo! Records. After much collaboration, a new sound representative of their hometown of Los Angeles was crafted; Orquesta Tabaco y Ron was born. <a href=""https://www.last.fm/music/Orquesta+Tabaco+y+Ron"">Read more on Last.fm</a>",
Bacanos,6373,48244,biografia no encontrada,
Damas Gratis,85203,1404468,"Damas Gratis es un grupo musical de cumbia villera. Desde su salida, obtienen un éxito con su primer CD, al que titularon ""Para los pibes"", llevándolos a los mejores rankins de la cumbia en Argentina, Paraguay y Chile y popularizando el estilo de ""cumbia villera"" con el tema ""Se te ve la tanga"". Recientemente ya llegaron a presentarse en Mexico especialmente en Monterrey donde realizaron bailes masivos logrando en el auditorio coca cola un lleno impresionante de alrrededor de 20 <a href=""https://www.last.fm/music/Damas+Gratis"">Read more on Last.fm</a>",
La Gran Banda,1867,10306,biografia no encontrada,
Marcela Morelo,31137,268482,"Marcela Morello (whose stage name is Marcela Morelo, also known as ""La Morelo"") was born on Lanús, Buenos Aires on 13 December 1964. She currently has recorded eight studio albums, a live album and a Greatest Hits compilation (""Los 20 de Morelo""), her first music albums promove latin music, mixed with pop, rock, ballads and folklore, through the use of andin instruments, such as charango, quena and sikus (also known as ""Flauta de Pan"" or ""zampoña""), among others. <a href=""https://www.last.fm/music/Marcela+Morelo"">Read more on Last.fm</a>",
Paulina Rubio,454351,15086834,"Paulina Susana Rubio Dosamantes (born 17 June 1971 in Mexico City), known as Paulina Rubio is a Mexican singer-songwriter. Referred to as  ""The Golden Girl"".

She first achieved recognition as a member of the successful pop group Timbiriche from 1982 through 1991. Rubio's first two solo albums, La Chica Dorada and 24 Kilates, were commercial successes and made her then EMI Latin's best-selling Mexican female artist. In the mid-1990s, she adopted a more mature and electronic style for her next two albums, El Tiempo Es Oro and Planeta Paulina.  <a href=""https://www.last.fm/music/Paulina+Rubio"">Read more on Last.fm</a>",Mexico
Glup!,84386,2069816,"Glup! is a Chilean pop/rock band founded in Santiago, Chile in 1996 by Koko and Marcel Molina, with Rodrigo and Vid Stambuk joining soon after the band was brought to them. In 1997, Gustavo Chavín Labrín also joined. Although the band recorded their first demo in 1996, it wouldn't be until 1999 that they recorded in a studio. They quickly became known, especially after their performance at the International Festival of Viña del Mar. In 2000, while the band was recording their second album, guitarist Tom Picetti joined the band. <a href=""https://www.last.fm/music/Glup%21"">Read more on Last.fm</a>",Chile
Shakira,4648348,168777209,"Shakira Isabel Mebarak Ripoll is a Colombian singer. Born and raised in Barranquilla, She made her recording debut with Sony Music Colombia at the age of 13. Following the commercial failure of her first two albums, Magia (1991) and Peligro (1993), she rose to prominence in Hispanic countries with her next albums, Pies Descalzos (1995) and Dónde Están los Ladrones? (1998). She entered the English-language market with her fifth album, Laundry Service (2001), which sold over 13 million copies worldwide. <a href=""https://www.last.fm/music/Shakira"">Read more on Last.fm</a>",Colombia
Mauricio & PalodeAgua,10840,79208,"Mauricio & Palodeagua is a Colombian band, influenced by Carlos Vives and Fonseca rythms. It's a very well known group in Colombia and some latinamerican countries. <a href=""https://www.last.fm/music/Mauricio+&+PalodeAgua"">Read more on Last.fm</a>",Colombia
Rodrigo,117652,1287426,"Rodrigo Alejandro Bueno (born 24/5/1973 in Córdoba, Argentina; died 24/6/2000 in Buenos Aires, Argentina), also known by his stage name Rodrigo or nickname ""El Potro"", was a very popular cuarteto singer from Argentina. He is considered one of the most important singers of cuarteto music, as he brought this genre from his birth place in Córdoba to big popularity throughout Argentina.

If you're listening to, or looking for, classical music by the Spanish composer, please then consider going to artist Joaquín Rodrigo. <a href=""https://www.last.fm/music/Rodrigo"">Read more on Last.fm</a>",Spain
Mai Meneses,604,4514,biografia no encontrada,
Ricky Martin,1558973,17864911,"Ricky Martin (born in San Juan, Puerto Rico on December 24, 1971 as Enrique Martin Morales), is a successful Puerto Rican pop singer who rose to fame, first as a member of the Latin boy band Menudo, then as a solo artist since 1990. He has sold over 95 million albums since the start of his career. He is widely regarded as the King of Latin Pop, and is considered to have opened the doors for some of his fellow Latin American singers like Jennifer Lopez and Shakira. <a href=""https://www.last.fm/music/Ricky+Martin"">Read more on Last.fm</a>",United States
Belinda,472080,10763247,"Belinda Peregrín Schüll, known by artistic name Belinda (born August 15, 1989 in Madrid, Spain), is a Latin Grammy Award nominated Spanish-Mexican singer, songwriter, dancer and actress, who debuted in 2003 with the self-titled album, Belinda, under Sony BMG and RCA Records. Her international self-titled album Belinda as released in Mexico City, Mexico by BMG and RCA Records on August 5, 2003 and became a great a success in many different countries including Mexico, selling 2.5 million copies worldwide.  <a href=""https://www.last.fm/music/Belinda"">Read more on Last.fm</a>",
María Bestar,5712,18933,"María Bestar, spanish singer-songwriter. She was a hit in the 2000 with the song pensando en ti.
Actually, she has 2 works: ""María Bestar"" (2000) and ""Sonámbula"" (2004). <a href=""https://www.last.fm/music/+noredirect/Mar%C3%ADa+Bestar"">Read more on Last.fm</a>",Spain
Alexandre Pires,189879,2113282,"In 2003, to the being received in the White House for the president of the United States, George W. Bush, Alexandre Pires click for photos with the powerful politician, for which he played guitar and sang Girl of Ipanema in Portuguese and English. The historical meeting with Bush confirmed the meteoric world-wide success made by this brazilian from Uberlândia, Minas Gerais, that had launched its first record in 1993, only ten years ago.    Been born in 8 of January of 1976 <a href=""https://www.last.fm/music/Alexandre+Pires"">Read more on Last.fm</a>",Brazil
Jean Carlos,7781,53730,biografia no encontrada,
Draco Rosa,30323,468345,"Born Robert Edward Rosa Suarez on June 27, 1969, Long Island, New York. As ""Robby Rosa"" he was a member of Menudo from Valentine's Day, 1984 to 1987. He replaced Johnny Lozada in Menudo and soon became another fan favorite. He sang such hits like Tu Sabes A Chocolate, Hold Me and Like A Cannonball, which was featured in Hollywood hit Cannonball Run 2. He was replaced in Menudo by Ruben Gomez after the band's manager denied Rosa the opportunity to contribute songs to the group. <a href=""https://www.last.fm/music/+noredirect/Draco+Rosa"">Read more on Last.fm</a>",
Los Playeros,1238,12776,biografia no encontrada,
Debelah Morgan,37915,216404,"Debelah Morgan (born September 29, 1977, Detroit, Michigan) is an American R&B singer and songwriter. Her stage name was simply Debelah at the beginning of her music career, but changed to her full name after her first music label dropped her. Morgan has enjoyed sporadic success, peaking with her song ""Dance With Me.""

Debelah was born to an African-American father and an Indian mother, and is conversational in Hindi. She also has learned to sing in several languages, including French, Italian, German, Hindi, and Portuguese. <a href=""https://www.last.fm/music/Debelah+Morgan"">Read more on Last.fm</a>",India
Banda XXI,25833,296397,biografia no encontrada,
Amparanoia,174546,1560934,"Amparanoia is the musical project of the Spaniard Amparo Sanchez. Her major early inspiration was Billie Holiday; Manu Chao, her friend and driving force, said upon hearing her:  ‘As a child you swallowed a microphone, and because of this you have that voice streaming out!’.

She was born in Granada in 1970. At 16 years of age Amparo had her first band, Correcaminos. From then, she had been occasionally  involved with other Blues, Jazz, Rock'n'roll and Soul music groups as a singer. <a href=""https://www.last.fm/music/Amparanoia"">Read more on Last.fm</a>",Spain
Andy Aguilera,2122,13894,biografia no encontrada,
Jimmy Sabater,18077,94043,"Jimmy Sabater (April 11, 1946 - February 8, 2012) was born in Harlem Hospital, New York City. The proud son of Nestor Sabater and Teresa Gonzalez of Ponce, Puerto Rico, Jimmy grew up in East Harlem, the Spanish Quarter of New York City known as “El Barrio”. Like most teenagers in the neighborhood, he played stickball, flew kites, and harmonized the tunes of the popular R&B groups and vocalists of the day such as Nat King Cole.
   He was inspired by percussionists such as Willie Bobo <a href=""https://www.last.fm/music/Jimmy+Sabater"">Read more on Last.fm</a>",Spain
Wakal,9846,81366,"Wakal 
(Jorge Govea)
Musician, producer, born in Mexico City. At 15, I began my musical career on the Rock scene. Beyond my interest for acoustic and analog instruments, I started in 1998 to experiment field recording and founded in Mexico Cityestudios idEA( improvisados dE Azotea) to study the sound of the streets.
In 2000 I was one of the creators of Indie Electronic Music Collective Chilandgo. Its purpose was to reveal the true colors and urban symbols of Mexico City. <a href=""https://www.last.fm/music/Wakal"">Read more on Last.fm</a>",
Andrés Cepeda,93851,2409683,"
Andrés Cepeda es uno de los artistas colombianos de mayor reconocimiento a nivel nacional e internacional, sus bellas composiciones lo han consagrado como uno de los cantautores mas versátiles de Latinoamérica.

Andrés Cepeda nació en Bogotá el 7 de julio de 1973; es el menor de una familia de cinco hermanos.
Su talento lo obtuvo desde niño con tan solo 5 años decide comenzar sus estudios musicales tocando el piano, luego en su adolescencia <a href=""https://www.last.fm/music/+noredirect/Andr%C3%A9s+Cepeda"">Read more on Last.fm</a>",
Fey,167778,3442017,"Fey  (born María Fernanda Blázquez Gil on July 21, 1973) is a Mexican singer, songwriter, and actress who rose to fame in the mid-1990s. Recognized for her catchy electro-pop sound and energetic dance flair, Fey has become an influential figure in Latin pop music. Throughout her career, she has released numerous hit singles and albums, cementing her status as one of Mexico's most prominent pop artists.

Early Life and Career
Born in Mexico City, Fey began her music career at a young age. <a href=""https://www.last.fm/music/Fey"">Read more on Last.fm</a>",Mexico
Los Fachero´s,54,166,biografia no encontrada,
Jennifer Lopez,3624206,69497233,"Jennifer Lynn Lopez (born July 24, 1969 in New York, NY), popularly nicknamed J.Lo, is a Puerto Rican American pop and R&B singer, dancer, actress, model, fashion and perfume designer and film and television producer.

Starting in 1999, Lopez has released seven albums, including two #1 albums on the Billboard 200 charts and four Billboard Hot 100 #1 singles. She won the 2003 American Music Award for Favorite Pop/Rock Female Artist and the 2007 American Music Award for Favorite Latin Artist. <a href=""https://www.last.fm/music/Jennifer+Lopez"">Read more on Last.fm</a>",United States
Eydie Gormé,209357,2843632,"Eydie Gormé (also spelled as Eydie Gorme; born August 16, 1928) is an American singer, specializing, with her husband, Steve Lawrence, in traditional pop music, in the form of ballads and breezy swing. She has earned numerous awards, including the Grammy and the Emmy. She retired as of 2009; husband and musical partner Steve Lawrence continues to perform as a solo act.

Gormé was born as Edith Garmezano in Bronx, New York in 1928, the daughter of Fortuna and Nessim Garmezano. <a href=""https://www.last.fm/music/+noredirect/Eydie+Gorm%C3%A9"">Read more on Last.fm</a>",United States
Juan Formell Y Los Van Van,22789,160698,"Los Van Van is a Cuban band led by bassist Juan Formell, and is considered to be one of Cuba's major timba acts, while Juan Formell has arguably become the most important figure in contemporary Cuban music. <a href=""https://www.last.fm/music/Juan+Formell+Y+Los+Van+Van"">Read more on Last.fm</a>",Cuba
Noelia,82216,459459,"There are several artists who perform under the name Noelia.

 1.) Noelia Lorenzo, this International Latin Music Super Star was raised  in Miami, Florida, mostly known as Noelia, is a Puerto Rican pop singer who rose to fame in 1999. During her career she has had 10 Latin Billboard Top 40 hits, and has eighteen worldwide gold and nine worldwide multi-platinum -certified albums, along with one RIAA-certified Goldrecord in the United States. She has sold more than 4.5 million Albums worldwide.  <a href=""https://www.last.fm/music/Noelia"">Read more on Last.fm</a>",
Papá Levante,3435,32223,biografia no encontrada,
La Mona Jimenez,15195,222760,biografia no encontrada,
Los Palmeras,72724,988809,"Los Palmeras are from Santa Fe. Argentina.
They got together in 1972. The first name of the group was ""Grupo Palmeras"", but the people called them ""Los Palmeras"", so they changed the name to the one they use today.

They record their first record in 1967 called ""Los Palmeras"".
In 1968 they recorded ""TE REGALARE MI VIDA"".
They then changed the vocalist of the group, and have continued releasing material for over 30 years.

Some of their hits are ""El Parrandero"", ""La Chola"" and ""La chica de rojo"", and more recently""Bombon Asesino"".
 <a href=""https://www.last.fm/music/Los+Palmeras"">Read more on Last.fm</a>",
Lu,194312,1791644,"There are multiple artist called Lu:

1) Lucas Perez, professionally known as Lu (fka Lu Baby), is a rapper and singer from the All But 6 music collective and frequently collaborates with artists such as Pouya, KXLLSWXTCH, Fat Nick, South Strip, and more. His music is very unique and the world's not ready for it.

2)LU is a czech band, from the small town Koprivnice, where a new young music scene blossoms. They play alternative rock, with smashy guitar spaces but even sweet melodies. <a href=""https://www.last.fm/music/Lu"">Read more on Last.fm</a>",
Edwin Bonilla,4023,24340,biografia no encontrada,
YÁMANA,2959,12564,biografia no encontrada,
Thalia,268068,5915879,"Wrong tag. Fix you tags to Thalía <a href=""https://www.last.fm/music/+noredirect/Thalia"">Read more on Last.fm</a>",
Moises Angulo,2402,11242,biografia no encontrada,
Los Razos,27901,150270,"The history of Los Razos is similar to many Mexicans crossing the border to a better life and future opportunities in the US. Before they were musicians all of the Razos band members had various jobs, from mechanics to field workers some had to wash dishes and work as gardeners as many Mexicans who immigrate to the United States.

Los Razos are composed of five Mexicans from Michoacan and Sinaloa. Sacramento and Reynaldo who are the band leaders have struggled to keep the group together. <a href=""https://www.last.fm/music/Los+Razos"">Read more on Last.fm</a>",
Cabas,112797,1068960,"Andrés Mauricio Cabas, or just Cabas (born 7 October 1977) is a Colombian musician. His music, which is slowly gaining popularity, is distinguished by its catchy and Caribbean sounding songs.


Cabas released his self-titled album, ""Cabas"", in 2000, which he hoped to be popular and joyful. It became a huge success in Colombia, where his single Mi Bombón (My Lollipop) lead the charts of radio stations for three consecutive months, earning him a Gold Disc and a double Platinum disc. <a href=""https://www.last.fm/music/Cabas"">Read more on Last.fm</a>",Colombia
Diego Torres,265493,2559410,"Diego Antonio Caccia Torres (born March 9, 1971 in Buenos Aires, Argentina) is an Argentine pop singer and composer. He launched his first album, ""Diego Torres"", produced by Cachorro López. This album was rewarded 3 times platinum.

Two years later, and a little distant from TV, he launched his second album called ""Tratar de estar mejor"" which received 5 platinum albums in Argentina and gold and platinum albums in other Latin American countries. This album launched Torres to the international scene. <a href=""https://www.last.fm/music/Diego+Torres"">Read more on Last.fm</a>",United States
Franco De Vita,290856,3451545,"Franco De Vita (born January 23, 1954 in Caracas, Venezuela) is a singer-songwriter popular in Latin music.

One of three children born in Latin America to Italian immigrants, De Vita’s family returned to Italy when he was 3. The family moved back to Venezuela when De Vita was 13, and he later studied piano at the university level.

In 1982, De Vita formed the group Icaro, which released one self-titled album in his homeland. Two years later, he released his first disc as a solo artist, simply titled Franco De Vita. <a href=""https://www.last.fm/music/Franco+De+Vita"">Read more on Last.fm</a>",Italy
David Bisbal,351254,5109050,"
David Bisbal Ferre (born June 5, 1979 in Almería, Spain) is a Latin Grammy-winning Spanish pop singer. He gained his initial fame as a runner up on the interactive reality television show Operación Triunfo produced by Television Española.

He has since released five studio albums, all of which topped the Spanish Albums Chart, in addition to recording a number of live albums. He's toured throughout Europe and Latin America and is now considered to be a crossover international artist. <a href=""https://www.last.fm/music/David+Bisbal"">Read more on Last.fm</a>",Spain
Celia Cruz,548189,4663664,"Celia Cruz (born as Úrsula Hilaria Celia de la Caridad Cruz Alfonso in La Habana, Cuba on 21 October 1925 – died 16 July 2003) was a Cuban-American and was one of the most successful salsa performers of the 20th century, having earned twenty-three gold albums. She was renowned internationally as the ""Queen of Salsa"" as well as ""La Guarachera de Cuba.

In 1950, Cruz made her first major breakthrough, after the lead singer of the La Sonora Matancera, a renowned Cuban orchestra, left the group and Cruz was called to fill in. <a href=""https://www.last.fm/music/Celia+Cruz"">Read more on Last.fm</a>",Cuba
Guaraná,13391,89903,biografia no encontrada,
La Fiesta,10217,72017,"There is more than one artist under this name:

1. La Fiesta is a cuarteto band from Córdoba, Argentina founded and fronted by Cristian Amato.

2. La Fiesta is four-member pop group from Spain. <a href=""https://www.last.fm/music/La+Fiesta"">Read more on Last.fm</a>",
Walter Olmos,14706,117745,biografia no encontrada,
Jimmy Gutierrez,5741,38702,biografia no encontrada,
Víctor Manuelle,88399,920346,"Víctor Manuelle ,born Víctor Manuel Ruiz on September 27, 1968 in New York, New York, is a successful Latin Grammy nominated Puerto Rican American salsa singer, songwriter, and improvisational sonero, known to his fans as El Sonero de la Juventud (""The Youth's Sonero""). He is identified primarily with salsa romantica or ""salsa monga"", but has also experimented with styles ranging from Colombian vallenato to urban reggaeton. Unlike other young salsa performers such as Marc Anthony <a href=""https://www.last.fm/music/+noredirect/V%C3%ADctor+Manuelle"">Read more on Last.fm</a>",Colombia
Tru La La,6111,65839,"Tru-la-lá es un conjunto de música bailable de cuarteto que inició su actividad el 17 de noviembre de 1984 tocando en el club Unión San Vicente en Córdoba (Argentina), de la mano de su creador Manolo Cánovas y desde el 2000 por su hijo Mauricio Cánovas. Esta banda se inscribe dentro de la cultura musical propia de la ciudad de Córdoba (Argentina) y que reconoce sus orígenes a mediados del Siglo XX.

En Tru-la-lá dieron sus primeros pasos dentro de la música varios artistas reconocidos como: ""Marito"" (Mario Gutiérrez) <a href=""https://www.last.fm/music/Tru+La+La"">Read more on Last.fm</a>",
Luis Fonsi,1294341,14854780,"Luis Alfonso Rodríguez López-Cepero, more commonly known as Luis Fonsi, (born April 15, 1978 in San Juan, Puerto Rico) is a Latin Grammy winning Puerto Rican singer, composer and soap opera actor.

Fonsi and his family moved to Orlando, Florida, during Fonsi's early childhood. Fonsi's childhood was relatively average for kids his age, beginning to dream about becoming a member of Menudo, arguably Latin America's most famous boy band in history, around the time he was ten years old. <a href=""https://www.last.fm/music/Luis+Fonsi"">Read more on Last.fm</a>",
Geno,2002,8434,"Geno is a g-funk artist from Chicago, IL. He released album Unknown Lifestyle vol. 1 in 1999. <a href=""https://www.last.fm/music/Geno"">Read more on Last.fm</a>",
Benny,142314,1139548,"There are multiple artist called Benny:

1. Benny the Butcher, a hip-hop artist from Buffalo, NY, currently signed to Griselda & Shady Records.
2. Benny Ibarra De Llano, a singer, musician, producer and actor from Mexico.
3. A Hip-Hop artist from Boston, MA.
4. A punk band from Boston, UK.
5. Benny Schnier, a German Schlager singer.
6. Resident DJ of Belgian clubs Kokorico & Balmoral
7. J-Pop Girlgroup

1. Benny (a.k.a Benny the Butcher, B.E.N.N.Y. <a href=""https://www.last.fm/music/Benny"">Read more on Last.fm</a>",Belgium
Laura Pausini,556418,21863514,"Laura Pausini is a five-time Grammy Award winning Italian singer, songwriter, producer and TV host. She is the most famous and successful Italian artist worldwide. Pausini is famed for her soulful voice and her romantic Latin pop and Pop ballads and love songs, although she has also dealt with other subjects such as poverty, war, and racism, among other social issues. She is fluent in several languages. Although she mainly sings in Spanish and Italian, she also sings in Portuguese, English, and French. <a href=""https://www.last.fm/music/Laura+Pausini"">Read more on Last.fm</a>",Italy
Chayanne,492021,6843008,"Chayanne (born June 29, 1969)is a Latin Pop singer who was born as Elmer Figueroa de Arce in San Lorenzo, Puerto Rico.

Figueroa began using the artistic name of ""Chayanne"" when he was a little kid. He auditioned for Menudo, but was told that at the time that he was too young for the group. He didn't give up and he heard that Titi Soto was trying to create a new group that would compete with Menudo, and so he went and tried out. He was chosen for the group and his meteoric rise to the top began. <a href=""https://www.last.fm/music/Chayanne"">Read more on Last.fm</a>",
Lucas Arnau,32094,249449,"A Colombian singer with the same style as Carlos Vives or ""Mauricio y palo de Agua"" was born in Medellin, Colombia and is 26-years-old .He discovered his career at the age of 20 in California when he was studying for film production. He has two albums, the first that has his name was released in the year 2003 and the 12 songs were composed by him. The second album was released in 2005 and is named ""Un poco más"". Lucas lyrics are inspired by the things he has lived and the world that surrounds him <a href=""https://www.last.fm/music/Lucas+Arnau"">Read more on Last.fm</a>",Colombia
Alejandro Fernández,330652,5850575,"Artista mexicano, hijo de Vicente Fernández. Excelente interprete de rancheras y musica melódica latina.
Comenzó interpretando temas con mariachi y música tradicional mexicana. Últimamente canta también música pop.

Alejandro Fernández (born April 24, 1971) is a popular Latin Grammy-winning Mexican singer nicknamed as ""El Potrillo"" (""The Little Colt"") by the media and his fans. ] Alejandro originally specialized in traditional, earthy forms of Mexican folk and country music, such as mariachi and ranchera. <a href=""https://www.last.fm/music/+noredirect/Alejandro+Fern%C3%A1ndez"">Read more on Last.fm</a>",Mexico
Miguel Bosé,319568,5959533,"Miguel Luchino González Bosé (born April 3, 1956) is a Latin Grammy-winning musician and actor from Spain. He is one of the biggest stars in the Spanish speaking world mainstream, both in Spain and Latin America, and a well-known actor in French cinema as well.

Bosé was born in San Fernando Hospital in Panama City, Panama, the son of the famous Italian actress Lucia Bosé and the legendary bullfighter Luis Miguel González Lucas. He is also cousin of Carmen Ordóñez. His Godfather was Luchino Visconti. <a href=""https://www.last.fm/music/+noredirect/Miguel+Bos%C3%A9"">Read more on Last.fm</a>",France
Sebastian,659970,10597882,"1) SebastiAn (born Sebastian Akchoté) is a French electro house artist whose reputation started with his first releases on Ed Banger Records in 2005 entitled 'Smoking Kills' & 'H.A.L.'. A string of remixes followed including Annie, Daft Punk, Cut Copy, Revl9n & label-mate Uffie. Summer 2006 saw the release of the Ross Ross Ross EP, as well as a remix for Kelis. His remix of Kavinsky's Testarossa Autodrive, titled Testarossa (SebastiAn Remix), is featured in the video game GTA IV. <a href=""https://www.last.fm/music/Sebastian"">Read more on Last.fm</a>",France
Marc Anthony,784583,10351010,"Marco Antonio Muñiz (born September 16, 1964), better known by his stage name Marc Anthony.
 A New Yorker born and raised, the product of a music-loving Puerto Rican family, his parents named him Marco Antonio Muñíz in honor of the great Mexican balladeer of the same name. 
Born Marco Antonio Muñiz September 16, 1964 (age 52)
New York City, New York, U.S.
Nationality American Puerto Rican
Occupation Singer songwriter actor record producer television producer <a href=""https://www.last.fm/music/Marc+Anthony"">Read more on Last.fm</a>",Mexico
Kema,9936,66744,"There are at least three artists called Kema.

1. Kema is a Chilean Nü/Alternative Metal - http://kemachile.bandcamp.com/ https://www.facebook.com/like.kema/

2. Kema is a French Hip-Hop artist.

3. Kema is an independent noise artist. His releases can be found on the Glowing Fingers label: http://glowingfingers.blogspot.com/  <a href=""https://www.last.fm/music/Kema"">Read more on Last.fm</a>",Chile
Monica Naranjo,101979,1798106,"This is a wrong tag for Mónica Naranjo, please fix your tags.







Monica Naranjo Carrasco (born May 23, 1974 in Figueras, a village in Catalonia near Cadaques, Spain) - one of the most popular Spanish female singer.
She started singing at a very young age. Cristobal Sansano became her first producer. After signing with Sony Music, she recorded her debut album Mónica Naranjo in 1994, resulting in the hit songs ""Sola"", ""El amor coloca"" or ""Oyeme"". <a href=""https://www.last.fm/music/+noredirect/Monica+Naranjo"">Read more on Last.fm</a>",Spain
Sin Bandera,370391,6163180,"Sin Bandera was formed spontaneously: Leonel García (from Mexico) had the idea to be soloist, he showed talent on guitar and voice, but his project never took off with the record companies. At the same time, Noel Schajris (from Argentina) was preparing a solo album after making his debut in 1999. Both being musicians, composers and singers, they discovered the ideal formula to unite their talents and personalities in 2000. 

Noel Schajris was born in 1974 in Buenos Aires, Argentina. <a href=""https://www.last.fm/music/Sin+Bandera"">Read more on Last.fm</a>",
Miranda!,352623,17677212,"Miranda! is an Argentinean electropop band formed in 2002.
Band members include Alejandro Sergi (vocals), Juliana Gattas (vocals), Lolo Fuentes (guitar) and Bruno de Vicenti(programming, who later on left the band. Now they are also performing with Monoto, the new bassist.

The History of Miranda! begins in 2002, when Alejandro Sergi decided to join Juliana Gattas, Lolo Fuentes and Bruno de Vicentis and start a ""techno pop"" music band, though they were classified as a rock band. <a href=""https://www.last.fm/music/Miranda%21"">Read more on Last.fm</a>",
Pepe Aguilar,197449,2466529,"Podríamos decir que Pepe Aguilar no tuvo otra opción que convertirse en artista, y que como artista no tuvo otra elección que convertirse en cantante. No es coincidencia que en varias ocasiones la herencia, el talento y el linaje se hayan entrelazado con Pepe Aguilar, ganador de un Grammy Americano (NARAS) en el 2000 por su producción “Por una mujer bonita”, Pepe es considerado la voz de la nueva generación de la música mexicana,  siendo <a href=""https://www.last.fm/music/Pepe+Aguilar"">Read more on Last.fm</a>",
Yahir,74611,538269,"Yahir Othón Parra, commonly known as Yahir, is a Mexican singer and actor from Hermosillo, Sonora, Mexico. He began his career as one of the participants in the music reality show ""La Academia"" in 2002 and in addition to Yuridia, also from Hermosillo, is one of the most popular stars to come from the show.

His first hit single was a cover of Italian singer Tiziano Ferro's biggest hit in Mexico, ""Alucinado"", taken from his first album ""Yahir"" in 2003. <a href=""https://www.last.fm/music/Yahir"">Read more on Last.fm</a>",Italy
Nek,256286,4372573,"1. Filippo Neviani (born 6 January 1972), known by his stage name Nek, is an Italian singer-songwriter and musician. Nek is popular in Italy and throughout the Spanish-speaking world, and has performed and released most of his albums in both Italian and Spanish.

Nek first gained international success in 1997, when he took part in the Sanremo Music Festival in the Big Artists section, and although he didn't win, the song ""Laura non c'è"" (in Spanish: <a href=""https://www.last.fm/music/Nek"">Read more on Last.fm</a>",Italy
Francisco Céspedes,36217,430640,"Cuban-born singer/songwriter Francisco Céspedes left his physician career to get involved in popular music. The talented artist decided to stay in Mexico while visiting the country along with the Cuban Modern Music Orquestra. In 1992, Luis Miguel recorded his songs ""Pensar En Ti,"" featured on his album Aries, and ""Que Tu Te Vas,"" on Nada Es Igual, which were good enough to captivate the attention of Warner Music. In 1997, Francisco Céspedes participated in Viña del Mar Festival <a href=""https://www.last.fm/music/+noredirect/Francisco+C%C3%A9spedes"">Read more on Last.fm</a>",Cuba
Tiziano Ferro,359228,9302512,"Tiziano Ferro (born 21 February 1980 in Latina, Italy) is an Italian latin pop singer. He also records Spanish versions of his Italian albums and has had notable success in Europe and Latin America, Ferro has sold more than 7 million albums worldwide. He is one of the most famous contemporary Italian musicians. His music is basically pop, with influences of rock, r&b and hip-hop or other music styles.

His 2001's debut album, Rosso Relativo was characterized <a href=""https://www.last.fm/music/Tiziano+Ferro"">Read more on Last.fm</a>",Italy
La-33,30620,253446,"La 33 is a Salsa Group from Bogota, Colombia. The Name refers on a name of a street in Bogota, where the band is located. The Group members are:

Sergio Mejía, Santiago Mejía, Guillermo Celis, David Cantillo, Diego Sánchez, Cipriano Rojas, Juan David Fernández, Roland Nieto, Felipe Cárdenas, Vladimir Romero, Jóse Miguel Vega

The website of the band www.la-33.com <a href=""https://www.last.fm/music/La-33"">Read more on Last.fm</a>",
RBD,501050,41945981,"RBD (abbreviation for ""ReBelDe"", English: Rebel) was a Latin pop group formed in Mexico. The lineup was composed of Alfonso Herrera, Anahí, Christian Chávez, Christopher Von Uckermann, Dulce María and Maite Perroni.

Their discography composed of six studio albums, Rebelde (2004), Nuestro Amor (2005), Celestial (2006), Rebels (2006), Empezar Desde Cero (2007) and Para Olvidarte de Mí (2009), three albums with Portuguese versions, three live albums and five DVDs, having sold over 50 million copies. <a href=""https://www.last.fm/music/RBD"">Read more on Last.fm</a>",Portugal
La Barra,7998,127786," <a href=""https://www.last.fm/music/La+Barra"">Read more on Last.fm</a>",
Julio Iglesias,422127,7337544,"Julio José Iglesias de la Cueva (born September 23, 1943 in Madrid, Spain) is Spain's best selling singer and the best-selling Spanish language singer of all time. Julio Iglesias has sold over 250,000,000 records in different languages and released 77 records. He thus far has performed approximately 5,000 concerts during his career.

Early career to 1978
Julio was the son of Julio Iglesias Sr, a doctor. He was a professional football player with Real Madrid, where he played as goalkeeper. <a href=""https://www.last.fm/music/Julio+Iglesias"">Read more on Last.fm</a>",Spain
Alejandro Sanz,655958,13965693,"Alejandro Sanz, born Alejandro Sánchez Pizarro on December 18, 1968 in Madrid, is an Award winning, Spanish pop/ballad musician and singer-songwriter who has won a record 17 Latin Grammys, more than any other Spanish musician in history. He has sold more than 25 million albums worldwide.

Alejandro Sanz is the second son of María Pizarro Medina from Alcalá de los Gazules, and Jesús Sánchez Madero from Algeciras, Spain. He began playing guitar at the age of seven and composing his first songs three years later. <a href=""https://www.last.fm/music/Alejandro+Sanz"">Read more on Last.fm</a>",Spain
Ricardo Arjona,389827,9722283,"Edgar Ricardo Arjona Morales, (born 19 January 1964, Jocotenango, Guatemala), known as Ricardo Arjona (pronounced /aɾ'xona/), is a popular Guatemalan singer. He has won two Grammy Awards from three nominations: The 2007 Grammy for Best Latin Pop Album and the 2006 Latin Grammy for Best Male Pop Vocal Album, both for his album Adentro, (2005).

History

Ricardo was born in the village of Jocotenango, near Antigua, Guatemala to Ricardo Arjona Moscoso and Noemí Morales de Arjona. <a href=""https://www.last.fm/music/Ricardo+Arjona"">Read more on Last.fm</a>",
La Quinta Estacion,240699,3196557,"La 5a Estacion is group of three Spaniards that left their native country and moved to Mexico to pursue a Musical career. Their first hit was ""Donde Iran?"" a pop rock tune featured on the Mexican Soap opera ""Clase 406."" Their first album is titled ""Primera Toma."" This first album was immediately followed by ""Flores De Alquiler"" that featured hits such as ""El Sol No Regresa,"" ""Daria,"" ""Algo Mas,"" and ""Nina."" this album also had a cover track in tribute to Hombres G titled ""Si Yo Fuera Mujer. <a href=""https://www.last.fm/music/+noredirect/La+Quinta+Estacion"">Read more on Last.fm</a>",Mexico
Issac Delgado,32820,243388,"Issac Delgado is a Cuban salsa artist. Born in 1962 in Mariano, Havana, he began his professional career in 1983, becoming part of the Orquestra de Pancho Alonso; he travelled with the orchestra and in 1987 became the vocalist for Galaxia.

Born: Sept. 11, 1962

Trivia: Delgado spells his first name 'Issac' rather than 'Isaac' because at one time a promoter suggested that if it were spelled with the second 's' backwards, it would form an inspiring heart. <a href=""https://www.last.fm/music/Issac+Delgado"">Read more on Last.fm</a>",Cuba
Gloria Trevi,271627,5161042,"Gloria de los Ángeles Treviño Ruiz, known as Gloria Trevi is a Mexican singer, songwriter, dancer, actress, television hostess, music video director and businesswoman known as ""The Supreme Diva of Mexican Pop"". <a href=""https://www.last.fm/music/Gloria+Trevi"">Read more on Last.fm</a>",Mexico
Grupo Aliados,74,277,biografia no encontrada,
Latin Dreams,14904,88077,biografia no encontrada,
Michael Bublé,3344773,84561046,"Michael Steven Bublé (born September 9, 1975) is a Canadian singer and songwriter known for his interpretations of traditional pop standards and his contributions to reviving interest in the Great American Songbook. He has sold over 75 million records globally and received numerous accolades, including five Grammy Awards and fifteen Juno Awards.

Bublé's self-titled debut album was released in 2003 and reached the top ten in Canada and the United Kingdom. <a href=""https://www.last.fm/music/+noredirect/Michael+Bubl%C3%A9"">Read more on Last.fm</a>",Canada
Cristian Castro,237830,4020578,"Cristian Castro (born Cristian Sáenz Castro on December 8th, 1974 in Mexico City) is a Grammy Award-nominated Mexican pop singer, songwriter and actor. He is sometimes simply known as Cristian or ""el Gallito Feliz"" (Spanish: ""The Happy Little Rooster""). He is also the lead singer of Mexican heavy metal band La Esfinge (under the pseudonym ""Lügh Draculea""), formed in 2014 along with ex-Maná and ex-Jaguares guitarist César ""Vampiro"" López.

Castro added the ""h"" to his first name for the release of his successful album <a href=""https://www.last.fm/music/Cristian+Castro"">Read more on Last.fm</a>",Mexico
Huey Dunbar,30873,166592,"Huey Dunbar, was born on May 15, 1974. Born in New York City from a Puerto Rican mother and a Jamaican father, Huey grew up all over New York; Harlem, Washington Heights, Queens, The Bronx and even spent a few years of his childhood living in Lares, Puerto Rico. From when he was a baby, beginning to discover the gift of song, his mother motivated him to sing and was instrumental in helping him to develop a profound love for his Puerto Rican roots. <a href=""https://www.last.fm/music/Huey+Dunbar"">Read more on Last.fm</a>",Jamaica
Carlos Vives,606420,7994870,"Before he graduated from Jorge Tadeo Lozano's University with a publicist degree, singer Carlos Vives joined different bands and participated in several plays. In 1982, the artist got a role in the Colombian TV series Tiempo Sin Huella, starting his successful acting career, later extending his professional skills to the Puerto Rican television.

After participating in some teen programs as a singer/actor, he got the main role in the telenovela (soap opera) ""Gallito Ramírez,"" which made him a famous actor. <a href=""https://www.last.fm/music/Carlos+Vives"">Read more on Last.fm</a>",Colombia
Los Chaque's,719,9484,biografia no encontrada,
Raul Paz,62542,356918,"Raul Paz was born in 1969 in Pinar del Rio, Cuba.  He left Cuba in 1996, travelled in South America, and eventually arrived in France, where he studied classical music at the Conservatoire de Paris and learned the violin, singing, harmony and conducting.

Soon, at Paris clubs, such as the New Morning, Hot Brass, Bataclan, and Elysée Montmartre, he was sharing the spotlight with other Afro-Cuban musician passing through the city.  As member of the Latino and African musical community based in France <a href=""https://www.last.fm/music/Raul+Paz"">Read more on Last.fm</a>",
David Calzado Y Su Charanga Habanera,20680,259748,"
    La Charanga Habanera y David Calzado Biography: • Sergio David Calzado was born in Havana, in 1959 and began studying classic violin when he was eleven years old. Music was already rooted in his family environment since he is Sergio Calzado`s son, the prominent singer who is well-known for his performance with the ""Fajardo y sus Estrellas"" group. David Calzado studied this instrument at the National School of Art in Cuba for nine years. He <a href=""https://www.last.fm/music/David+Calzado+Y+Su+Charanga+Habanera"">Read more on Last.fm</a>",
Rey Ruiz,128766,842105,"Rey Ruiz (born June 21, 1966 in Havana, Cuba) is a well known salsa singer from Cuba. Ruiz reached international fame across Latin America, Europe and among Hispanic music fans in the United States.Rey Ruiz demonstrated an interest in becoming a salsa singer since he was a small child. Aside from an apparently normal childhood, Ruiz made his debut as a performer at a very young age; he was often showcased on Cuban television as a child, singing typical children's songs. <a href=""https://www.last.fm/music/Rey+Ruiz"">Read more on Last.fm</a>",Cuba
Alejandro Parreño,1747,18675,biografia no encontrada,
Los Originales De San Juan,46273,346871,"The famous corrido norteño group Los Original San Juan came to the United States Latino radio with the song ""I Hope I Range Life"", the first to promote his new album ""May the REACH ME LIFE"", which is now on sale.

 ""I Hope I Range Life"" is one of the successes that contains this new album the group led by Jesus (Chuy) Chavez. ""Hopefully REACH ME LIFE"" contains ten tracks written for the popular Mexican composers Francisco Quintero, Fidencio Ayala and lead singer of The Originals, Chuy Chavez. <a href=""https://www.last.fm/music/Los+Originales+De+San+Juan"">Read more on Last.fm</a>",Mexico
Alejandra Guzman,176697,2210181,"Please fix your tags with Alejandra Guzmán.

Alejandra Guzman (born February 9, 1968) is a Mexican rock/pop singer and actress, the daughter of Mexican actress Silvia Pinal and Venezuelan-born rock and roll singer Enrique Guzman. Alejandra Guzman is sometimes called ""La Reina del Rock."" After traveling with her mother's theater troupe, Guzman recorded her debut album ""Bye Mama"" after deciding she wanted to focus on singing. The song of the same name <a href=""https://www.last.fm/music/+noredirect/Alejandra+Guzman"">Read more on Last.fm</a>",Mexico
Jeremías,6239,55390,"Carlos Eduardo López Avila (born September 19, 1973 in London, United Kingdom), better known under his stage name Jeremías, is a British-Venezuelan singer-songwriter of Venezuelan parents.

He moved to Venezuela at the age of 2, although he still maintains a British passport. Encouraged musically from an early age, he began writing songs at age 8, and at age 11 took the name Jeremías. He later signed with the record label Universal, in 2000 several Venezuelan record companies were interested in his project and after some failed attempts <a href=""https://www.last.fm/music/+noredirect/Jerem%C3%ADas"">Read more on Last.fm</a>",United Kingdom
Juanes,1162338,20703607,"Juan Esteban Aristizábal Vásquez (born August 9, 1972), best known as Juanes, is a rock musician from Medellín, Colombia. When he was younger, his father started calling him Juanes, rather than Juan, a contraction of his two first names Juan and Esteban. As his friends grew to know him by this name, he chose to keep it for his musical career, which started when he, Andrés García, Fernando ""Toby"" Tobón and José David Lopera, formed the rock band Ekhymosis in 1988. <a href=""https://www.last.fm/music/Juanes"">Read more on Last.fm</a>",
Murga Contrafarsa,434,6806,biografia no encontrada,
Plastilina Mosh,225605,4414920,"Plastilina Mosh is a Mexican alternative rock group from Monterrey, México. The band was formed in 1996 by Jonás Gonzalez and Alejandro Rosso. They met in Monterrey while playing Super Nintendo. The band has achieved, since the release of their 1997 single-debut 'Niño Bomba', both critical and commercial success. The group often mixes several music styles while often switching between English, Spanish and several other languages in the same song. <a href=""https://www.last.fm/music/Plastilina+Mosh"">Read more on Last.fm</a>",Mexico
Tommy Torres,73796,750224,"Tommy Torres is a Latin Grammy Award winning producer, singer and songwriter from Puerto Rico. Named as the #1 Hot Latin Tracks producer of 2007 by Billboard Magazine, Torres has written and produced songs for many artists such as Ricardo Arjona, Ednita Nazario, Jaci Velásquez, and Ricky Martin.

Born in Santurce, Puerto Rico, Torres learned to play the violin and keyboards at a young age. He started composing when he was in high school. He then <a href=""https://www.last.fm/music/Tommy+Torres"">Read more on Last.fm</a>",
Danni Ubeda,1884,15193," <a href=""https://www.last.fm/music/+noredirect/Danni+Ubeda"">Read more on Last.fm</a>",
Shalim,6881,29311,"Shalim Gerardo Ortiz Goyco (born February 26, 1979 in San Juan, Puerto Rico), is a singer/actor. He is the eldest son of famous Puerto Rican entertainer Elin Ortiz and his wife, the legendary Dominican singer across Latin America, Charytin Goyco.  <a href=""https://www.last.fm/music/Shalim"">Read more on Last.fm</a>",
Nika,13429,103769,"1. Nika (Mónica Rodríguez) - spanish singer-songwriter.
2. Nika (Dominika Domczyk) - vocalist of polish punk rock band Post Regiment
3. Nika - dutch dubstep DJ
4. Nika - finnish r&b singer
5. Nika (Mónika Veres) - Hungarian singer, vocalist
6. Nika - Estonian pop singer 
7. NIKA (니카) - Korean-German singer, formerly known as Monika (모니카). <a href=""https://www.last.fm/music/Nika"">Read more on Last.fm</a>",Netherlands
Lorena,17584,189660,"There are more than one female artist named LORENA:

1 - Lorena Gomez Pérez (born April 12 1986) is a Spanish pop-soul singer, known artistically as ""Lorena""

Lorena was the winner of the 2006 edition / fifth series of Spanish talent show, Operación Triunfo. The program consisted a similar format to reality TV shows like the X-Factor and American Idol. From the very start, Lorena was considered a strong favorite to win, impressing judges and audiences alike with her jaw-dropping renditions of ""I Surrender"" (Celine Dion) <a href=""https://www.last.fm/music/Lorena"">Read more on Last.fm</a>",United States
Patricia Manterola,19916,124238,"Singer, actress and host, Patricia Manterola is one of the most recognized Mexican stars among Latinos in the United States.

At an early age she showed a strong inclination towards the world of music and entertainment, earning a place in the musical “Annie” at 8 years old. In 1989, she was part of the music sensation pop group “Garibaldi.” After the success of the group throughout Latin America, the United States and Europe, Patricia launched her solo career with her first album ""Hambre de Amor. <a href=""https://www.last.fm/music/Patricia+Manterola"">Read more on Last.fm</a>",Mexico
Grupo Exterminador,62441,504018,"Hablar del GRUPO EXTERMINADOR es hablar de originalidad, perseverancia, trayectoria, versatilidad y una pieza clave dentro del género del corrido norteño en Estados Unidos y México

A los 9 años, JUAN CORONA vocalista del grupo, se presentaría en publico por primera vez y gano por el estado de Guanajuato, en un concurso infantil, que se llevo a cabo a nivel nacional donde solo el 1 er lugar de cada estado participaría en la cuidad de México, en Televisa, de ahí JUAN ya sabia el sueño que quería alcanzar con el resto de sus hermanos <a href=""https://www.last.fm/music/Grupo+Exterminador"">Read more on Last.fm</a>",
Sabroso,11549,119500,biografia no encontrada,
Los Cachorros De Juan Villarreal,11147,95971,biografia no encontrada,
Natiruts,493615,16384113,"Natiruts are a popular reggae band formed in Brasília, Brazil in 1996. Alexandre Carlo invited his soccer friends from Brasilia city in order to begin a new band in Brazil's capital. They are Luis Mauricio (bass) and Bruno Dourado (percussion). Later, the group 'enlisted' some new members: Izabella Rocha (backing vocals) and Kiko Peres (solo electric guitar). The first album (Nativus) was released in 1997.

On the following albums (Verbalize - 2001 and Quatro - 2002) Tonho Gebara participated (solo electric guitar). <a href=""https://www.last.fm/music/Natiruts"">Read more on Last.fm</a>",
Sidney Crooks,2041,4453,biografia no encontrada,
Maskavo,132327,1303007,"Maskavo is a brazilian reggae band formed in 2000. The group is a union of other three reggae band: Maskavo Roots, Leões de Judah and Os The Everaldos. BAND MEMBERS: Marceleza - vocals,
Bruno Prieto - bass and vocals, Prata - guitar, Naná - drums <a href=""https://www.last.fm/music/Maskavo"">Read more on Last.fm</a>",Brazil
Justin Hinds,37386,174965,"Justin Hinds (May 7, 1942 - March 16, 2005) is best known as a Jamaican ska vocalist, with his backing singers the Dominoes. He is best known for his work with Duke Reid's Treasure Isle Records, where his most notable song, ""Carry Go Bring Come"" recorded in late 1963, went to number one in Jamaica. He recorded seventy singles between 1964 and 1966, and was the most popular artist on the record label.
Hinds died of lung cancer in March, 2005, at the age of 62. <a href=""https://www.last.fm/music/Justin+Hinds"">Read more on Last.fm</a>",Jamaica
Cordel Burrell,524,1374,biografia no encontrada,
Dobby Dobson,22137,78534,"Legendary singer Dobby Dobson, born Highland Ralph Dobson, began singing in the early 1950s. Though his career started in his native home, Jamaica he is now renowned worldwide. He has appeared all over the Caribbean, South, Central and North Americas, Canada and The United Kingdom. This talented performer has become famous for his stirring performances that always leave the audience begging for more and make the ladies scream with delight. Dobby’s talents knows no boundaries <a href=""https://www.last.fm/music/Dobby+Dobson"">Read more on Last.fm</a>",
Bob Andy,120880,643432,"Bob Andy CD (born Keith Anderson in Kingston, Jamaica, on 28 October 1944; died 27 March 2020) was a Jamaican reggae musician widely regarded as one of reggae's most influential songwriters. As well as solo recordings, he was a founding member of The Paragons and was in Bob & Marcia.

He emerged as a solo star in 1966 with the smash hit ""I've Got to Go Back Home"", a song which has become a much-loved anthem for Jamaicans. He had served his singing and songwriting apprenticeship with the legendary vocal group THE PARAGONS <a href=""https://www.last.fm/music/Bob+Andy"">Read more on Last.fm</a>",Jamaica
Ben Harper,1549835,30776136,"Ben Harper (born in Pomona, CA, on 28 October 1969) is an American  Grammy-winning singer and songwriter. As well as solo albums, he has recorded as Ben Harper and Tom Freund, Ben Harper & The Innocent Criminals, Ben Harper And The Blind Boys Of Alabama, Ben Harper and Relentless7, Ben Harper & Charlie Musselwhite, and Ben & Ellen Harper. 

Harper grew up listening to blues, folk, soul, RnB, and reggae. Harper's blend of groove-laden funky soul and <a href=""https://www.last.fm/music/Ben+Harper"">Read more on Last.fm</a>",United States
Phyllis Dillon,141617,1193285,"Phyllis Dillon (27 December 1944 — 15 April 2004) was a Jamaican ska and reggae singer who recorded for Duke Reid's lucrative Treasure Isle record label in the late 1960s and early 1970s.

Dillon was born in 1944 in Linstead, St. Catherine, Jamaica.[1] Influenced by American singers Connie Francis, Patti Page and Dionne Warwick, she began singing in talent contests. It was during a performance at the Glass Bucket Club in Kingston, Jamaica with the group The Vulcans, that Duke Reid's session guitarist Lynn Taitt discovered Dillon.[1] <a href=""https://www.last.fm/music/Phyllis+Dillon"">Read more on Last.fm</a>",Jamaica
Less Than Jake,858718,33816646,"Less Than Jake is a ska punk band formed in 1992 in Gainesville, USA. Their current line-up consists of Chris DeMakes (vocals, guitar), Roger Lima (vocals, bass), Matt Yonker (drums), Buddy Schaub (trombone) and Peter ""JR"" Wasilewski (saxophone).

The band's name derives from a dog Vinnie had while growing up, which was treated better than the rest of the family. It's also a reference to the phrase ""everything is jake,"" which is an old phrase meaning everything is cool. <a href=""https://www.last.fm/music/Less+Than+Jake"">Read more on Last.fm</a>",
Salon Victoria,32448,452896,biografia no encontrada,
The Uniques,83566,451215,"The Uniques is the name of more than one band:
1) Jamaican rocksteady 2) 60s US garage band 3) Doo Wop 4) Slovak electroclash

1)  The Uniques were a Jamaican rocksteady and reggae vocal group, formed in 1966 and active with varying line-ups until the late 1970s.
The Uniques originally formed as a vocal harmony trio of Roy Shirley, Slim Smith, and Franklyn White, (the latter two from The Techniques) releasing a few singles in 1966 including the R&B influenced ""Do Me Good"" for Ken Lack's (Keith Calneck) Caltone imprint. <a href=""https://www.last.fm/music/The+Uniques"">Read more on Last.fm</a>",Jamaica
Daniela Mercury,183484,3280924,"Daniela Mercuri de Almeida Verçosa (born July 28, 1965 in Salvador, Bahia, Brazil), best known as Daniela Mercury, is a Brazilian axé, samba-reggae and MPB singer, songwriter, dancer, actress, entrepeneur, producer, poet, philanthropist and activist for LGBTQ+ rights. For her pioneering of the axé genre, she is also known as the ""Queen of Axé.""

Since her breakthrough, Mercury has become one of the best known Brazilian female singers, selling over 20 million albums worldwide. <a href=""https://www.last.fm/music/Daniela+Mercury"">Read more on Last.fm</a>",Brazil
Jimmy Cliff,929041,8388840,"Jimmy Cliff OM (Jamaican Order of Merit) born as James Chambers (1 April 1948, St. Catherine, Jamaica) is a Jamaican reggae musician. He is best known among mainstream audiences for songs like ""Sittin' in Limbo"", ""You Can Get It If You Really Want,"" ""Many Rivers to Cross"" and the title track from The Harder They Come, a film soundtrack which helped popularise reggae across the world.

Cliff moved to Kingston in 1962. After he released two singles that failed to make much of an impression <a href=""https://www.last.fm/music/Jimmy+Cliff"">Read more on Last.fm</a>",Jamaica
Lil Jon & The East Side Boyz,904536,5760936,"Smith took the stage name Lil Jon and formed musical group Lil Jon & the East Side Boyz with rappers Big Sam (born Sammie Dernard Norris) and Lil' Bo (born Wendell Maurice Neal). The group signed to the Atlanta-based Mirror Image Records and were distributed by Ichiban Records. In 1997, Lil Jon & the East Side Boyz debuted with Get Crunk, Who U Wit: Da Album. It included singles ""Who U Wit?"" and ""Shawty Freak a Lil' Sumthin'"", the latter of which came out in 1998. <a href=""https://www.last.fm/music/Lil+Jon+&+The+East+Side+Boyz"">Read more on Last.fm</a>",
Inspector,133233,2258621,"There are 2 bands with this name:

1. Mexican ska revival ensemble Inspector comprises singer Javier Sánchez aka Big Javi, drummer David Martínez aka Tribi, bassist Arnoldo Ortega aka Lolo, sax players Jaime González aka Jimmy and Jesús Arriaga aka Padrino, guitarist Alejandro Ortega aka Güero, keyboardist Homero Ontiveros aka Marango and trumpeter Jesús Lemo. The band debuted in 1995 with the independently produced Misión Ska, featuring five original songs. <a href=""https://www.last.fm/music/Inspector"">Read more on Last.fm</a>",Mexico
Chiclete Com Banana,136991,1819795,"Chiclete com Banana is an Axé music band consisting of Bell Marques, Wadinho Marques, Rey, Waltinho Cruz and Deny. They released their first album, called ""Traz os montes"", in 1982.

Nowadays, they are one of the most successful axé music bands in Brazil. Their abadás are the most expensive on Salvador Carnival. They usually have anywhere from 200.000 to 500.000 people walking along their sound truck Trio Elétrico as it is known. <a href=""https://www.last.fm/music/Chiclete+Com+Banana"">Read more on Last.fm</a>",
Fishbone,247832,3009233,"Fishbone is an American rock band formed in 1979 in Los Angeles, California, which plays a fusion of ska, punk, funk, heavy metal, reggae, and soul. AllMusic has described the group as ""one of the most distinctive and eclectic alternative rock bands of the late '80s. With their hyperactive, self-conscious diversity, goofy sense of humor, and sharp social commentary, the group gained a sizable cult following yet they were never able to earn a mainstream audience."" <a href=""https://www.last.fm/music/Fishbone"">Read more on Last.fm</a>",United States
Horace Andy,333982,3485513,"Horace Andy, or Horace Hinds ( ⋆ 19 Feb 1951 in  Kingston, Jamaica) is legendary reggae  artist and roots reggae singer and songwriter. He is also Rastafarian. His first single, ""This is a Black Man's Country,"" was released 1967 Andy is one of the most respected and influential singers in Jamaica, known for his distinctive falsetto vocal style and songs as Skylarking, Government Land, Angel, Five Man Army and for his work with English Massive Attack. <a href=""https://www.last.fm/music/Horace+Andy"">Read more on Last.fm</a>",
Patrice,389726,7691370,"Patrice (Patrice Bart-Williams) is an Afro-German reggae artist. His music is influenced by Jimi Hendrix and Bob Marley.
Effortlessly combining folk, reggae, soul and blues, the singer/songwriter/guitarist , Patrice, exploded onto the music scene with his phenomenal testimonial debut Lions E.P in 1999 aged just 18. With the deep lyrical content and social conscience resonating within his work, Patrice alludes to his late father (a Sierra Leonian political activist and poet) and Bob Marley as the greatest influences on his music. <a href=""https://www.last.fm/music/Patrice"">Read more on Last.fm</a>",
Betagarri,33294,468151,"Betagarri is a basque skaband from Vitoria-Gasteiz. Their sound seems to be a mix of ska, reggae and rock but are also influenced by latin and punk. Most texts are written and sung in basque language and largely deal with social- and globalisation critical issues. 

Betagarri consists of eight musicans who are Iñaki Ortiz de Villalba (voice), Aitor Ruiz de Arbulo (guitar) and Pablo Rodríguez (bass) who are the only remaining founder members from 1992 and Iker Uriarte (drumset) <a href=""https://www.last.fm/music/Betagarri"">Read more on Last.fm</a>",
Los Auténticos Decadentes,247206,4635288,"Los Auténticos Decadentes (Spanish for ""The Authentic Decadents"") is an Argentine band that mixes ska with Latin American rhythms. The band was formed around 1986 by Cucho and Nito, who invited Gastón to join them.

Their first hit was Veni Raquel, which set the tone for their later lyrics' irreverence and ironic humor. Many of their songs are classic anthems of Argentinian nightlife, such as Corazón, Loco (Tu Forma de Ser), Entregá el Marrón, La Guitarra, Los Piratas, and El Murguero. <a href=""https://www.last.fm/music/+noredirect/Los+Aut%C3%A9nticos+Decadentes"">Read more on Last.fm</a>",Argentina
Seeed,542318,16391290,"Seeed, formed in 1998 in Berlin, Germany, plays  dancehall,  reggae, and hip hop. 

The group currently consists of 10 people:
Enuff aka Peter Fox aka Pierre Baigorry (vocals)
Eased aka Dellé aka Frank A. Dellé (vocals)
Alfi Trowers (percussions)
Based (drums)
Moritz Delgado (sax)
DJ Luke (DJ) - (since 2005)
Jerome ""Tchamp"" Bugnon (trombone)
""Dubmaster"" Reibold (keyboard)
""Rudeboy"" Rudy (guitar)
Tobsen Cordes (bass)

Former members:
Ear aka Boundzound aka Demba Nabé (vocals) - (1998-2018, deceased) <a href=""https://www.last.fm/music/Seeed"">Read more on Last.fm</a>",
La Mosca,75882,464821,"Si bien la formación actual del grupo se consolida en marzo de 1995, la historia de la banda se remonta a comienzos de los noventa con ""La Reggae & Roll Band"", quienes hacían covers y algunos temas propios en la zona de Ramallo. Simultáneamente existían otras bandas entre las que se destacaba ""Damas gratis"" liderada por Guillermo Novellis.
Tras la disolución de ""Damas gratis"", Fernando Castro, que era el baterista y uno de los fundadores (de La Reggae)  <a href=""https://www.last.fm/music/+noredirect/La+Mosca"">Read more on Last.fm</a>",
Busta Rhymes,2108448,26483535,"Trevor George Smith Jr. (born May 20, 1972 in Brooklyn, New York), better known by his stage name Busta Rhymes, is an American rapper and actor signed to Universal Motown. He began his rap career in the group Leaders of the New School, and had his breakout moment when they featured on A Tribe Called Quest's hit, Scenario. Busta then released his debut album, The Coming, in 1996. He has since released 1997's When Disaster Strikes, 1998's E.L.E. (Extinction Level Event): The Final World Front <a href=""https://www.last.fm/music/Busta+Rhymes"">Read more on Last.fm</a>",United States
Ara Ketu,78787,676060,"The band Ara Ketu derived from the Carnival bloco of the same name and was founded in 1980. Before reaching success in Brazil, they became popular in Europe with an entertaining mix of Afro-Bahian percussive grooves with electronic paraphernalia and performing in colorful outfits. The group also added a vocalist (Tatau) and a horn section, counting up to 12 members. Since its beginning, the group developed a work of research on traditional African music keeping in perspective Brazilian and international pop music... <a href=""https://www.last.fm/music/Ara+Ketu"">Read more on Last.fm</a>",Brazil
The Specials,1109937,19418769,"The Specials is an English “2 Tone” ska revival band  formed in 1977 in Coventry, Warwickshire. Their music combines a danceable ska beat with punk’s energy, underpinned by an informed political and social stance. 

The group was formed by songwriter/keyboardist Jerry Dammers, with Terry Hall (vocals), Lynval Golding (guitar, vocals) and a rhythm section featuring Horace Panter (bass) and John Bradbury (drums; born 16 February 1953, died 28 December 2015). <a href=""https://www.last.fm/music/The+Specials"">Read more on Last.fm</a>",
Mikey Dread,112886,849205,"Michael Campbell (1954-2008), better known as Mikey Dread, was a multi-talented Jamaican singer, producer, and broadcaster. During his long career, he brought dub music to the cultural fore in not only Jamaica but internationally, courageously fused dub with punk via work with The Clash, spread a global message of racial unity, and played a seminal role as a forefather of the now popular and very commercial dancehall and even reggaeton styles with popular dub cuts like Roots and Culture.  <a href=""https://www.last.fm/music/Mikey+Dread"">Read more on Last.fm</a>",Jamaica
Slightly Stoopid,836799,18601421,"While it’s a rare commodity for a band to tour as consistently as Slightly Stoopid, the group’s diligent commitment to live music provides some insight into their loyal fan base and unique creative metamorphosis throughout their extensive existence. Though it's been a couple of years since the release of their last studio album, Top Of The World (August 14, 2012), the Ocean Beach, California-based group—led by co-founders and multi-instrumentalists <a href=""https://www.last.fm/music/Slightly+Stoopid"">Read more on Last.fm</a>",
Barry Biggs,48636,234305,"Barry Biggs (born 1947, although some accounts list 1953;[1] St. Andrew, Jamaica) is a reggae singer, best known in the UK for his cover of the Blue Magic song, ""Sideshow"", which got to #3 in the UK Singles Chart in 1977

Biggs worked as an recording engineer and cameraman with the Jamaican Broadcasting Company, and also spent time as a member of the band the Astronauts, before becoming the lead singer for Byron Lee's Dragonaires.[1][3]
It was at <a href=""https://www.last.fm/music/Barry+Biggs"">Read more on Last.fm</a>",Jamaica
New York Ska-Jazz Ensemble,76000,1193064,"New York Ska-Jazz Ensemble is a group of New York ska musicians linking together ska and jazz music. 

Members:
Freddie Reiter (saxophone, flute, vocals),Mark Paquin (trombone, vocals)
Yao Dinizulu (drums), Alberto Tarin (guitar), Earl Appleton (keyboards)

ADDITIONAL MUSICIANS

Mitch Margold (keyboards),Cary Brown (keyboards), Gregg Leventhal (bass)
Lee Archibald(guitar, bass, vocals), Chris Weigers (bass)

PAST MEMBERS

Johnnathan McCain (drums <a href=""https://www.last.fm/music/New+York+Ska-Jazz+Ensemble"">Read more on Last.fm</a>",
Banda Beijo,46829,259906,"Banda Beijo foi uma banda brasileira de axé music. Teve sua origem no Bloco Beijo e foi formada em 1988, tendo em seu auge como vocalista o cantor Netinho, que também fazia parte do bloco, e logo após sua saída da banda, a cantora Gilmelândia.

Apesar de ser uma banda de Axé Music, não restringe seu repertório a tal estilo. Incluindo desde Tim Maia até The Police, saiu de seu reduto original, o carnaval baiano, e teve seu sucesso expandido por todo o Brasil. <a href=""https://www.last.fm/music/Banda+Beijo"">Read more on Last.fm</a>",
The Jamaicans,71187,302030,"The Jamaicans were a Jamaican rocksteady vocal group formed in 1967 and disbanded in 1972. Mostly known for the songs ""Ba Ba Boom"" (that won the Island's Festival Song Contest in 1967) and ""Things You Say You Love"" produced by Arthur ""Duke"" Reid for Treasure Isle.

The Jamaicans (Tommy Cowan, Norris Weir, Martin Williams) burst on the scene in 1967 by winning the second Jamaican Festival song contest with a bit of nonsensical rocksteady called ""Ba Ba Boom,"" a piece that had been written by Cowan and Weir. <a href=""https://www.last.fm/music/The+Jamaicans"">Read more on Last.fm</a>",Jamaica
Joe Dukie,18761,87067,"Joe Dukie (b. Dallas Tamaira) is a vocalist and visual artist most notable for being the lead singer in the New Zealand Dub/Reggae group Fat Freddy's Drop, a group which he co-founded with DJ Fitchie.  His debut solo EP, Better Than Change, was produced by Mu (DJ Fitchie) under the name Dallas in 2001. 

Following that effort, the two collaborated on the groundbreaking EP Midnight Marauders where they donned the monikers Joe Dukie & DJ Fitchie. The <a href=""https://www.last.fm/music/Joe+Dukie"">Read more on Last.fm</a>",
Dirtsman,12509,47247,"Dancehall/ Reggae/ Ragga 

From: Jamaica

Dirtsman (born: Patrick Thomas),in 1967. Only twenty-seven when he died on December 21st 1993, Dirtsman was on the cusp of attaining international success, having recently signed a recording contract with BMG. 

The son of the owner of the Black Universal Sound System, Dirtsman was the brother of deejay Papa San. Although he launched his career with his father's company, he later switched to the Willowdene-based Creation Rock Tower System.  <a href=""https://www.last.fm/music/Dirtsman"">Read more on Last.fm</a>",
Discípulos De Otilla,32,118,biografia no encontrada,
The Suicide Machines,360507,7115692,"The Suicide Machines are an American ska punk band formed in Detroit, Michigan in 1991 under the name Jack Kevorkian and the Suicide Machines. The band's original lineup consisted of Jason Navarro on vocals, Dan Lukacinsky on guitar, Jason Brake on bass, and Stefan Rairigh on drums. This lineup lasted a year until Bill Jennings replaced Rairigh, but he was himself soon replaced by Derek Grant. They recorded the band's first demos The Essential Kevorkian and Green World in 1993 and 1994 <a href=""https://www.last.fm/music/The+Suicide+Machines"">Read more on Last.fm</a>",United States
Luciano,403998,17211557,"There is more than one artist with this name:

1) Luciano  (real name Patrick Großmann; born January 28, 1994 in Bautzen) is a German rapper from Berlin.

The son of a Mozambican father and a German mother, Luciano grew up mostly in the Schöneberg district of Berlin. He is a member of the rap crew Loco Squad Gang.

In 2020, Luciano was one of the first high-reach German-language rappers to release music in the internationally successful UK Drill style. <a href=""https://www.last.fm/music/Luciano"">Read more on Last.fm</a>",Germany
Skatalà,4472,46098,"SKA / OI! band born in Barcelona in 1985. Create a dirty sound (ska-oi!) linked to the punk and letters that are to be vehicles poignant and ironic. The name is a word crossed: SKA, OI! & CATALAN. By 1987 they recorded demo here, converted into 1991 album by Sock It Records label in Semaphore. Still other records, but the first musical album (Bumblebee, Bumblebee) does not arrive until 1993. After two more musical album (a new one in 1995, and In Concert, 1998), the group disbanded, but in 2005 returned to act together. <a href=""https://www.last.fm/music/+noredirect/Skatal%C3%A0"">Read more on Last.fm</a>",
Pepper,510823,8483730,"New self-titled Pepper album drops Fall 2013!! 

Facebook www.facebook.com/pepperlive; Twitter www.twitter.com/pepperlive; Instagram www.instagram.com/pepperlive

Kaleo Wassman – Vocals/Guitar
Bret Bollinger – Vocals/Bass
Yesod Williams – Drums

“It’s the hardest thing we’ve ever done as a band to make this record,” says guitarist/vocalist Kaleo Wassman of Pepper, in speaking on the recording process of their new self-titled album. “It <a href=""https://www.last.fm/music/Pepper"">Read more on Last.fm</a>",
Jah Spirit,529,1482,biografia no encontrada,
Judge Dread,95741,964033,"Alexander Minto Hughes (2 May 1945 - 12 March 1998), better known as Judge Dread, was a reggae and ska artist from England.

Born in Kent, Judge Dread was the first White British recording artist to get a reggae hit in Jamaica. He got his stage name from a Prince Buster song, and his first hits were inspired by Prince Buster's single, ""Big Five"".

The Guinness Book of World Records credits Judge Dread for having the most banned songs of all time. Many of his lyrics have sexual connotations <a href=""https://www.last.fm/music/Judge+Dread"">Read more on Last.fm</a>",United Kingdom
Aquasky Vs Masterblaster,3726,21140,biografia no encontrada,
Ken Boothe,252503,1911479,"Ken Boothe's (born 1948 in Kingston, Jamaica) is known as ""Mr Rocksteady"" for his prominence during the musical period 1966-1974 and was a major idol for the to-be members of UB40. Boothe  started by recording a version of Sandie Shaw's ""Puppet on a String"" in 1967. Later the same year, Boothe and Alton Ellis had a successful U.K. tour with the group The Soul Vendors.  Under new direction from record producer Lloyd Chalmers, the song ""Everything I Own"" surprisingly was Number One in the UK in 1974. <a href=""https://www.last.fm/music/Ken+Boothe"">Read more on Last.fm</a>",
The Upsetters,347836,3699272,"There are at least four bands with the name The Upsetters:
1) The Upsetters was the name given to the house band for Jamaican reggae producer Lee ""Scratch"" Perry. 
2) The Upsetters was the name of Little Richard's backing band playing R&B and rock 'n' roll during the 1950s. 
3) The Upsetters was a South African garage rock band active in the 1960s. 
4) The Upsetters was a soul band. 

1. ""The Upsetters"" was the name of the studio backing band of Jamaica Reggae producer Lee ""Scratch"" Perry, a. <a href=""https://www.last.fm/music/The+Upsetters"">Read more on Last.fm</a>",Jamaica
Ventania,56413,1226589,"Wilson da Silva, mais conhecido como Ventania (Pariqüeraçu, 21 de agosto de 1962), é um cantor, e andarilho, cuja inspiração musical vem do movimento hippie, dos anos 60 e 70. Atualmente, Ventania mora em São Thomé das Letras, Minas Gerais.

Uma das mais importantes influências musicais de Ventania, é o cantor e compositor Raul Seixas, o ""Raulzito"", marco histórico do rock nacional e da mistura com influências ""alternativas"".

Biografia e carreira <a href=""https://www.last.fm/music/Ventania"">Read more on Last.fm</a>",
Shaggy,2064623,20020632,"Shaggy is the name of, at least, two artists.
1, Shaggy (born October 22, 1969, in Kingston, Jamaica as Orville Richard Burrell), is a Jamaican reggae artist who takes his nickname from his shaggy hair. He is especially notable for his distinctive sub-baritone voice.

His family immigrated to the United States and they settled in the neighborhood of Flatbush, Brooklyn, located in New York City, New York, USA.

In 1988, he joined the United States Marine Corps and served during Operation Desert Storm during the Persian Gulf War. <a href=""https://www.last.fm/music/Shaggy"">Read more on Last.fm</a>",Jamaica
Monsieur Lezard,575,3261,biografia no encontrada,
Gecko Turner,63433,329507,"Gecko Turner (Fernando Echave) was born and raised in the San Roque district of Badajoz, Spain, a town about halfway between Madrid and Lisbon, Portugal. As a teenager, he fell in love with The Beatles, Bob Dylan, and The Rolling Stones. The Stones led him back to Elmore James, Leadbelly, Muddy Waters, Jimmy Reed and other blues greats. He picked up his guitar in his teens and eventually formed a cover band that played an eclectic mix of American and British pop. <a href=""https://www.last.fm/music/Gecko+Turner"">Read more on Last.fm</a>",United States
Vibronics,66884,754526,"It was the joint discovery of the Aba-Shanti-I Sound System and digitally sequenced music which first inspired Steve Vibronics to try his hand at building dub tunes. A minimal studio was put together at home during 1995 using the most basic of equipment - a dilapidated 16 track mixer, reverb and echo units, a couple of synths and a an Atari computer - all mixed down onto cassette tape. 

The Vibronics sound was introduced to UK dub pioneers Zion Train in 1996 <a href=""https://www.last.fm/music/Vibronics"">Read more on Last.fm</a>",
Lord Kossity,23924,191582,"    Lord Kossity is a ragga-zouk musician from the French Antilles (Martinique & Guadeloupe), in the West French Indies (FWI). His family is originally from Martinique but he was born in France, in the suburbs of Paris, and moved back to the French Antilles with his family when he was 11 year old.

He began his career in the 90s with the group Contrast (band), with his cousin, Dr. Jekyll. He began incorporating ragga music with the zouk style later in the 1990s <a href=""https://www.last.fm/music/Lord+Kossity"">Read more on Last.fm</a>",France
Notch,76892,494904,"There are 3 artists named Notch. 

1) NOTCH is a Reggae/Dancehall/ Reggaeton artist who released the album The Feeling, featuring the single ""I Wanna Kool You"". http://www.rockfort.com/

2) Notch were an electronic band from Gothenburg (formed in 1994/95), Sweden with Johannes Hedberg, Daniel Ringström, Mikael Lindqvist of bands such as Carbon Based Lifeforms, DigiDroids and Thermostatic.

3.Notch (UK) is an alternative/synthpop/experimental artist <a href=""https://www.last.fm/music/Notch"">Read more on Last.fm</a>",
"Lee ""Scratch"" Perry",389752,4536440,"Lee ""Scratch"" Perry (born Rainford Hugh Perry, on 20th March 1936, in Kendal, Jamaica; died 29 August 2021, in Jamaica) was one of the most influential people in the development of reggae and dub music in Jamaica.

Perry began his career in the late 1950s working with Clement Coxsone Dodd's sound system. He eventually performed a variety of important tasks at Studio One as well as recording about thirty songs, but the pair eventually stopped working together due to personality and financial conflicts. <a href=""https://www.last.fm/music/Lee+%22Scratch%22+Perry"">Read more on Last.fm</a>",
No Doubt,3457508,80620985,"Formed in 1986 in Anaheim, California, United States as a ska punk band inspired by Madness, the lineup of No Doubt initially comprised John Spence as lead vocal, Gwen Stefani on back-up vocals, and her brother Eric Stefani on keyboards. While playing the party-band circuit around Anaheim, the trio picked up bassist Tony Kanal. Hardened by the suicide of Spence in December 1987, No Doubt nevertheless continued; Gwen became the lone vocalist and the group added guitarist Tom Dumont and drummer Adrian Young. <a href=""https://www.last.fm/music/No+Doubt"">Read more on Last.fm</a>",
The Toasters,222058,3366559,"The Toasters came out of the lower east side of Manhattan, New York in 1981. Cutting their teeth at legendary punk rock clubs such as CBGBs,  the band has proceeded  on to defy gravity and  industry skeptics alike by staying true to their original 2-Tone roots and earning their rightful place in the history of international ska music, particularly influential on ska punk.

In their role as consummate outsiders, the band has turned down major record deals and have opted instead to run down their own track where <a href=""https://www.last.fm/music/The+Toasters"">Read more on Last.fm</a>",
Eve,1678712,47011996,"There are at least five artists using this name:
1. Eve (いぶ ibu), also known as Keitora (けいとら) and Kurowa (クロわ), is a Japanese singer and utaite who gained recognition on platforms such as Niconico and YouTube. He has composed original works, participated in live events, and been featured in utaite-centric magazines including Utattemita no Hon and 2.5Song MATE. Eve is also the creator of the ongoing manga ""Kara no Kioku"" and has over 4.5 million subscribers on YouTube. <a href=""https://www.last.fm/music/Eve"">Read more on Last.fm</a>",Japan
Beres Hammond,169722,1586377,"Beresford Hammond (b.August 28,1955 Annotto Bay,St.Mary, Jamaica) has only really risen to become popular in the 'digital' age of Reggae, although his career stretches back to the 1970's. Considered by many to be one of Jamaica's finest contemporary vocalists, his best work has generally been captured on the 'Penthouse' and 'Xterminator' labels as well as his own 'Harmony House' imprint. The singer with his distictive 'Bourbon on the rocks' vocal style remains active today both recording and producing. <a href=""https://www.last.fm/music/Beres+Hammond"">Read more on Last.fm</a>",
SOJA,306818,8278833,"Lead singers Jacob Hemphill (vocals, guitar) and Bob Jefferson (bass) met in first grade in Virginia, shortly after Jacob had returned from living in Africa with his family. The two instantly became best friends, and in middle school found a common love for hip hop and rock music. Throughout middle and high school, they met Patrick O’Shea (keyboards), Ryan Berty (drums), and Ken Brownell (percussion) – who would later form SOJA. During this period, reggae music was becoming an addiction for the budding musicians. <a href=""https://www.last.fm/music/SOJA"">Read more on Last.fm</a>",
Groundation,352605,6572852,"1. Groundation is a Fusion-Reggae band based in Sonoma County, California. It was established in 1998 by Harrison Stafford, Ryan Newman and Marcus Urani upon their meeting at the Jazz program at Sonoma State University.  Groundation's music incorporates the lyrical struggle of Roots Reggae, the progressive musicianship of Funk/Jazz fusion, and other-worldly transcendental Dub.  

The 9-piece band creates an altogether new Reggae sound, featuring swirling horns, stout poly-rhythmics, and soulful harmony vocals. <a href=""https://www.last.fm/music/Groundation"">Read more on Last.fm</a>",
Lyricson,38571,365276,"Lyricson  (real name Soulemane Boukara) is a singer of Reggae New roots and Dancehall of Guinean origin  residing in France.

Lyricson was born in Guinea, his mother was nurse in Liberia during the civil war. He would have been incarcerated for adulterates of narcotic throughout one 6 month.

He took part, in 2001, with the round "" Touch espoir"" with the group of rap French Assassin, like with the world tour of Manu Chao within the group baptized for the occasion "" Radio Bemba Sound System "" under the name of Bidji. <a href=""https://www.last.fm/music/Lyricson"">Read more on Last.fm</a>",France
Joyce Bond,6636,21993,biografia no encontrada,
Discípulos de Otilia,1523,30613,biografia no encontrada,
Chaka Demus & Pliers,369425,2035967,"Chaka Demus & Pliers are Jamaicans John Taylor (Chaka Demus) and Everton Bonner (Pliers) active together since 1992: one of the most successful acts in Jamaican music; the first Jamaican act to place three consecutive singles in the top five of the British music charts.  Both Chaka Demus and Pliers had established successful solo careers prior to combining their efforts. They are best known for their hits ""Murder She Wrote"" and ""Tease Me"". They had <a href=""https://www.last.fm/music/Chaka+Demus+&+Pliers"">Read more on Last.fm</a>",Jamaica
Terry Linen,24533,136609,"Terry Linen is easily one of reggae music's greatest talents to have emerged in the new millennium. Blessed with a brilliantly distinctive voice, this diminutive singer has cemented a place in the hearts of reggae lovers worldwide with his hit songs, with their haunting melodies and wonderful songwriting. 

Born Kiplin Simpson, Linen grew up in the district of Red Bank, where he attended the Red Bank Primary and Red Bank High schools. Being the first child for his mother <a href=""https://www.last.fm/music/Terry+Linen"">Read more on Last.fm</a>",
Gondwana,178180,3359284,"There are at least three bands called Gondwana.

1. Gondwana is a reggae musical group from La Pincoya, Santiago, Chile, founded in 1987 by I Locks Labbé. Their leader, Quique Neira (known as the chilean Bob Marley) was the soul of the band, the first one to be noticed with real success in Chile, and left the band to begin a single career. Now, the band has another singer, Kingo, and plays in important festivals around Latin America, with lot of fans everywhere. <a href=""https://www.last.fm/music/Gondwana"">Read more on Last.fm</a>",Chile
Dub Inc,33021,742316,biografia no encontrada,
El Roockie,23278,208148,"Iván Bladimir Banista, better known as El Roockie or The Roockie (english) is a Panamanian reggae recording artist, currently signed to Luny Tunes' Mas Flow Inc. He is widely praised for his powerful and delivering lyrics, earning him the nickname King of Lyrics and Maquina de Lirica.

Banista came from the humble origins of Chorrillo y San Miguel, Panama. He begins in the world of reggae 1996 recording for the CD ""Reggae Overload"" although previously recorded for the CD ""Reggae Nonviolence"" a CD somewhat unknown if not ""witch. <a href=""https://www.last.fm/music/El+Roockie"">Read more on Last.fm</a>",
Carlton & The Shoes,35583,205420,"Carlton and the Shoes (sometimes credited as Carlton & His Shoes) are a Jamaican vocal group who had their greatest success in the late 1960s, as rocksteady gradually became reggae and are still active in 2008, most notably in Japan and Jamaica. The group had several Studio One recorded hits in Jamaica, most notably ""Love me Forever"" in 1968.

The group is led by Carlton Manning, and the line-up was originally completed by his younger brothers Donald and Lynford (both members of The Abyssinians), and Alexander Henry. <a href=""https://www.last.fm/music/Carlton+&+The+Shoes"">Read more on Last.fm</a>",Jamaica
Roots Manuva,577779,9081470,"Roots Manuva, born Rodney Smith is a British hip-hop artist, who mixes hip hop with reggae and dub as well as electronica, and even some gospel. He grew up around Stockwell in South London. His parents were from a small village in Jamaica called Banana Hole where his father was a preacher and tailor. Spending much of his early years in poverty, this and his strict Pentecostal upbringing clearly had an influence on his music as can be seen in many of his tracks such as ""Sinny Sin Sins"" and ""Colossal Insight"". <a href=""https://www.last.fm/music/Roots+Manuva"">Read more on Last.fm</a>",United Kingdom
Long Beach Dub Allstars,85164,1075638,"From Wikipedia, the free encyclopedia
Jump to: navigation, search
Long Beach Dub Allstars
Origin 	Long Beach, California, United States
Genre(s) 	Reggae
Punk rock
Ska
Dub reggae
Years active 	1997–2002
Label(s) 	DreamWorks
Associated acts 	Sublime
Long Beach Shortbus
Eyes Adrift
Volcano
Former members
Eric Wilson
Jack Maness
Marshall Goodman
Bud Gaugh
Tim Wu
Opie Ortiz
RAS-1
Miguel Happoldt
Todd Foreman
Isaiah Ikey Owens

The Long Beach Dub Allstars was a dub reggae/ska/rock band formed in 1997 and disbanded in 2002. <a href=""https://www.last.fm/music/+noredirect/Long+Beach+Dub+Allstars"">Read more on Last.fm</a>",
Streetlight Manifesto,498155,28281645,"Streetlight Manifesto is a post-third wave ska punk band from New Brunswick, New Jersey, under the creative leadership of singer/guitarist Tomas Kalnoky. Since forming in 2002, the band has released four full-length albums.

Several of Streetlight's members were already well known among the New Jersey ska community for their roles in past ska bands from that area, most notably Catch 22's Tomas Kalnoky, James Egan, Mike Soprano, and Josh Ansley, as well as One Cool Guy's Stuart Karmatz, Pete Sibilia, Dan Ross, and Chris Paszik.  <a href=""https://www.last.fm/music/Streetlight+Manifesto"">Read more on Last.fm</a>",
Massilia Sound System,53433,798038,"Massilia Sound System is a reggae band formed in Marseille in the 1980s. They developed a Provençal hybrid version of reggae, rub-a-dub and raggamuffin with lyrics in the French and Occitan languages, sometimes referred to as trobamuffin (from the Occitan word trobador and the musical style raggamuffin). They incorporate many rhythms, beats and samples from the local tradition or other musical colleagues, and their lyrics indicate a profound parochialism for Marseille and the south of France in general. <a href=""https://www.last.fm/music/Massilia+Sound+System"">Read more on Last.fm</a>",France
panteon rococo,107977,2351310,biografia no encontrada,
Junior Kelly,223672,1669595,"Junior Kelly (born Keith Morgan 23 September 1969 in Jamaica) is a reggae singer known for his strong commitment to the faith of the Rastafari movement and its Bobo Shanti mansion. This was a message of the hit song 'Rasta Should Be Deeper'. His 2001 song 'If Love So Nice' (...tell me why it hurts so bad) took a detour through Europe along its route to the top of the Jamaican charts, a position which it securely held for 15 weeks. Junior Kelly started to record in the mid 90s, and his first albums Rise and Juvenile was released in 2000. <a href=""https://www.last.fm/music/Junior+Kelly"">Read more on Last.fm</a>",Jamaica
The Black Seeds,164468,2711045,"The Black Seeds is a band from Wellington, New Zealand, formed in 1998. They blend dub, reggae and funk sounds to an unique funksteady-soulsteady reggae. They perform with 8-10 members for vocals, guitar, sax, trumpet, bass, drums, bongos, keyboard, woodblock... Their debut studio album Keep on Pushing was released 2001 and the latest, Dust and Dirt, 2012. Their 'One By One' became an international hit after played in top ranked TV Series Breaking Bad. <a href=""https://www.last.fm/music/The+Black+Seeds"">Read more on Last.fm</a>",
Dancing Mood,31413,564135,"Dancing Mood was formed in Buenos Aires, Argentina in march 2000, it was a project from the trumpetist Hugo Lobo, who played with many Argentina's major bands like Todos tus Muertos , Attaque 77 , Los Cafres , Mimi Maura  and took part in other local bands like Satelite Kingston, Riddim, Nuevas Raíces, 2 Minutos, Correcaminos, Azul, Turf, Nonpalidece, Un Kuartito, Viejas Locas, etc. More than twenty in total.
Dancing Mood is a musicians' orchest leaded by seven blow instruments <a href=""https://www.last.fm/music/Dancing+Mood"">Read more on Last.fm</a>",
Gentleman,648537,16027952,"Gentleman (⋆ as Tilmann Otto 1975 in Osnabrück, Germany) is a reggae musican. Gentleman resides in Cologne, but sometimes names Jamaica as his home away from home. He became hooked on his brother’s reggae records and thus wanted to get to know Jamaica first-hand. He has been traveling to Jamaica regularly since he was 16, and the island has become a second home for him. Gentleman is also regarded as a popular reggae artist in Jamaica as well, which he regards as an honor, being a European. <a href=""https://www.last.fm/music/Gentleman"">Read more on Last.fm</a>",
Lucky Dube,72805,1070919,"Lucky Dube, ⋆ 3 Aug 1964 in Eastern Transvaal, South Africa; ₫ 18 Oct 2007 in Rosettenville, Johannesburg Gauteng (murdered), was South Africa's top reggae artist. He started with local popular music as mbaqanga. He switched to reggae in 1983. He was by then Rastafarian. He played roots reggae, but also love songs like 'I've Got You Babe'. His compilation album Serious Reggae Business 1996 entitled him ""Best Selling African Recording Artist"" at World Music Awards and ""International Artist of the Year"" at the Ghana Music Awards. <a href=""https://www.last.fm/music/Lucky+Dube"">Read more on Last.fm</a>",
Meganoidi,41701,467096,"Meganoidi is a ska and progressive rock italian band born in Genova in 1997. They started as a ska band, in fact most of their firsts albums such as ""Supereroi VS Municipale"" (1998) or ""Into the darkness, Into the moda"" (2001) have ska and punk-rock influences.
With their last ska album ""Outside the loop, Stupendo sensation"" (2003), their style changes in progressive-psychedelic rock.
Their next album, ""And then we met impero"" (2005), gave to the band new and different fans. It has nothing in common with their previous albums. <a href=""https://www.last.fm/music/Meganoidi"">Read more on Last.fm</a>",Italy
Lord Superior,1148,3700,"Lord Superior (Andrew Marcano,  Rio Claro, Trinidad and Tobago, November 30, 1937 - November 24, 2018) was a Trinidadian calypsonian.

Lord Superior made his debut into calypso at the age of 16 singing a calypso called ""Coconut"" at the Victory Calypso Tent in Port of Spain. In those days he was considered to be the youngest Calypsonian to perform locally.

Some of his memorable calypsoes were, Spread Joy, San Fernando Carnival, Saga T'ing, We want a day, Standardise Pan, Cultural Assassination and Put the women on top. <a href=""https://www.last.fm/music/Lord+Superior"">Read more on Last.fm</a>",
The Gaylads,76522,531524,"The Gaylads were a popular rocksteady vocal trio active in Jamaica between 1963 and 1973. The group, formed in Kingston, originally consisted of singers Harris ""B.B."" Seaton, Winston Delano Stewart and Maurice Roberts; Seaton and Stewart had previously been successful as the duo Winston & Bibby. There would be several line-up changes throughout The Gaylads' ten year history, with Maurice Roberts remaining the only constant member. Besides recording several hit records <a href=""https://www.last.fm/music/The+Gaylads"">Read more on Last.fm</a>",
Fly My Pretties,43205,528946,"Fly My Pretties is a collaboration of musicians from Wellington, New Zealand that only record their albums live in various locations in New Zealand. The different musical backgrounds of the members makes for an eclectic mix of songs on their releases. 

Founded in 2004, Fly My Pretties was the brainchild of Barnaby Weir (Vocals/Guitar), frontman of The Black Seeds who recruited fellow musicians Adi Dick (Guitar/Vocals), Age Pryor (Guitar/Vocals), Brendan Moran (Drums) <a href=""https://www.last.fm/music/Fly+My+Pretties"">Read more on Last.fm</a>",
Ernest Ranglin,148800,1445658,"Ernest Ranglin (born June 19, 1932) is a famous Jamaican guitarist.

As a child, Ranglin played ukulele, then guitar in his teen years. Charlie Christian was an early influence. Ranglin played on many classic recordings, with Jimmy Cliff, Monty Alexander, Prince Buster, The Skatalites, and others. Ranglin toured extensively with the Eric Deans Orchestra, one of the top bands in the Caribbean.

In 1958, Chris Blackwell recorded a Ranglin single; it was the first Island Records release. <a href=""https://www.last.fm/music/Ernest+Ranglin"">Read more on Last.fm</a>",Jamaica
Tchakabum,155672,738505,biografia no encontrada,
The Untouchables,72933,348865,"There is more than one artist with this name:

1) The Untouchables a reggae vocal duo from Jamaica, featuring Jimmy London (born Trevor Shaw) and Billy Dyce (born Ransford White). They also recorded as The Inspirations. Their song 'Tighten Up' (from either The Inspirations on the Upsetter label in Jamaica or The Untouchables on the Trojan release in London) gave the name to a series of albums on Trojan that were pivotal in promoting and crossing over Jamaican music in the UK.  <a href=""https://www.last.fm/music/The+Untouchables"">Read more on Last.fm</a>",Jamaica
Rita Marley,81523,363605,"Alpharita Constantia Marley Anderson, better known as Rita Marley (born July 25, 1946 in Santiago de Cuba) is a Jamaican singer. She is the widow of legendary Reggae musician Bob Marley, and a member of the trio the I Threes, Bob Marley's back up singers.

She grew up in Jamaica, and was singing with a trio named The Soulettes in the mid sixties recording for Studio One when she met Bob Marley. She married him in 1966, and then became a singer in his backing vocals group, the I Threes. <a href=""https://www.last.fm/music/Rita+Marley"">Read more on Last.fm</a>",Jamaica
Twinset,14911,90246,"Twinset (formerly known as The Spider Men) hooked up at the start of their second year at the then Wellington Polytechnic Conservatorium of Music in 1996. Their first gig was at a warehouse party along with various Goth bands who splattered themselves in blood – needless to say, they were in suits & ties.

Since then this fine trio have been a regular live feature in Wellington, going under a variety of names (Los Tigres Del Norte, Moose Head etc) until Leon Matterhorn had the honour of eventually naming them Twinset. <a href=""https://www.last.fm/music/Twinset"">Read more on Last.fm</a>",
Rhythm & Sound,162923,2521654,"Rhythm & Sound is a contemporary dub project initiated and produced by Moritz von Oswald and Mark Ernestus, originated in 1996 in Berlin, Germany. Amongst other Oswald and Ernestus aliases is Basic Channel and they run a label under the same name, which upon closure in 1995 was followed by the infamous Chain Reaction.

One of several anonymous projects linked to the mysterious Berlin dub-techno duo Moritz von Oswald and Mark Ernestus, Rhythm & Sound released a series of 10"" records on Burial Mix and 12"" records on Rhythm & Sound <a href=""https://www.last.fm/music/Rhythm+&+Sound"">Read more on Last.fm</a>",
Symarip,117459,1019843,"Symarip, formerly the Pyramids and Seven Letters, were a ska and reggae band from the United Kingdom, originating towards the end of the 1960s and into the early 1970s. Such hits included ""Skinhead Moonstomp"", ""Skinhead Girl"", and ""Skinhead Jamboree."" Consisting of members of West-Indian descent, Symarip is widely marked as the first skinhead band, being the first band to target skinheads as an audience. Symarip / The Pyramids / Seven Letters released ""best of album"" in 2004 with a new single 'Back from the moon'. <a href=""https://www.last.fm/music/Symarip"">Read more on Last.fm</a>",
The Wailers,675359,5664321,"There are or have been - at least - two bands named The Wailers: 

- The legendary Jamaican reggae band (founded as a ska group 1963, and became a Rastafarian reggae band in 1968), renamed Bob Marley & The Wailers in 1974, which are still active led by bassist Aston Barrett after Marley's death in 1981.  

- The Fabulous Wailers, a rock and roll and garage band from the USA, active 1958-1969, first led by John Greek, replaced in 1960 by Rockin' Robin Roberts. <a href=""https://www.last.fm/music/The+Wailers"">Read more on Last.fm</a>",Jamaica
Prince Jazzbo,64498,295735,"Linval Roy Carter (September 3, 1951–September 11, 2013), better known as Prince Jazzbo, was a Jamaican reggae and dancehall deejay and producer.

Born in Clarendon, Jamaica, Carter began recording with Coxsone Dodd's Studio One label in the early 1970s under the name Prince Jazzbo. He went on to work on his own releases with Bunny Lee, producing as well in collaboration with many artists as a vocalist and producer for labels including his own, Ujama. <a href=""https://www.last.fm/music/Prince+Jazzbo"">Read more on Last.fm</a>",Jamaica
Beenie Man,477919,4350223,"Anthony Moses Davis (born August 22, 1973 in Kingston, Jamaica), better known by the stage name Beenie Man, is a well established reggae artist and DJ. He was involved in the music industry from a young age when he won the Tastee Talent contest in 1981. Only one year later, when he was eight years old, he recorded a single, ""Too Fancy"", with record producer ""Junjo"" Lawes. By 1983, Beenie Man was recording with heavyweight DJs, such as Dillinger and Fathead and released his debut album <a href=""https://www.last.fm/music/Beenie+Man"">Read more on Last.fm</a>",
Ziggy Marley,724556,6611193,"David Nesta ""Ziggy"" Marley (born October 17, 1968 in Saint Ann Parish, ghetto of Trenchtown, Jamaica), composer, singer and guitarist, is a multiple Grammy-winning (reggae) Jamaican musician. He is known for songs like ""Tomorrow People"", ""Love Is My Religion"" and ""A Lifetime"", He is the oldest son in the marriage between the singer Rita Anderson (Marley) and late legendary reggae Bob Marley. David's father Bob nicknamed him ""Ziggy"". A ziggy is a big marijuana spliff  on Jamaiaca. <a href=""https://www.last.fm/music/Ziggy+Marley"">Read more on Last.fm</a>",Jamaica
Morodo,59466,1504221,"Morodo is a reggae or ragga singer from Madrid,Spain. He started in the music more influenced by Hip Hop but as time passes his style has changed an now he can be considered as reggae music.

He has two official discs named OZMLStyle and Cosas que contarte.

In his tours he has a backing band from Barcelona called Ranking Soldiers. <a href=""https://www.last.fm/music/Morodo"">Read more on Last.fm</a>",
The Expendables,352652,4571673,"An award-winning, California-grown, surf culture band that's established itself as a vital part of the Santa Cruz, CA music scene.

Expendables' distinctive live performances and unique brand of music. Described as an electric mix of genre-bending rock, reggae and surf. It has begun to charm audiences far and wide. Rapidly approaching status as a full-time touring act, the band is a rising star on the West Coast. To date, The Expendables have performed <a href=""https://www.last.fm/music/The+Expendables"">Read more on Last.fm</a>",
The Heptones,275920,2130485,"Leroy Sibbles, Earl Morgan and Barry Llewelyn first came together as ""The Hep Ones"" in 1965 in Kingston, Jamaica but they soon changed their name to ""The Heptones"".
They recorded for the major Jamaican producers at the time, including Coxsone Dodd of Studio One fame. The Heptones had a number of Jamaican hits for Studio One, including ""Pretty Looks Isn't All"", ""Fattie Fattie"" and ""I Hold the Handle."" They went on to record with Joe Gibbs, Harry J (Harry Johnson), and Rupie Edwards. <a href=""https://www.last.fm/music/The+Heptones"">Read more on Last.fm</a>",Jamaica
Prince Buster,198412,1821416,"Prince Buster (Cecil Bustamente Campbell, 24 May 1938 - 8 September 2016) was a Jamaican singer, songwriter and producer. He is regarded as one of the most important figures in the history of ska and rocksteady music. The records he released in the 1960s influenced and shaped the course of Jamaican contemporary music and created a legacy of work that later reggae and ska artists would draw upon.

Born Cecil Bustamente Campbell on Orange Street in Kingston <a href=""https://www.last.fm/music/Prince+Buster"">Read more on Last.fm</a>",Jamaica
Giuliano Palma & The BlueBeaters,26663,392332,"Formed in 1994, the Bluebeaters comprises musicians of the Italian groups Casino Royale (Giuliano Palma, Ferdinando Masi, Patrick Benifei), of Africa Unite (Bunna, Paolo Parpaglione, Cato Senatore) and of the Fratelli di Soledad (Zorro).

The Bluebeaters are a rising cover band in Italy and perform a mix of reggae (eg. “Coming in from the cold” by Bob Marley and The Wailers), ska (eg. ""Shame and Scandal” of Lord Melody & Sir Lancelot) and rocksteady. <a href=""https://www.last.fm/music/Giuliano+Palma+&+The+BlueBeaters"">Read more on Last.fm</a>",Italy
Ska Cubano,76783,742460,"Fronted by the irrepressible Natty Bo, Ska Cubano mix Cuban and Jamaican music with style and verve!! The band were formed in 2001 and are based in London, UK.

www.skacubano.com <a href=""https://www.last.fm/music/Ska+Cubano"">Read more on Last.fm</a>",Cuba
Bernard Lavilliers,75242,1049495,"Bernard Lavilliers is a French anti-conformist rock singer since the early 80s. He's also influenced by latino-Cuban sounds like salsa. <a href=""https://www.last.fm/music/Bernard+Lavilliers"">Read more on Last.fm</a>",France
Manasseh,17491,105130,"Manasseh is a name of at least two artists:

[1] A mononym of Nick Manasseh, who began producing music for sound system exclusives around 1986 and after hooking up with Scruff Guilder in 1987 started to concentrate on a particular project, which eventually became Sound Iration in Dub. The first single ""Seventh Seal"" was cut on the 8/8/88 and was big on the roots scene (and Shaka's sound !), and was widely credited with being the first new wave UK dub track. <a href=""https://www.last.fm/music/Manasseh"">Read more on Last.fm</a>",
Macka B,96386,747151,"Macka B is a British-born reggae artist, performer and activist with a career spanning almost 30 years in the United Kingdom and Jamaica. He is also a practicing Rastafarian.

On leaving school, Macka B became a technical apprentice for Ever Ready GB Ltd, made redundant three years later due to the factory closure. In 1980 completed an engineering inspection course. Macka B has always been interested in music. At school, he played the violin, and also joined the school choir. <a href=""https://www.last.fm/music/Macka+B"">Read more on Last.fm</a>",
Kanka,54056,1035515,"Influenced by UK and Jamaican dub, Kanka's sound is steppa
WARRIOR STYLE!
His compositions are based on a strong bass & drums section. Though the reggae riddim often be heard, it sounds of today: tempos are particulary high for this kind of music, and the heavy bass line combines with a dynamic drum style and electro soundz. His first album ""Don't stop dub"" was released on Hammerbass Records in March 2005. Acclaimed by all the actors of the international dub scene and played by respected sound systems <a href=""https://www.last.fm/music/Kanka"">Read more on Last.fm</a>",Jamaica
Morgan Heritage,239731,1940665,"Morgan Heritage is a reggae band formed by five children of famed reggae-artist Denroy Morgan. Despite their relative youth, they have been referred to as ""reggae royalty"". Having grown up in their father's music studio in the U.S. the group, then consisting of eight of the children, made their first appearance at Reggae Sunsplash in Jamaica. They were subsequently signed by MCA and released their debut album Miracles in 1994. They have since criticized Miracles as being overly pop-influenced. <a href=""https://www.last.fm/music/Morgan+Heritage"">Read more on Last.fm</a>",
Nasio,6072,40052,"From the rugged green mountains of Dominica a passionate manifestation of Rastafari comes forward in reggae. His name is Nasio Fontaine and his music has the power to flow into your consciousness and lift your energy. His voice has an unmistakable resonance and his lyrics speak to all Jah children.

Nasio was the youngest of seven children born to a Carib Indian mother and father of African descent, in the village of Carte-Bois, Dominica. The family lived in a one room wooden country house without running water or electricity. <a href=""https://www.last.fm/music/+noredirect/Nasio"">Read more on Last.fm</a>",India
Otis Gayle,9617,37864,"lovers rock <a href=""https://www.last.fm/music/Otis+Gayle"">Read more on Last.fm</a>",
Mr. Vegas,258371,1665205,"He catapulted to the top of the Jamaican charts in 1997 with the dancehall boomshots ""Heads High"" and ""Nike Air"", his distinctive vocals fusing melodious singing with precision deejaying (rapping). Since then he has built an international fan base with hit singles like ""Pull Up"", ""Tamale"" and ""Hot Gal Today"" but it is on his latest CD ""Constant Spring"" that Mr. Vegas' spectacular sing-jay approach and cleverly crafted lyrics dazzle with the intensity of an evening in, well, Las Vegas. <a href=""https://www.last.fm/music/Mr.+Vegas"">Read more on Last.fm</a>",Jamaica
Chimarruts,190557,2858908,"Chimarruts is a Brazilian reggae band from Porto Alegre. <a href=""https://www.last.fm/music/Chimarruts"">Read more on Last.fm</a>",Brazil
Antidoping,13449,221894,"ANTIDOPING es más que una simple prueba para detectar sustancias tóxicas en el organismo es una inyección vital de ruido positivo que nace al mundo musical en el verano de 1992 En medio de una sobredosis urbana de una ciudad tan grande y monstruosa como lo es la ciudad de México; desde entonces, ANTIDOPING continúa con el firme propósito de aprender, fomentar, y difundir una manera inquieta y libre de vivir por medio de la música reggae.

ANTIDOPING combina algunos elementos <a href=""https://www.last.fm/music/Antidoping"">Read more on Last.fm</a>",
Reel Big Fish,974606,33412239,"Reel Big Fish (""RBF"") is a ska punk band from Huntington Beach, California, United States who broke into the mainstream in the mid to late 1990s, formed in 1992. 

Their debut album, ""Everything Sucks"" (1995), was an underground hit and led to a deal with Mojo Records (see also Mojo), an indie label. ""Turn the Radio Off"" (1996) established the band in the underground music scene, and they began touring throughout the USA. After the single ""Sell Out"" began breaking into the mainstream, including MTV, the album made an appearance on the charts. <a href=""https://www.last.fm/music/Reel+Big+Fish"">Read more on Last.fm</a>",
La Pulquería,13380,244890,"Valencia, Spain
(2000 - present)

See http://www.lapulqueria.info/default.html
http://www.myspace.com/pulqueria

La Pulquería is a rock/ska/punk band from Valencia, Spain.
Band members:  Huracán Romántica (vocal), Jordi and Pancho (guitar), Miguel Ángel (bass) and Andrés (drums). Released their first album ""Corridos de Amor"" in 2004. And second album ""C'mon fandango"" 2007. Also live cd and dvd in 2008 “Hey, ho, Chingón!”. <a href=""https://www.last.fm/music/+noredirect/La+Pulquer%C3%ADa"">Read more on Last.fm</a>",
Resistencia Suburbana,24082,347520,"Nacen en 1993, en la localidad de San Martín, Provincia de Buenos Aires, Argentina. Resistencia Suburbana es una banda de reggae contestatario que manifiesta con elocuencia la realidad, la lucha, el descontento popular y que tira por la ventana uno de los tópicos más comunes del género: No problem. Al cual ellos mismos transforman en ""Sí problem"". Autodefinidos como una banda luchadora y con mucha energía, se convirtieron en una de las agrupaciones más representativas y con mayor proyección de la escena del reggae argentino. <a href=""https://www.last.fm/music/Resistencia+Suburbana"">Read more on Last.fm</a>",
Junior Byles,161929,937242,"Junior Byles (born Kenneth Byles Jr. in a poor part of Kingston on 2 February 1948; died 15 May 2025) was a Jamaican reggae artist remembered for his song 'Fade Away', with its strong spiritual warnings about materialism and egoism. Recorded in 1975 for producer Joseph Hoo Kim, it was a massive hit in Jamaica and was also a big success in the UK, and was covered five years later by among others Adrian Sherwood's New Age Steppers group and by Salmonella Dub NZ, made a special version of it. <a href=""https://www.last.fm/music/Junior+Byles"">Read more on Last.fm</a>",Jamaica
Joe Budden,575861,6129016,"Joe Budden (born August 31, 1980 in Spanish Harlem, New York) is a rapper from Jersey City, New Jersey. In recent years he has come to prominence as one of the most skilled and sought-for rappers in the game, despite his best work being on the internet mixtape circuit. 

His music initially gained popularity on New York City's famous mixtape circuit in 2002. Although his biggest mainstream hit to-date is 2003's up-tempo ""Pump It Up,"" Budden is known for his reflective and often insecure lyrics. <a href=""https://www.last.fm/music/Joe+Budden"">Read more on Last.fm</a>",Spain
Glen Washington,46956,304950,"Glen Washington is a Jamaican Reggae/Soca singer, songwriter and drummer.

Washington evolved from humble beginnings. Born in the parish of Clarendon, Jamaica he is currently a popular artist in reggae music. this has come after many years of recording and waiting in the wings. In 1997, he released his debut album Brother To Brother and, to date, has released 10 albums.

Washington began his musical career in the early seventies as the lead singer for the group Names And Faces. <a href=""https://www.last.fm/music/Glen+Washington"">Read more on Last.fm</a>",Jamaica
El Gran Silencio,143123,1714802,"El Gran Silencio is a rock en español band from Monterrey, Nuevo León, Mexico that blends a variety of rock influences with regional musical forms, particularly popular in Monterrey. Their part was central in the Avanzada Regia musical movement during the 1990s and 2000s. Current members include the Cano Hernandez brothers, Tony Hernandez, Issac ""Campa"" Valdez, Wiwa, and Esquivel Alvarado. Their first album (1999) was titled ""Libres y locos"", which means 'Free and loony'  in Spanish <a href=""https://www.last.fm/music/El+Gran+Silencio"">Read more on Last.fm</a>",Spain
Tapper Zukie,35202,249073,"One of Jamaica's most talented artists, Tapper Zukie has had an equal impact on both sides of the recording deck, as both a hitmaking toaster and as a producer who has worked with the cream of Jamaica's vocalists. In addition, his early ties to the punk community in both London and New York was instrumental in the crossover of roots reggae into the mainstream. Born David Sinclair, Tapper (also spelled Tappa) was a diminutive of a nickname his grandmother gave him, while Zukie was derived from the gang he ran with as a child, the Zukies. <a href=""https://www.last.fm/music/Tapper+Zukie"">Read more on Last.fm</a>",
Ardijah,7311,69272,"Ryan Monga (a.k.a Captain Fonk) grew up in the deep south of Auckland (The Big-O, Otara) New Zealand, with a melting pot of Pacific peoples, and was exposed to a rich blend of both traditional Cook Island/Tahitian music and the sounds of international funk bands.

Meanwhile, Betty-Anne's musical influences consisted of great Jazz/Blues singers Sarah Vaughan, Ella Fitzgerald and Australia's Renee Geyer.

Ardijahs' first album 'Take A Chance' was released <a href=""https://www.last.fm/music/Ardijah"">Read more on Last.fm</a>",
Zenzile,103324,1401775,"Zenzile was born in the late 90's in France, and are considered as the initiators of so called ""dub"" french scene along with High tone. French dub is mainly instrumental with rich use of effects and delays like reggae producers used to do with early reggae riddims. Zenzile moved towards rock in their numerous albums and EP's, and started inviting guest singers Jean Gomis, Jamika Ajalon (who sung the unforgettable Smell The Roses) and David Alderman on ""Living in Monochrome"" album. <a href=""https://www.last.fm/music/Zenzile"">Read more on Last.fm</a>",France
Kana,59300,868955,"KANA is the name of five artists : 

a) KANA (香奈) is Japanese model and singer who uses a unique mixture of high pitched screaming along with a childish regular singing voice. Web site: http://www.ref.co.jp/kana/

b) The group Kana from Mauritius that has recorded four albums.  The musical style includes reggae, french melodies and cuban influences.

c)  KaNa, a producer and DJ from Yokohama Japan.  From a child KaNa has strongly impressed by Classical music, and started to make music by using the piano. <a href=""https://www.last.fm/music/Kana"">Read more on Last.fm</a>",Cuba
T.O.K,38427,309058,biografia no encontrada,
Margareth Menezes,68417,599699,"Margareth Menezes (born October 13, 1962) is a Brazilian singer from Salvador, Bahia.

Her style is considered axé but her music also steers into samba and MPB territory, also drawing on African rhythms and reggae at times. Menezes is best known in Brazil for her song ""Me Abraça e Me Beija"", a major hit in 1990. She also scored another hit with ""Dandalunda"", a song which became the unofficial anthem of the 2003 Salvador carnival. <a href=""https://www.last.fm/music/Margareth+Menezes"">Read more on Last.fm</a>",Brazil
Freddie Notes,8914,24149,biografia no encontrada,
Thievery Corporation,1861226,62847267,"Thievery Corporation is a Washington, D.C.-based recording artist and DJ duo consisting of Rob Garza and Eric Hilton and their supporting artists. Their music style mixes elements of dub, acid jazz, Indian classical and Brazilian (such as bossa nova) with a lounge aesthetic.

Thievery Corporation is on the Eighteenth Street Lounge record label named after the DC club owned by Eric Hilton, but several of their singles and EP's appear on the 4AD and !K7 labels. <a href=""https://www.last.fm/music/Thievery+Corporation"">Read more on Last.fm</a>",Brazil
Los Rabanes,38694,359943,"Panamá wasn't a country known by its music in the world, until Los Rabanes appeared on the scene. Not only do they represent their country  in the music scene, but they do it with a fusion worthy of a country located in the center of the continent.
Genres as Reggae, Cumbia, Vallenato, Andina Music, Salsa, Merengue, are mixed with Rock and Ska in Rabanes' music, lyrics about Love, Politics and Fun are the Los Rabanes music subjects.
 <a href=""https://www.last.fm/music/Los+Rabanes"">Read more on Last.fm</a>",
Braga Boys,88703,268044,biografia no encontrada,
Shabba Ranks,223101,1226186,"Shabba Ranks (born Rexton Rawlston Fernando Gordon on 17 January 1966, in Sturgetown, St Ann's, Jamaica) is known as one of the most popular dancehall artists ever. Ranks gained his fame mainly by practicing dee jaying rather than singing tunes similarly to his contemporaries.

Starting out on the King Jammys Superpower sound system in Jamaica, Shabba quickly emerged on the Jamaican and international stages in the late 1980's with a number of fellow artists. <a href=""https://www.last.fm/music/Shabba+Ranks"">Read more on Last.fm</a>",Jamaica
Rastrillos,4331,42557,"We are a reggae band from Mexico, our base is D.F, but the members come from diferents parts of the world (Celaya, Cuba, Argentina, Tepalcates, Coyoacanos, etc.). We 've been playing for more than 15 years, we've played with some international artists like Alpha Blondy,Pato Banton, Black Uhuru, Israel Vibration, Jimmy Cliff, Linton Kwesi Jhonson, Michael Frantti, Los Mocosos, los Pericos, Quinto Sol, Cultura Profetica, Arman rock, Chololo, La Lupita <a href=""https://www.last.fm/music/+noredirect/Rastrillos"">Read more on Last.fm</a>",
Jimmy Somerville,149610,1088249,"Jimmy Somerville (b. June 22, 1961) is a Scottish pop singer. Was a star in the 80's with Bronski Beat and The Communards as well as while working solo.

Born and raised in Glasgow with his signature falsetto singing style, he happens to also be a left-wing human rights activist.

He went solo when the Communards split up in 1988. <a href=""https://www.last.fm/music/Jimmy+Somerville"">Read more on Last.fm</a>",
Los Calzones,19175,195812,"Los Calzones (the underpants) from Argentina is a a Ska / Rock group which is a follow-up to Los Calzones Rotos (the ragged underpants) started out in Buenos Aires in 1988. Inspired by the like of Madness, Bad Manners, The Specials, The Skatalites and The Selecter at a time when ska was out of fashion.

Nevertheless, the group went on and founded their own label to show their independence. Halfway through1991, Los Calzones Rotos, their debut, appeared <a href=""https://www.last.fm/music/Los+Calzones"">Read more on Last.fm</a>",
Kevin Lyttle,365550,2091942,"Kevin Lyttle (born Lescott Kevin Lyttle Coombs, on 14 September 1976) is a soca artist hailing from Saint Vincent, who had a worldwide hit with the interpellative soca ballad, ""Turn Me On"" which was recorded by Lyttle and the ragga soca artist Spragga Benz. The song was originally done by the rhythm and a blues group

Lyttle recorded ""Turn Me On"" in Saint Vincent and the Grenadines in 2001. His strong live performances of soca influenced by hip hop and r&b made the song a hit throughout the Caribbean. <a href=""https://www.last.fm/music/Kevin+Lyttle"">Read more on Last.fm</a>",
High Tone,133079,2548457,"High Tone was formed in the year 1997 in the city of Lyon, France. The idea and leitmotiv of the musicians were to mix the traditional dub music with their others musical influences such as drum'n'bass, hip-hop or Oriental music. They also mixed up the instruments: using turntables and samples as well as the more traditional guitar, drums and bass-guitar.

After a few self produced vinyl EPs -Bot Bud Seasons (1997) and Low Tone (1998)- High Tone signed at the label Jarring Effects. <a href=""https://www.last.fm/music/High+Tone"">Read more on Last.fm</a>",
Ganja,14120,154049,"There are currently three artists with this name

1. A  Mexican Reggae Group.
Ganja is a Mexican reggae band, originally from Mexico City, who was born in late 1995 as one of the pioneering bands banda in Mexican reggae movement with Splash, Rakes, The Commune and Antidoping. It has musical influences with Salsa, Merengue, Jazz and Blues, but has always been distinguished for its reggae. He participated in the last four editions of Razteca Festival, the largest reggae in the country. <a href=""https://www.last.fm/music/Ganja"">Read more on Last.fm</a>",Mexico
Banda Eva,189341,2995755,"The EVA (or group known as Banda EVA) is a band of Bahian axé music that has had great success during the 1990s, under the voice of Ivete Sangalo.  After Sangalo left for a solo career, lead vocals were taken by Emanuelle Araújo, then Saulo Fernandes, and most recently Felipe Pezzoni. 

Banda EVA emerged from a carnaval troupe.  At the end of the 1970s, a group of friends, members of the Marist College community of Salvador, met every week-end to chat and sing. <a href=""https://www.last.fm/music/Banda+Eva"">Read more on Last.fm</a>",
311,1620619,38907511,"311 was formed in 1990 in Omaha, Nebraska, by singer/guitarist Nick Hexum, singer S.A. Martinez, guitarist Tim Mahoney, drummer Chad Sexton and bassist P-Nut. The band now resides in Los Angeles, California.
 
311 mix rock, rap, reggae and funk into their own unique sound. After years of consistent touring, 311 have developed a reputation as one of the hardest working, most influential and most entertaining live bands in the U.S.
 
311 have released ten studio albums <a href=""https://www.last.fm/music/311"">Read more on Last.fm</a>",
É O Tchan,155941,1405064,"É o Tchan! (not to be confused with the ghettotech producer/DJ ""tchan"") is a popular axé music group from Salvador, Brasil.

Originally called Gera Samba, they exploded onto the scene with their hit single 'Segura o Tchan'. Their first album, called É o Tchan (1995), sold into triple platinum.

After legal problems, the name of the band changed from Gera Samba to É o Tchan and with this name, they released the album 'Na Cabeça e na Cintura' [In the Head and In the Waist]. <a href=""https://www.last.fm/music/+noredirect/%C3%89+O+Tchan"">Read more on Last.fm</a>",
Sean Paul,2975669,45013425,"Sean Paul Ryan Francis Henriques (born January 9, 1973 in Kingston, Jamaica) is a Grammy Award winning reggae and dancehall singer and rapper. He released his debut solo album, Stage One, in 2000 and followed this in 2002 with Dutty Rock, which won the 2004 Grammy Award for best reggae album and generated four top twenty Billboard Hot 100 hits, including #1 'Get Busy'. His new cd, Tomahawk Technique, was released in February 2012 and has generated another hit ""She Doesn't Mind"". <a href=""https://www.last.fm/music/Sean+Paul"">Read more on Last.fm</a>",
Terra Samba,60372,357177,"Terra Samba is a brazilian Sambareggae group from Salvador da Bahia. In 1998 they quickly captured the hearts of the brazilian people with their mega hit ""Liberar Geral"". Typical for their music is its brazilian and carribean rhythm. A few more famous songs include ""Deus é Brasileiro"", ""Na Manteiga"", ""Banho De Chuveiro"" and ""Carrinho De Mão"".

The band consists of members Mário Ornellas and Edson Souza, both former percussionists of the popular band Gerasamba. <a href=""https://www.last.fm/music/Terra+Samba"">Read more on Last.fm</a>",Brazil
Jazz Jamaica All Stars,12871,86604,"In 1991, inspired by the rhythms of traditional Jamaican music and the largely improvisational nature of jazz, original Jazz Warrior, and veteran jazz double bassist, Gary Crosby turned a musical concept into a joyful reality.

Gary’s concept was to create a quintessential fusion of mento, ska, reggae and jazz, playing classic and modern jazz standards alongside Jamaican folksongs. To achieve this, he gathered together a group of musicians drawn from the jazz and reggae circuits, each of whom is a distinguished musician in his own right. <a href=""https://www.last.fm/music/Jazz+Jamaica+All+Stars"">Read more on Last.fm</a>",Jamaica
Sizzla,486307,6183342,"Sizzla Kalonji (real name Miguel Orlando Collins) is a Jamaican reggae musician. He was born on 17 April 1976, in St Mary, Jamaica, of devout Rastafari parents and raised in August Town. He is unusually prolific, even by Jamaican standards.  Sizzla has worked with such artists as Mobb Deep.

Sizzla, along with reggae recording artists such as Capleton, Buju Banton, and Anthony B, are credited with leading a movement toward a re-embracement of Rastafarian <a href=""https://www.last.fm/music/Sizzla"">Read more on Last.fm</a>",Jamaica
Planta e Raiz,119488,2082392,"Planta e Raiz é um grande nome do reggae nacional. Formada em 98 começou a carreira apresentando-se na capital e no litoral paulista tocando covers de Bob Marley, Gilberto Gil e Edson Gomes. O primeiro álbum, Que Brota da Terra, alavancou o nome da banda e os levou a se apresentar ao lado de grandes nomes do reggae. Seu segundo álbum, Esse é o Remédio, foi um grande sucesso, as músicas Com Certeza e Aquele Lugar, obtiveram os primeiros lugares nas principais rádios do segmento jovem. <a href=""https://www.last.fm/music/Planta+e+Raiz"">Read more on Last.fm</a>",
Capleton,379631,3401487,"King Shango, King David, The Fireman and The Prophet.

A wise man once said that a prophet is not without honour save in his own country and so it has been with Capleton. While the veteran DJ's words and works long ago earned him the title of ""The Prophet"", the respect and honor that should rightfully be his have been a long time coming. ""Anytime you try to uplift righteousness and upliftment of the people them, then you ah go get a fight"", says the hottest entertainer in the worldwide reggae fraternity. <a href=""https://www.last.fm/music/Capleton"">Read more on Last.fm</a>",
Jennifer Lara,53974,415078,"Jennifer Lara recorded at Coxsone Dodd's famed Studio One studio for most of her career and released her own album in the 70s entitled 'Studio One Presents Jennifer Lara' (pictured left).

It is reported that her last song - 'Ordinary People' (a duet with Dalton Browne) - was recorded at Studio One just two weeks ago and she toured recently as a backing vocalist with The Ethiopians.

During her over 35 year association with the studio, Jennifer Lara added backing vocals to the songs of some of the camp's biggest names <a href=""https://www.last.fm/music/Jennifer+Lara"">Read more on Last.fm</a>",
Banda Calypso,158364,8407703,"Banda Calypso was a Brazilian brega pop band formed in Belém, Pará, Brazil in 1999. The band was composed by Joelma da Silva Mendes and producer/guitarist Cledivan Almeida Farias, better known as Chimbinha.

The band achieved unbelievable success in the early 2000s and became a leader in CD and DVD sales, with approximately 15 million albums and over 5 million DVDs distributed in Brazil, making it one of the record-breaking bands of the country in sales. 
 <a href=""https://www.last.fm/music/Banda+Calypso"">Read more on Last.fm</a>",Brazil
Chulito Camacho,8761,88244,"osué Luque Chulito Camacho es uno de los máximos exponentes del creciente movimiento dancehall reggae de nuestro país. A su prolífica labor como compositor y productor de ritmos se le suma su conocida originalidad como letrista y dj , que es el nombre que reciben los cantantes de este tipo reggae de la pista de baile que se emparenta con un estilo cercano al rap por la rapidez de sus ritmos y la temática urbana de sus líricas.

Todo lo que podemos <a href=""https://www.last.fm/music/Chulito+Camacho"">Read more on Last.fm</a>",
Skalariak,84993,1465762,"Skalariak is a band from the Basque Country founded in 1994 by Juantxo Skalari and Peio Skalari. As indicated in the name, Skalariak plays Ska. In most of their songs they play solid Ska, sometimes with influences from Reggae, Punk or Latin music. Skalariak also spreads a political message against globalization and capitalism in their songs. Their lyrics are in Spanish and Basque. <a href=""https://www.last.fm/music/Skalariak"">Read more on Last.fm</a>",Spain
Tiken Jah Fakoly,159948,2344950,"Tiken Jah Fakoly (1968) is a reggae singer from Odienné, Côte d’Ivoire (a.k.a Ivory Coast).

Tiken Jah was born into a family of griots and christened Doumbia Moussa Fakoly on June 23, 1968 in Odienne, north-western Côte d'Ivoire. He discovered reggae at an early age, assembling his first group, Djelys, in 1987. He became well-known at a regional level, but would soon ascend to national recognition.

Concerned by the social and political evolution of his country <a href=""https://www.last.fm/music/Tiken+Jah+Fakoly"">Read more on Last.fm</a>",
Sergent Garcia,168324,1175164,"Sergent Garcia is the group formed around the French singer Bruno Garcia, a former guitarist of punk band Ludwig Von 88.

Sergent Garcia mixes reggae, salsa, raggamuffin, rock and other trends in a new style he defines as the salsamuffin.

In 2011, he released his sixth studio album, Una y otra vez (Cumbancha / The Gwagwita), recorded in France, Spain, Cuba and Colombia.

Together with Colectivo Iye Ife, Sergent Garcia started a world tour that began in Paris in March 2011 and made appearances in through Europe <a href=""https://www.last.fm/music/Sergent+Garcia"">Read more on Last.fm</a>",France
Ivete Sangalo,459711,15159080,"Ivete Maria Dias de Sangalo (born May 27, 1972 in Juazeiro, Bahia) is a Latin Grammy Award-winning Brazilian singer, songwriter, television show host and occasional actress. She is currently one of the most popular and best-selling Brazilian female singers, with six albums released with Banda Eva, and eight studio albums in her solo career, with a total of over 12 million albums sold worldwide. Sangalo is most often recognized by her powerful voice, charisma and live performances. <a href=""https://www.last.fm/music/Ivete+Sangalo"">Read more on Last.fm</a>",Brazil
La Tremenda Korte,11877,178094,"La Tremenda Korte, homologo del popular programa de la radio Cubana con su clasico personaje Tres Patines, es uno de los grupos mas solidos y duraderos que salieron del movimiento Ska chilango de los años 90. Con el tiempo han madurado como musicos...a tal grado que la exclusiva disquera ""Opcion"" les produjo este album y tambien han participado en importantes festivales culturales come el Afrocaribeno Veracruz 2001. Aun pretenden mantener la enigma de ser banda del underground. <a href=""https://www.last.fm/music/La+Tremenda+Korte"">Read more on Last.fm</a>",
Errol Dunkley,79759,391652,"Errol Dunkley is a Jamaican reggae singer, born in Kingston in 1951. Dunkley's recording career began in 1965, when he was fourteen, with ""Gypsy"" (a duet with Roy Shirley) for Lindel Pottinger's Gaydisc label, ""My Queen"" (with Junior English) for Prince Buster, and ""Love Me Forever"" on the Rio label [1]. Between 1967 and 1968 he recorded several singles for Joe Gibbs including ""Please Stop Your Lying"" (1967) and ""Love Brother"" (1968), before switching to Coxsone Dodd in 1969.[2] <a href=""https://www.last.fm/music/Errol+Dunkley"">Read more on Last.fm</a>",Jamaica
Cornell Campbell,171266,1057802,"Cornell, or Cornel, Campbell started recording in 1956, cutting shuffle and early ska tunes like ""My Treasure"" and ""Don't Want Your Loving"" at the ubiquitous Studio One for Coxsone Dodd. His singing style is delicate and ephemeral, making heavy use of falsetto. His stint at Studio One produced some beautiful tunes like Stars, Queen Of The Minstrels, Magic Spell, Trick In The Book and many others. His sister, Cecille Campbell, also sang at Studio One and was a member of the Soulettes with Rita Marley. <a href=""https://www.last.fm/music/Cornell+Campbell"">Read more on Last.fm</a>",
Intoxicados,121566,3530837,"Banda de Cristian 'el Pity' Alvarez, formada al finalizar Viejas Locas. Mas alla del Rock Stone caracteristico, tambien exploran en el hip-hop, reggae o con bases electronicas <a href=""https://www.last.fm/music/Intoxicados"">Read more on Last.fm</a>",
Mad Caddies,393930,12538361,"The Mad Caddies are a ska punk band from Goleta/Santa Barbara/Solvang, USA. The band formed in 1995 and has released five full-length albums, one live album, and two EP's. Their sound has influences from a wide range of genres, including ska, punk, hardcore, swing, reggae and jazz.

Founding members Chuck Robertson, Sascha Lazor, Todd Rosenberg, Carter Benson and James Malis started the group in high school but the band's membership has changed frequently since its inception. <a href=""https://www.last.fm/music/Mad+Caddies"">Read more on Last.fm</a>",
Dandy,50726,219746,"For the Jamaican artist see Dandy Livingstone and correct your ID3/tags.

There are multiple artists with this name:

1) Hip Hop artist from Mykolaiv, Ukraine signed on 8 BIT.

2) House music DJ from São Paulo, Brazil signed on Fire Beats Records.

3) Atlanta, GA-based rapper affiliated with http://www.last.fm/label/Mannyo. Stylized as DANDY, DANDY creates heavy, pounding club rap mixing everything together from southern trap to sailor moon transformations. <a href=""https://www.last.fm/music/Dandy"">Read more on Last.fm</a>",Jamaica
The Pioneers,181272,1226878,"The Pioneers are a Jamaican reggae vocal trio, whose main period of success was in the 1960s. The trio has had different line-ups, and still occasionally performs.
The Pioneers were formed in 1962 by brothers Sydney and Derrick Crooks, and their friend Winston Hewitt. Their early recordings ""Good Nanny"" and ""I'll Never Come Running Back to You"" were self-produced at the Treasure Isle studio using money lent to the Crooks brothers by their mother and appeared on Ken Lack's Caltone label. <a href=""https://www.last.fm/music/The+Pioneers"">Read more on Last.fm</a>",Jamaica
Greyhound,41196,258681,"There are at least five artists called Greyhound.  
1) A Reggae band that had hits in the late 60's and early 70's on the Trojan Record Label.  Hits included Black and White, Sky High, I Am What I Am, Dream Lover and more. 
Greyhound was originally formed by Danny Smith and Freddie Notes & The Rudies in the late 1960s and released tracks under a variety of names, including the Rudies, the Tilermen and Des All Stars, before settling on the Greyhound name. <a href=""https://www.last.fm/music/Greyhound"">Read more on Last.fm</a>",
Culture,339706,3024558,"There are at least two artists that have used this name:
1. A roots reggae band from Jamaica
2. A straight edge metalcore band from Florida, US

1. Culture was a Jamaican roots reggae group founded in 1976. Originally they were known as the African Disciples.

The members of the trio were Joseph Hill (lead vocals), Albert Walker (backing vocals) and Kenneth Dayes (backing vocals).

Shortly after Culture came together, they began working with the ""Mighty Two"" – producer Joe Gibbs and engineer Errol Thompson. <a href=""https://www.last.fm/music/Culture"">Read more on Last.fm</a>",Jamaica
Buju Banton,479809,4663411,"Buju Banton (born Mark Myrie 1973) is a Jamaican dancehall, ragga, and reggae singer. He was born in a slum near Kingston, Jamaica called Salt Lane. ""Buju"" is a nickname  which is of  Breadfruit. The name is ironic in light of Mark Myrie's slim frame and large head, but it is, nevertheless, the nickname his mother gave him as a child. ""Banton"" is a Jamaican word referring to someone with a superior attitude and a gift with speech, but it was also the name of a local artist Burro Banton that Buju admired as a child. <a href=""https://www.last.fm/music/Buju+Banton"">Read more on Last.fm</a>",Jamaica
The Aggrolites,133203,3001957,"The Aggrolites are a reggae band from Los Angeles, California. The Aggrolites are an amalgamation of two previous Los Angeles reggae and ska bands, the Vessels and the Rhythm Doctors, and were originally formed in 2002 as an in-concert backing band for reggae icon Derrick Morgan. The band were asked to record music for a new album for Morgan, and though the actual project was never released, the recording sessions inspired the Aggrolites to become a permanent band. <a href=""https://www.last.fm/music/The+Aggrolites"">Read more on Last.fm</a>",
Sugar Minott,214215,1489020,"Sugar Minott (born Lincoln Barrington Minott, May 25, 1956 in Kingston, died Saturday July 10, 2010 in Kingston) was a Jamaican reggae singer, producer and sound-system operator known for his sweet roots dancehall style.

Sugar Minott spent his youth hanging around the legendary ""Studio 1"" listening to the artists that recorded there, such as Alton Ellis, Ken Boothe, The Heptones, Dennis Brown and others.

Sugar began his career with the formation of the African Brothers <a href=""https://www.last.fm/music/Sugar+Minott"">Read more on Last.fm</a>",Jamaica
Nina Sky,382456,1885407,"Natalie and Nicole Albino (born in New York City) are identical twin sisters who sing under the name ""Nina Sky"". They are half-Puerto Rican and half-Dominican.

Their parents moved from Puerto Rico and were divorced when the girls were very young. The twins' mother remarried with a DJ, who also happened to be Puerto Rican. They grew up in the Queens and Roosevelt Island sections of New York.

Since their stepfather worked as a DJ, the twins were influenced by different types of music. <a href=""https://www.last.fm/music/Nina+Sky"">Read more on Last.fm</a>",
Gregory Isaacs,648270,6314331,"Gregory Anthony Isaacs ⋆ 15 July 1951 in Kingston, Jamaica ⋆ 25 Oct 2010 in London UK ⋆ was a Jamaican singer and songwriter. He recorded an enormous amount of songs in the genres (regular) reggae, lovers rock, roots reggae. His nickname was the Cool Ruler. By the late 1970s, Isaacs was one of the biggest reggae performers, regularly touring the US and the UK. Well-known songs are Night Nurse, Mr Cop, My Only Lover, Tune In, and Love Is Overdue. <a href=""https://www.last.fm/music/Gregory+Isaacs"">Read more on Last.fm</a>",Jamaica
Manu Chao,1947355,60069025,"Manu Chao, born José-Manuel Thomas Arthur Chao on June 21, 1961, in Paris, France, is a multifaceted musician celebrated for his eclectic musical style and socially conscious lyrics. Chao's musical journey began in the vibrant Parisian music scene, where he immersed himself in diverse influences ranging from punk and rock to reggae and salsa. Co-founding the band Mano Negra in 1987, Chao showcased his knack for blending genres, resulting in international acclaim with albums like ""Patchanka"" (1988) and ""Casa Babylon"" (1994). <a href=""https://www.last.fm/music/Manu+Chao"">Read more on Last.fm</a>",
Banda Bassotti,47094,1064622,"Punk and Ska band from Italy. Their songs are generally rational in nature, focusing on socialism, internationalism and atheism issues. its music can to remind The Clash, Angelic Upstarts, Red London, Hard Skin, The Selecter or Madness.

Banda Bassotti was formed in 1988, by a group of politically active musicians who began to sympathize with the Nicaraguan, Salvadorean, Palestinian, and Basque people fights. This group of friends supports the Frente Sandinista de Liberacion Nacional with solidarity initiatives by creating some work brigades. <a href=""https://www.last.fm/music/Banda+Bassotti"">Read more on Last.fm</a>",
Burning Spear,532849,6146803,"Winston Rodney (born March 1, 1945), also known as Burning Spear, is a Jamaican roots reggae singer and musician. Like many famous Jamaican reggae artists, Burning Spear is known for his Rastafari movement messages.
Rodney was born in Saint Ann's Bay, St. Ann, Jamaica, as were Bob Marley and Marcus Garvey; who both had a great influence on Rodney's life. Garvey in his philosophy, which Burning Spear greatly took to, and Marley in directly helping Burning Spear get started in the music industry. <a href=""https://www.last.fm/music/Burning+Spear"">Read more on Last.fm</a>",Jamaica
Talco,80750,3256985,"Note: There are two different bands named Talco.
Talco's (Italy) project starts off within December 1999 and January 2000 as a politic ska-core band composed of Tomaso (vocals + guitar), Daniele (guitar) and Nicola (drums). During their first period Rocco (guitar) takes over in while Daniele begins to play bass: the most important arrival is, though, the one of Riccardo at the trumpet. With him the band starts playing around, starting with a ska festival, in Lugo di Romagna (Ravenna. <a href=""https://www.last.fm/music/Talco"">Read more on Last.fm</a>",
Aswad,292261,2165227,"Aswad (""Black"" in Arabic) is a long-lasting British reggae group, noted for adding strong R&B, soul, and soca influences to the reggae sound. They have been performing since the early 1970s, and have released a total of twenty-one albums.

As naturalised children of immigrants from the Caribbean, part of the aftermath of World War II, the children were moved to London. They attended a local high school near Ladbroke Grove, and various junior schools as Tan Tan children of immigrants from the Caribbean around West London in 1975. <a href=""https://www.last.fm/music/Aswad"">Read more on Last.fm</a>",United Kingdom
Tanya Stephens,162278,1475346,"Tanya Stephens (July 2, 1973) born Kingston, Jamaica, is a one of the most influential female Jamaican reggae artists that emerged in the late 1990s. Stephens is most known for her hit ""Yuh Nuh Ready fi Dis Yet."" The single was later featured on the Reggae Gold 1997 compilation album. <a href=""https://www.last.fm/music/Tanya+Stephens"">Read more on Last.fm</a>",Jamaica
Mallacán,480,8891,"Mallacán is an Aragonese rock band that sings in Aragonese language. Formed in 1992, their first recording was a 1995 Demo-tape titled ""Entalto a reboluzión!"" (Up the revolution!) and since them they have released 3 albums: ""Luen d'o paradiso"" (Far from paradise) in 1999, ""Chera chera!"" (Bonfire bonfire! an expression used in Aragonese Pyrenees to stoke fire up) in 2002 and ""País zierzo"" (Refers to Aragón) in 2005

Mallacán's music is a fusion of Rock, Folk, Ska and Reggae <a href=""https://www.last.fm/music/+noredirect/Mallac%C3%A1n"">Read more on Last.fm</a>",
Elephant Man,268044,2241510,"Two artists go under the name Elephant Man:

1) Elephant Man (born September 11, 1976 as O'Neil Bryant in Kingston, Jamaica, also known as The Energy God) is one of the most colorful characters on the dancehall scene.

His stagename stemmed from his large ears, which led to the nickname Dumbo in his youth. ""Ele"" started out his musical career as a member of the Scare Dem Crew, later continuing as a solo artist. He was later characterized for several trademarks <a href=""https://www.last.fm/music/Elephant+Man"">Read more on Last.fm</a>",
The Mighty Mighty Bosstones,737589,13179483,"The Mighty Mighty Bosstones were a ska punk band from Boston, Massachusetts, United States (Bosstones is a play on Boston). Their last lineup was Dicky Barrett (vocals), Joe Gittleman (bass), Lawrence Katz (guitar), Ben Carr (dancer, ""Bosstone""), Joe Sirois (drums), Timothy ""Johnny Vegas"" Burton (saxophone), Kevin Leaner (saxophone) and Chris Rhodes (trombone)

Formed in 1985, The Mighty Mighty Bosstones started playing in Boston clubs in the mid-1980s. <a href=""https://www.last.fm/music/The+Mighty+Mighty+Bosstones"">Read more on Last.fm</a>",
The Limp Twins,136255,998008,"The Limp Twins are Will Holland (a.k.a quantic) and Russell Porter, who created their album tales from beyond the groove (TRUCD057, 2003) in their bedrooms (according to the cd cover). The record is a funky offering somewhere in between the sound of Will Holland's other projects, quantic and the quantic soul orchestra, but is definately more laid back. 

For more information on this project, check out quantic's website: about The Limp Twins. <a href=""https://www.last.fm/music/The+Limp+Twins"">Read more on Last.fm</a>",
Third World,244231,1688193,"Third World is a Jamaican reggae group consisting of William 'Bunny Rugs' Clark (vocals), Steven 'Cat' Coore (guitar, cello, harmonica, vocals), Richard 'Richie' Daley (bass, vocals), Herbert Harris (Keyboard), and Tony Williams (drummer).

They were formed in 1973 and are still releasing records today.  Their lineup has changed over the years, as has their musical style, although it has not strayed too far from the ""roots reggae"" style that they are generally categorized as. <a href=""https://www.last.fm/music/Third+World"">Read more on Last.fm</a>",Jamaica
Cypress Hill,2233483,53026725,"Cypress Hill is an American hip-hop group from South Gate, California. Cypress Hill was the first latino group to have platinum and multi-platinum albums and one of the first rap groups to gain a following with fans of hard rock and metal. The band was originally called DVX, but the name was changed after Mellow Man Ace left in 1988.

Their first album, which was self-titled, was released in August 1991. Its single was ""Phuncky Feel One"", but it was <a href=""https://www.last.fm/music/Cypress+Hill"">Read more on Last.fm</a>",United States
Hepcat,102463,1389421,"Hepcat are a third wave ska band formed in southern California in 1989.

Their soulful harmonies and mellow rhythms were unlike those of contemporaries and more akin to musicians from the heyday of 1960s Jamaican ska, also referred to as the first wave.

Hepcat's debut album, ""Out of Nowhere"" was released in 1994 on New York-based ska label Moon Records. Two years later, they followed it up with ""Scientific"" on BYO Records. In 1998, after signing with Epitaph Records subsidiary HellCat Records <a href=""https://www.last.fm/music/Hepcat"">Read more on Last.fm</a>",Jamaica
Dr. Calypso,20489,215300,"Dr. Calypso és un grup barceloní d'ska fundat el 1989.

Després de grabar sa primera maqueta al 1990, han editat quatre àlbums d'estudi, un doble CD en directe i dos recopilatoris. Early Years (2004) està dedicat als seus primers anys, i en ell es troba sa maqueta, per primera vegada disponible en CD. The Best of Dr. Calypso (Groover, 2004) és un recopilatori exclusiu per a sa distribució a Europa.

Són molt coneguts dins del circuit de música jamaicana internacional <a href=""https://www.last.fm/music/Dr.+Calypso"">Read more on Last.fm</a>",
Dr. Ring Ding,12360,133455,"
Dr. Ring-Ding a.k.a. Richie Senior was born in 1970 in Münster, Germany to a multi-cultural and musical household. His introduction to music began with singing along with his family and learning the recorder (deathly boring) but he soon switched to more interesting instruments such as the trombone. From 1987 on he played in the horn section of El Bosso & die Ping Pongs, one of Germany‘s most famous Ska bands and the only one of its time which sang in German. From this experience he came to love Jamaican music. <a href=""https://www.last.fm/music/Dr.+Ring+Ding"">Read more on Last.fm</a>",Jamaica
The Skatalites,371046,5275481,"The Skatalites are a Jamaican music group that played a major role in popularising ska, the first truly Jamaican music created by fusing boogie-woogie blues, rhythm and blues, jazz, mento, calypso, and African rhythms. They recorded many of their best known songs, including Guns of Navarone, in the period between 1964 and 1965, as well as played on records by Prince Buster and many other Jamaican artists.

The founding members of the group were Tommy McCook <a href=""https://www.last.fm/music/The+Skatalites"">Read more on Last.fm</a>",Jamaica
Anthony B,338756,3328304,"Anthony B is the stage name of Keith Blair (born March 31, 1976), a Jamaican musician.

Blair grew up in rural Clarks Town in the northwestern parish of Trelawny. His deeply religious family life (his mother was a Seventh-day Adventist and his grandmother a Revivalist) imbued him with a profound spirituality. During his youth, his favorite singers were reggae legends Bob Marley, Peter Tosh, and Bunny Wailer, musicians who strongly influenced his own style. <a href=""https://www.last.fm/music/Anthony+B"">Read more on Last.fm</a>",Jamaica
Dandy Livingstone,165862,932424,"Dandy Livingstone (Robert Livingstone Thompson, Kingston, Jamaica, 14 December 1943) is a Jamaican reggae musician and producer

He is best known for his 1972 hit, ""Suzanne Beware of the Devil"", and for his song, ""Rudy, A Message to You"", which was later a hit for The Specials. ""Suzanne Beware of the Devil"", reached number 14 on the UK Singles Chart.

At the age of 15, Livingstone moved to the United Kingdom. Livingstone's first record was released <a href=""https://www.last.fm/music/Dandy+Livingstone"">Read more on Last.fm</a>",Jamaica
Glen Adams,26256,112667,"Glen Adams (b. Glenroy Phillip Adams, 1950) is a Jamaican musician, composer, arranger, engineer, producer, based since the mid-1970s in Brooklyn, New York.

Adams' first break in the music business came as a teenager when he appeared as a singer on Radio Jamaica's Opportunity Knocks show hosted by Vere Johns, and he began performing in Kingston and St. Andrews at weekends. He made his first record, ""Wonderthirst"", in 1960 for Coxsone Dodd at Federal Recording Studio, the title of the song becoming his nickname. <a href=""https://www.last.fm/music/Glen+Adams"">Read more on Last.fm</a>",Jamaica
Rupee,111917,695128,"Rupert Clarke (born September 10, 1975), best known by his stage name Rupee, is a soca musician from Barbados. He was born in military barracks in Germany to a German mother and a Barbadian father, who was serving in the British armed forces at the time. He is signed to Atlantic Records. <a href=""https://www.last.fm/music/Rupee"">Read more on Last.fm</a>",Germany
Tanto Metro & Devonte,61904,327200,"Tanto Metro and Devonte, a major pioneering force of the dancehall movement, have been creating hits for almost a decade now. In the late '90s, they were able to pave the way for many reggae artists. They tapped into the international mainstream markets during a time when it was unheard of for a Jamaican artist to reach the charts outside of their home country. Tanto and Devonte's instant chemistry and talent led them beyond Jamaica and into the U. <a href=""https://www.last.fm/music/Tanto+Metro+&+Devonte"">Read more on Last.fm</a>",Jamaica
UB40,1401286,18143158,"UB40 is an English reggae and pop band, formed in December 1978 in Birmingham, England. The band has had more than 50 singles in the UK Singles Chart and has also achieved considerable international success. They have been nominated for the Grammy Award for Best Reggae Album four times and were nominated for the Brit Award for Best British Group in 1984. UB40 have sold more than 70 million records worldwide. The ethnic make-up of the band's original line-up was diverse <a href=""https://www.last.fm/music/UB40"">Read more on Last.fm</a>",United Kingdom
La Kinky Beat,68140,464930,"La Kinky Beat mixes reggae, drum'n'bass, rock, ska, punk, samba etc in its music. The band comes from Barcelona and uses not only Spanish but also Catalan, English and French in the lyrics'. Website: http://www.lakinkybeat.com <a href=""https://www.last.fm/music/La+Kinky+Beat"">Read more on Last.fm</a>",France
Skaparapid,8369,145400,"A ska band from Spain. Female lead voice and happy tunes that make everyone want to dance are the main points of Skaparapid.
www.skaparapid.net <a href=""https://www.last.fm/music/Skaparapid"">Read more on Last.fm</a>",
Quique Neira,27204,213532,"Quique Neira is a Chilean reggae roots singer. <a href=""https://www.last.fm/music/Quique+Neira"">Read more on Last.fm</a>",Chile
Lutan Fyah,177757,1513233,""" ... Rastafari livity means to tolerate and to live side by side with those of other faiths no matter which race, no matter which class. The purpose of Haile Selassie is to see that we become one in unity and love ... and that is my purpose."" Lutan Fyah 

Much, much more than a deejay, much more than a singer and more than a chanter too Lutan Fyah also plays guitar, keyboards and the kette drum. He holds strong beliefs in originality at all times and so he is a songwriter too and <a href=""https://www.last.fm/music/Lutan+Fyah"">Read more on Last.fm</a>",
Toots & The Maytals,510523,7701403,"Originally called simply The Maytals, are considered legends of ska and reggae music. They are from Kingston, Jamaica. Their sound is a unique, original combination of gospel, ska, soul, reggae and rock. Frederick ""Toots"" Hibbert, the leader of the group, was born in May Pen in the Parish of Clarendon, Jamaica. He was the youngest of seven children. He grew up singing gospel music in a church choir, but moved to Kingston in 1961 at the age of sixteen. <a href=""https://www.last.fm/music/+noredirect/Toots+&+The+Maytals"">Read more on Last.fm</a>",
Easy Star All-Stars,408864,7681820,"The Easy Star All-Stars are a collective family of some of the finest reggae musicians in the New York area. The band features a rotating cast drawn from a talented pool of players, meaning that every show has its own nuances and its own life. The masterminds behind the All-Stars are Easy Star musical director Michael Goldwasser (a.k.a. Michael G), frequent production partner Victor Axelrod (a.k.a. Ticklah), and Easy Star execs Eric Smith and Lem Oppenheimer. <a href=""https://www.last.fm/music/Easy+Star+All-Stars"">Read more on Last.fm</a>",
Lennie Hibbert,23131,105207,"Leonard Aloysius Hibbert, popularly known as ""Lennie"", popularized the Vibes in Jamaica. He was born in Mavis Bank, Jamaica on November 12, 1928. His interest in music started at the early age of 2 when he devised a little drum from an empty pan. Later at the age of six the local Salvation Army allowed him to play on their drums. At the age of eight years he went to Alpha Boy's School and after some time joined the school band where he was placed on his 'old love', the drums. <a href=""https://www.last.fm/music/Lennie+Hibbert"">Read more on Last.fm</a>",
Edi Fitzroy,4695,20722,"Fitzroy Edwards (17 November 1955 – 4 March 2017), better known by his stage name Edi Fitzroy, was a Jamaican reggae singer, active from 1975 but best known for his work in the dancehall era.

Edwards was born in Chapelton, Clarendon Parish, Jamaica and attended Chapelton All-Age and Clarendon College. He was exposed to music from an early age via his father Vasco Edwards' sound system. After studying at the West Indies Commercial Institute, he <a href=""https://www.last.fm/music/Edi+Fitzroy"">Read more on Last.fm</a>",Jamaica
Dakidarria,4839,80562,biografia no encontrada,
Wyclef Jean,855690,9080055,"Wyclef Jean (born October 17, 1972 in Croix-des-Bouquets, Haïti) is an American rapper, producer, and member of the superstar hip hop trio The Fugees, known now for a series of high-profile hit singles.

Jean moved to Brooklyn, New York when he was nine, then to Northern New Jersey, where he began playing the guitar and studying jazz in his high school. In 1987, Jean, his friend (so close they told people they were cousins growing up) Prakazrel Michel (Pras) and his classmate <a href=""https://www.last.fm/music/Wyclef+Jean"">Read more on Last.fm</a>",United States
Michael Palmer,21186,95964,"This lastfm page has tracks by two different artists, both with the name Michael Palmer

1, Michael Palmer a London based film & television composer/artist
2, Michael Palmer, a Jamaican dancehall / reggare artist of the 1980's ( see below)

A household name in the early and mid 80's dancehall / reggae era (also known as Palmer Dog in his early years). Palmer's rich, honey-coated voice covers a lot of ground, from crisp, digitized Dancehall riddims to the smooth, laid-back Lovers Rock. <a href=""https://www.last.fm/music/Michael+Palmer"">Read more on Last.fm</a>",Jamaica
The Slackers,170404,4881368,"  One of New York's most notable ska bands, the Slackers formed in Brooklyn in 1991 and have played the world over many times since.  Their first release was an eponymous self-released album, distributed by Moon Records in 1993 on cassette. Their first real debut is ""Better Late Than Never"" on Moon Ska Records. Coming out in 1996, this album saw a movement to more traditional ska music, as opposed to their earlier two-tone and garage influences. It was produced by Victor Rice <a href=""https://www.last.fm/music/The+Slackers"">Read more on Last.fm</a>",
Ska-P,447901,19813102,"Ska-P is a Spanish ska punk group formed in Vallecas (a neighborhood of Madrid, Spain) in 1994. Most of their songs feature an infectious and energic vibe and feature lyrics about non-conformity, criticism of capitalism and racism, and their defense of equal justice, plus taking part in various multicultural, alternative and anti-globalization festivals. Their song ""Cannabis"", supporting and defending the legalization of said substance, launched them to certain popularity in Spain and parts of Mexico and South America. <a href=""https://www.last.fm/music/Ska-P"">Read more on Last.fm</a>",Spain
Cañaman,5400,52298,"Cañaman is one of Spain's most recognised Reggae bands with twelve years of experience at its back. More info - http://www.canaman.com <a href=""https://www.last.fm/music/+noredirect/Ca%C3%B1aman"">Read more on Last.fm</a>",
Winston McAnuff,23177,181111,"The son of a preacher, Winston was born in 1957, in the hills of Manchester parish, near Christiana, in Jamaica. His parents were very fond of music and it was only natural for him to sing in church. After his father died in 1971, Winston left his native home and moved to Kingston, where his sister was a teacher. In this new city environment, he became friend with Hugh Mundell, Earl Sixteen and Wayne Wade. Because he was sure of their talent, he went with them to their first auditions and even wrote some of their first songs <a href=""https://www.last.fm/music/Winston+McAnuff"">Read more on Last.fm</a>",
Cutty Ranks,131001,771966,"Cutty Ranks, born Philip Thomas in Jamaica in 1965, is a reggae and dancehall artist. His stage name stems from his sometime employment as a butcher.

At the age of 14, he began his career as a reggae artist on sound systems such as Gemini, Rebel Tone, and Papa Roots. Early on in his dee jaying career he was influenced by Josey Wales. He joined Killamanjaro where he worked alongside Early B, Super Cat, Puddy Roots, and Little Twitch. His prominence on sound systems evolved in the mid-to-late 1980s on SturMars and Metromedia <a href=""https://www.last.fm/music/Cutty+Ranks"">Read more on Last.fm</a>",
Norma Fraser,17759,83526,"Norma Fraser, St. Andrew, Jamaica, Western Indies. Fraser’s preliminary documenting was a duet with Lord Inventor documented in 1961. The debut launch from the program, ‘We IS GOING TO BE Lovers’/‘Arrive On Fairly Baby’, topped the Jamaican graph and maintained a substantial profile over summer and winter. In 1963, the music was released in the united kingdom through Island Information where it demonstrated a hit one of the Western Indian community. <a href=""https://www.last.fm/music/Norma+Fraser"">Read more on Last.fm</a>",India
Goldfinger,1157260,23332613,"1) Goldfinger are a ska punk band formed in 1993 and named after the James Bond film. They were founded in California by John Feldmann on vocals and guitar, Simon Williams on bass,  ""Dangerous"" Darrin Pfeiffer on drums, and Charlie Paulson on guitar. 

Before they were signed to a major label, they released an EP titled Richter. Many of the songs on Richter are demo versions of songs on their full length debut, Goldfinger, which was released in 1996. <a href=""https://www.last.fm/music/Goldfinger"">Read more on Last.fm</a>",
Begoña Bang-Matu,1046,9937," Begoña Bang-Matu [/ artist] is known for her work in a lot of groups, especially with  Malarians [/ artist], but also with  Potato [/ artist],  Skalariak [ / artist],  Ramiccia [/ artist],  Arpioni [/ artist],  Fermin Muguruza [/ artist],  Las Damas [/ artist] or even the Jamaican Laurel Aitken [/ artist], but his solo career has always enjoyed splendid health with his more jazzy side and his admiration for those singers of the 40s such as  Sarah Vaughn [/ artist] or  Byllie Holliday [/ artist] . <a href=""https://www.last.fm/music/Bego%C3%B1a+Bang-Matu"">Read more on Last.fm</a>",Jamaica
Andre Toussaint,22781,97841,"Haitian ex-patriot  André Toussaint moved to Nassau, Bahamas in the 1950s performing as a singer-guitarist for the tourist and lounge crowd. Featuring many of his own compositions along with many current calypsos of the day, Toussaint was fluent in French, Haitian Creole, Italian, and Spanish. He performed folk songs of Bahama, was an accomplished guitarist who worked with small orchestras until his death in 1981 and was considered to be one of the founding fathers of modern Bahamian music. <a href=""https://www.last.fm/music/Andre+Toussaint"">Read more on Last.fm</a>",
Ike Bennett & The Crystalites,10657,31276,biografia no encontrada,
Harry Belafonte,879360,6862767,"Harry Belafonte (born Harold George Bellanfanti Jr. in Harlem, NYC, on 1 March 1927; died 25 April 2023) was an American singer, activist, and actor. As arguably the most successful Caribbean-American pop star, he popularized Jamaican mento folk songs which was marketed as Trinbagonian Calypso musical style with an international audience in the 1950s. His breakthrough album Calypso, released in 1956, was the first million-selling LP by a single artist.  <a href=""https://www.last.fm/music/Harry+Belafonte"">Read more on Last.fm</a>",Jamaica
Los Pericos,239128,3632361,"In 1986 a group of friends who used to get together to play music, became LOS PERICOS, the first REGGAE Rock band in Argentina. 

Their first record, “LOS PERICOS” released in 1988 was the best selling album of the year, obtaining Triple Platinum Award for its 180 thousand units sold.

One year later, they recorded KING KONG, produced by Herbert Vianna (OS PARALAMAS DO SUCESSO). Immediately after, they launched Maxi ANFITREU, a vinyl disc that impacted because of its unique style. <a href=""https://www.last.fm/music/Los+Pericos"">Read more on Last.fm</a>",
Freddie McGregor,198370,1263713,"Freddie McGregor was born on June 27, 1956 in Clarendon, Jamaica. He is a singer, musician and producer.

McGregor's career began at the age of seven. In 1963 he joined with Ernest Wilson and Peter Austin to form The Clarendonians, and began to record for the legendary Studio One label. Freddie worked with producer Niney The Observer during the late 1970s and early 1980s.

His popularity soared in the early 1980s with the release of ""Bobby Bobylon"". <a href=""https://www.last.fm/music/Freddie+McGregor"">Read more on Last.fm</a>",
Tijuana No!,41938,325593,"Tijuana No! is a Ska, Rock/Punk Mexican band, from Tijuana BC, México. It was characterized by the social critic in its lyrics, where they also showed their support to the EZLN, and made reference in his songs to racial, international and governmental problems, mainly to the immigration policies in the state of California. In its early stages they had the participation of Mexican singer Julieta Venegas. Luis Güereña, lead singer, died in 2004 due to a heart attack. <a href=""https://www.last.fm/music/+noredirect/Tijuana+No%21"">Read more on Last.fm</a>",Mexico
Johnny Osbourne,243276,1673772,"Johnny Osbourne (born Errol Osbourne, 1948) is a popular Jamaican reggae and dancehall singer from Kingston, Jamaica, who rose to success in the late 1970s and mid 1980s. His album Truths and Rights was a notable roots reggae success, and featured ""Jah Promise"" and the album's title track, ""Truths and Rights"". However, he is probably best known for his mid 1980s dancehall reggae hits ""Buddy Bye"" (based on King Jammy's Sleng Teng riddim), ""Ice Cream Love"" and ""Water Pumping"". <a href=""https://www.last.fm/music/Johnny+Osbourne"">Read more on Last.fm</a>",Jamaica
Sasha,524325,5677082,"There are currently several artists using the name Sasha:

1) Sasha, born Alexander Coe (born September 4, 1969), is a Welsh DJ and record producer. Late Night Tales Presents Sasha: Scene Delete was released in April 2016. He is also known for partnering with English DJ, John Digweed, as Sasha + Digweed. The pair released several mix albums together, including the Northern Exposure series (released between 1996 and 2001). They also released one of the all time best selling mix albums, The Renaissance Mix Collection part 1, in 1994. <a href=""https://www.last.fm/music/Sasha"">Read more on Last.fm</a>",
Damian Marley,1136684,16214549,"Damian Robert Nesta ""Jr. Gong"" Marley (born July 21, 1978 in Kingston, Jamaica) is a reggae artist who has won three Grammy awards. Damian Marley is the youngest son of reggae legend Bob Marley.

Damian was two years old when his father Bob died; he is the only child born to Marley and Cindy Breakspeare, Miss World 1976. Damian's nickname Junior Gong is derived from his father's nickname of Tuff Gong. Damian has been performing since the age of 13 and released his first album in 1996, at the age of 18. <a href=""https://www.last.fm/music/Damian+Marley"">Read more on Last.fm</a>",
Wayne Wonder,273319,1812250,"Wayne Wonder (born Von Wayne Charles in Buff Bay, Portland, Jamaica on 26 July 1972) is a Jamaican reggae fusion (specifically reggae / R&B) artist. While his early recordings were dancehall and reggae, he later moved towards hip hop and rap.

He auditioned at Sonic Sounds studio, but while Sly Dunbar was impressed, his touring commitments with Black Uhuru prevented him from signing Wonder. He had more success, however, with King Tubby, who produced his first single, ""Long and Lasting Love"", in 1985, with two more following. <a href=""https://www.last.fm/music/Wayne+Wonder"">Read more on Last.fm</a>",Jamaica
Hopeton Lewis,88019,427120,"Hopeton Lewis is a Jamaican singer.

Lewis began recording in the mid-1960s, and had one of the earliest rocksteady hits with ""Take It Easy"" in late 1966. He had several more Jamaican hits in the late 1960s and early 1970s, including the first 'herb' song ever recorded in Jamaica, ""Cool Collie"", worked for Duke Reid as an arranger and backing singer, and won the Festival Song Contest in 1970 with ""Boom Shaka Lacka"". He began working as a singer with Byron Lee & the Dragonaires, and in 1971 had a hit with ""Grooving Out On Life"". <a href=""https://www.last.fm/music/Hopeton+Lewis"">Read more on Last.fm</a>",Jamaica
Dezarie,63797,1141007,"Roots empress Dezarie has blessed the reggae community with the deliverance of her newest recording Gracious Mama Africa. Released on the Afrikan Roots Lab record label, this album emerges from the seeds planted on her amazing debut album of 2001 FYA. Gracious Mama Africa transports the incredible voice of Dezarie  to a whole new level - the highest heights. Her foundation is firmly established in songs such as Travelers and the title track. The brilliance and clarity of Dezaries voice is reverently unveiled on Exhalt. <a href=""https://www.last.fm/music/Dezarie"">Read more on Last.fm</a>",
Andy and Joey,3005,10709,biografia no encontrada,
Bob Marley & The Wailers,3351458,120666723,"Bob Marley and the Wailers (previously known as The Wailers, and prior to that The Wailing Rudeboys, The Wailing Wailers and The Teenagers) were a Jamaican ska, rocksteady and reggae band. The founding members, in 1963, were Bob Marley (Robert Nesta Marley), Peter Tosh (Hubert Winston McIntosh), and Bunny Wailer (Neville Livingston).

During 1970 and 1971, Wailer, Marley and Tosh worked with renowned reggae producers Leslie Kong and Lee ""Scratch"" Perry. <a href=""https://www.last.fm/music/Bob+Marley+&+The+Wailers"">Read more on Last.fm</a>",Jamaica
Salmonella Dub,90841,1552987,"Salmonella Dub began in New Zealand in the summer ending 1992 when Andrew, Dave and Mark applied reggae rhythms and bowel stirring basstones to a handful of bad taste covers. Salmonella Dub's first show was a mixture of covers from Fred Dagg to Nancy and Lee plus some original material in the Westport Racetrack tearooms with EST on January 13th 1993.

Over the course of 1993 the band with the aid of Ice Mac and his soundsystem worked the Dux de Lux and Steel Magnolia bars with percussionists Marcus Puentener and Craig Allen. <a href=""https://www.last.fm/music/Salmonella+Dub"">Read more on Last.fm</a>",
Axe Bahia,47501,305680,biografia no encontrada,
Los Cafres,202656,3989032,"Los Cafres is an Argentine reggae band, formed in late 1987. The group achieved popular recognition in the mid-1990s, with the release of their first album, Frecuencia Cafre. The term «cafre» comes from the Arabic adjective ""kafir"", which in the first instance means ""unfaithful"" and which later changed its meaning towards ""brutal to the highest degree""; meaning of the term with which the band chooses to identify itself. <a href=""https://www.last.fm/music/Los+Cafres"">Read more on Last.fm</a>",
Keith & Tex,66866,305314,"The duo Texas Dixon (b. 1948, Kingston, Jamaica, West Indies) and Keith Rowe (b. 22 October 1950, Kingston, Jamaica, West Indies) recorded for Derrick Harriott in the late 60s. Rowe recorded solo and then emigrated to USA, while Dixon moved to Canada.
 
   *  Don't Look Back, 1968
    * Let Me Be The One, 1968
    * Lonely Man, 1968
    * Stop That Train, 1967
    * This Is My Song, 1968
    * Tonight, 1967
 <a href=""https://www.last.fm/music/Keith+&+Tex"">Read more on Last.fm</a>",
Hawkeye,22051,83164,"There are several bands with the name (Hawkeye), including a Jamaican Dancehall artist and a number of Rock and Folk artists.

1: Hawkeye (Jamaican Dancehall Artist)
""Arrest Mi Officer"" provided the launching pad that his career needed. That was back in the mid 1990's when he was with the Main Street label. But after the label's head honcho, Danny Browne switched from secular music to producing gospel, he teamed up with Byron Murray of In the Streets Records. <a href=""https://www.last.fm/music/Hawkeye"">Read more on Last.fm</a>",Jamaica
Lynn Taitt,15108,49782,"Lynn Taitt (22 June 1934 – 20 January 2010) was a guitarist born in San Fernando, Trinidad and Tobago, closely associated with Jamaican rocksteady music.

Born Nerlynn Taitt, in San Fernando, Trinidad, he got his start as a musician playing in local steel drum bands, before taking up the guitar aged 14. He formed his own band, which was booked by Byron Lee to perform at the 1962 independence celebrations in Jamaica. Taitt decided to stay in Jamaica <a href=""https://www.last.fm/music/Lynn+Taitt"">Read more on Last.fm</a>",Jamaica
Sugar Daddy,20531,81541,"Sugar Daddy (1): Ragga/Soca Singer from Missouri, Texas. (2) British Funk/Rock band from St. Albans, Hertfordshire, England.

1) Ragga/Soca singer on Sony Records.

2)Funk/Rock band from St. Albans, Hertfordshire, England. Formed in 2005, Sugar Daddy released a self-titled E.P. in 2006 and have recently released a mini-album entitled ""This Ain't No Party: This Ain't No Disco"". They are a mixture of genres with influences ranging from Parliament Funkadelic to Steely Dan. <a href=""https://www.last.fm/music/Sugar+Daddy"">Read more on Last.fm</a>",United Kingdom
Phoebe 1,687,2902,biografia no encontrada,
Adriana Lua,2040,8277,biografia no encontrada,
Banda Kebradeira,523,822,biografia no encontrada,
Holy Piby,7180,42993,"Holy Piby was born in Buenos Aires and is playing modern reggae since 2003, the band is formed by 11 musicians that fusion reggae, rock, funk and dub. Their influences are black roots: Funk, Soul, Reggae, Hip Hop. (Steel Pulse, Ziggy Marley, Ben Harper, James Brown, Third World ).
 <a href=""https://www.last.fm/music/Holy+Piby"">Read more on Last.fm</a>",
Cultura Profética,149776,3427514,"Cultura Profética is a Puerto Rican reggae roots band. Formed in 1996, they stand out as one of the most influential bands in Latin America, touring extensively throughout the biggest venues on the continent. With nine, independently released albums, the band is composed of 12 musicians that achieve a musical fusion of traditional roots reggae mixed with harmonies of salsa, jazz, electronica, trip hop, ska, and afro-caribbean rhythms, among others. <a href=""https://www.last.fm/music/+noredirect/Cultura+Prof%C3%A9tica"">Read more on Last.fm</a>",
King Chango,41897,291361,"Latin music is given its hardest edge by New York based band King Chango. Combining dancehall chants, deep space dub, straight up skanking and Latin rhythms, King Chango creates some of contemporary music's most intense dance music. According to Spin magazine, the band combines ""Gen-X irony with the street energy of classic salsa and a hyperactive horn section."" King Chango, which takes its name from the god of music and partying in the Afro-Cuban religion of Santeria <a href=""https://www.last.fm/music/+noredirect/King+Chango"">Read more on Last.fm</a>",
Peter Tosh,834273,9893653,"Winston Hubert McIntosh, OM (19 October  1944 – 11 September 1987), professionally known as Peter Tosh, was a Jamaican reggae musician. Along with Bob Marley and Bunny Wailer, he was one of the core members of the band the Wailers (1963–1976), after which he established himself as a successful solo artist and a promoter of Rastafari. He was murdered in 1987 during a home invasion.

Early music and with the Wailers
Tosh was born in Westmoreland, the westernmost parish of Jamaica. <a href=""https://www.last.fm/music/Peter+Tosh"">Read more on Last.fm</a>",Jamaica
Jackie Mittoo,177763,1867252,"Jackie Mittoo (Donat Roy Mittoo, Browns Town, Saint Ann Parish, Jamaica, 3 March 1948 — Toronto, Ontario, Canada, 16 December 1990) was a Jamaican organ, piano and keyboard player, songwriter and musical director. 

Keyboard virtuoso Jackie Mittoo was among the true legends of reggae -- a founding member of the Skatalites and an extraordinarily prolific songwriter, he was perhaps most influential as a mentor to countless younger performers, primarily through his work as the musical director at the famed Studio One. <a href=""https://www.last.fm/music/Jackie+Mittoo"">Read more on Last.fm</a>",Jamaica
Salida Nula,3212,57699,biografia no encontrada,
The Soul Syndicate,13503,56497,biografia no encontrada,
Brother Culture,40048,351953,"Started MCing in 1982 for Jah Revelation Muzik sound system, toured in USA, Jamaica and Canada through out the 80s. In 1991 started to MC at London's Dub Club. Over the years has visited over 25 counties on the MC tip, at the moment is busy recording and can be found on Dubhead, M Records, Roots Garden, System Error, Flex, Dragonfly and LSD Records. He has made big ground working with Manasseh over the past five years.

At the moment he is touring with Zion Train, Adrian Sherwood and J*Star.  <a href=""https://www.last.fm/music/Brother+Culture"">Read more on Last.fm</a>",
Dennis Brown,504100,4548598,"Dennis Emanuel Brown (February 1, 1957–July 1, 1999) was a Jamaican reggae singer. He recorded more than 75 albums and was one of the pioneers of lovers rock. Bob Marley dubbed him the ""Crown Prince of Reggae"".

Brown's first recording was ""Lips of Wine"" recorded for Derrick Harriott (The Musical Chariot), but this was not released initially. He then recorded for Coxsone Dodd at Studio One, and Dodd released Brown's first single, ""No Man is an Island"". <a href=""https://www.last.fm/music/Dennis+Brown"">Read more on Last.fm</a>",Jamaica
Slim Smith,69177,394143,"Slim Smith was born Keith Smith in Kingston, Jamaica, in 1948. 

His recording career began in a group called The Techniques that recorded for Duke Reid amongst others. When the original Techniques disbanded in 1965 he formed The Uniques.

From 1969 he concentrated on his solo career, recording sides for Coxone Dodd's Studio One, ten of which were compiled for the album Born To Love. He then began a successful working relationship with Bunny Lee, scoring a hit with 'Everybody Needs Love'. <a href=""https://www.last.fm/music/Slim+Smith"">Read more on Last.fm</a>",
Le Peuple de l'Herbe,148131,2397288,"A group from Lyon, France, formed in 1997. The band mixes hip hop with drum & bass, rock, dub, jungle, jazz and trip hop.
They are famous for their hypnotizing live acts. 

After 2 albums ""triple 000+"" and ""P.H. Test Two"" ( 100 000 copies together), Le Peuple de l'Herbe came back in early 2005 with their much awaited third album ""Cube"".  This is their first work featuring British rapper JC001 as full band member, after prior collaborations as MC and with his former band UK Apache. <a href=""https://www.last.fm/music/Le+Peuple+de+l%27Herbe"">Read more on Last.fm</a>",United Kingdom
BOM BALANÇO,336,1583,biografia no encontrada,
LaMeka55,20,108,biografia no encontrada,
Los Fabulosos Cadillacs,524717,11152838,"Los Fabulosos Cadillacs from Buenos Aires, Argentina play ska, rocksteady, reggae, rock, jazz, salsa, folk, rap, big band. Formed 1985, their first album, Bares y Fondas  came 1986. 1998 they got a Grammy for Best Latin Rock/Alternative Album. They also won the MTV Latino Video Music Award in 1994 for the single 'El Matador' – which was on the soundtracks for the movies Savages, Grosse Pointe Blank and The Matador. Singer Gabriel Fernandez Capello (known as Vicentico) and bassist Flavio Cianciarulo are core members and songwriters. <a href=""https://www.last.fm/music/Los+Fabulosos+Cadillacs"">Read more on Last.fm</a>",
La Gran Orquesta Republicana,6000,132613,"La Gran Orquesta Republicana was a ska-fusion band from Mallorca (Spain) formed in 1997 and split up in 2008. <a href=""https://www.last.fm/music/La+Gran+Orquesta+Republicana"">Read more on Last.fm</a>",
Derrick Harriott,172586,1092265,"Derrick Harriott (born Derrick Clinton Harriott, 6 February 1939, Jamaica) is a singer and record producer. He has produced recordings by Big Youth, Chariot Riders, The Chosen Few, Dennis Brown, The Ethiopians, Keith & Tex, The Kingstonians, Rudy Mills, Scotty, Sly & Revolutionaries, and Winston McAnuff.
 <a href=""https://www.last.fm/music/Derrick+Harriott"">Read more on Last.fm</a>",
The Burning Souls,1844,6379,biografia no encontrada,
Joe Dukie & DJ Fitchie,19356,69926,"These two talents are the alter egos of Wellingtons DJ MU (DJ Fitchie) and vocalist Dallas Tamaira (Joe Dukie), both also members of Kiwi group Fat Freddys drop. <a href=""https://www.last.fm/music/Joe+Dukie+&+DJ+Fitchie"">Read more on Last.fm</a>",
10 Ft. Ganja Plant,230094,2608171,"10 Ft. Ganja Plant albums never offer musician credits, but the group's identity is no secret: This is a side project by members of John Brown's Body, one of the finest roots reggae bands in America. Usually side projects represent something of a stylistic departure, but in the case of John Brown's Body, the variation sounds an awful lot like the theme - not that that's a bad thing by any means. What does seem to set 10 Ft. Ganja Plant apart from its parent organization is an even greater emphasis on mystical <a href=""https://www.last.fm/music/10+Ft.+Ganja+Plant"">Read more on Last.fm</a>",
Los de Abajo,110567,821926,"Los de Abajo are a band from Mexico City founded in 1992 as a Latin ska four-piece band. Since then they have expanded to eight members and widened their musical influences to include rock, salsa, reggae, cumbia, Son Jarocho and banda sinaloense. Founder member Liber Terán is the main vocalist and writes many of the songs, although all band members receive equal pay for their contributions.

The band was unable to secure a record deal in Mexico, as their music was considered to be insufficiently commercial <a href=""https://www.last.fm/music/Los+de+Abajo"">Read more on Last.fm</a>",
Freddie McKay,29116,142680,"Freddie McKay (sometimes Freddy McKay) (1947 – 19 November 1986) was a Jamaican rocksteady and reggae singer.

McKay, born in Saint Catherine Parish, Jamaica, is regarded as one of the most soulful singers to come out of Jamaica. McKay first recorded for producer Prince Buster in 1967, his first hit coming the same year with ""Love Is A Treasure"", recorded for Duke Reid's Treasure Isle set-up. McKay then enjoyed a fruitful spell with Coxsone Dodd <a href=""https://www.last.fm/music/Freddie+McKay"">Read more on Last.fm</a>",Jamaica
Cheb Mami,79343,712599,"Romanized spelling of شاب مامي (Cheb Mami).
Cheb Mami, whose real name is Mohamed Khelifati, is an Algerian raï singer and actor, born 11 July 1966 in Saïda, Algeria. His collaboration with Sting for the track ""Desert Rose"" in 1999, was an international success that made his music known all over the world. <a href=""https://www.last.fm/music/Cheb+Mami"">Read more on Last.fm</a>",Algeria
Bandits of the Acoustic Revolution,132915,1562933,"Bandits of the Acoustic Revolution (commonly abbreviated BOTAR) is an acoustic band started by Tomas Kalnoky. Often viewed as a precursor to Streetlight Manifesto, BOTAR is recognized as something of a side-project. 2001 marked the release of their only recording to date, ""A Call To Arms"". With 5 songs, including an updated version of Catch 22's ""Dear Sergio"", and the future Streetlight Manifesto song ""Here's To Life"", this collection marked something of a transition for Kalnoky. <a href=""https://www.last.fm/music/Bandits+of+the+Acoustic+Revolution"">Read more on Last.fm</a>",
Mr Easy,15076,56365,"Mr Easy is a man over-flowing with music and melodies that deal with the more harmonious aspects of life and living. He was born in the verdant, undulating hills of the Cockpit Country. The transition at the age of ten, for this country boy, to the cold, gray streets of New York City was not an easy rite of passage. Mr. Easy, who was named for his laid back and easy demeanor faced an awkward transition to New York being Jamaican born, yet of African heritage, something which always seems to create a dilemma of the soul. <a href=""https://www.last.fm/music/Mr+Easy"">Read more on Last.fm</a>",Jamaica
Misty In Roots,60130,562138,"Roots reggae band formed 1975 in Southall, London, as a backing group to the singer Nicky Thomas. By 1978 Misty In Roots had their own orthodox roots sound with rastafarian lyrics, and started touring as a solo group. They were also a major force in the Rock Against Racism movement. Their first album Live at the Counter Eurovision 79 was recorded live in Belgium. Known songs are 'Ghetto Of The City', 'Mankind', 'Judas Iskariot', 'Follow Fashion', 'Poor And Needy'. 'Dance Hall Babylon', 'Own Them Control Them'.  'Festa'. <a href=""https://www.last.fm/music/Misty+In+Roots"">Read more on Last.fm</a>",
Jahsta,12038,112213,"a reggae band of Zaragoza <a href=""https://www.last.fm/music/Jahsta"">Read more on Last.fm</a>",
Keith Urban,1092154,19990383,"Keith Lionel Urban (born 26 October 1967) is a New Zealand-born country music singer, songwriter and guitarist whose commercial success has been mainly in the United States and Australia. Originally the front man for The Ranch, a three-piece group that released one album in 1997 to critical acclaim, Urban disbanded the group to pursue a solo career.  In 2004 his album ""Be Here"" was nominated for best country album at the Grammy Awards and at the Academy of Country Music Awards. <a href=""https://www.last.fm/music/Keith+Urban"">Read more on Last.fm</a>",
Peter Green Splinter Group,47224,372888,"Peter Green formed the splinter group with Nigel Watson.
The Peter Green Splinter Group was a band led by renowned blues guitarist and singer, Peter Green.

Green was the leader of Fleetwood Mac until he suffered a mental breakdown during the 1970s. He was rehabilitated with the aid of Nigel Watson, the late Cozy Powell and other friends, and then began touring and recording with the Splinter Group. The group was disbanded in early 2004 with Green's departure from the group - an upcoming tour was cancelled <a href=""https://www.last.fm/music/Peter+Green+Splinter+Group"">Read more on Last.fm</a>",
Art Blakey & The Jazz Messengers,535925,5347104,"Art Blakey and Horace Silver formed the Jazz Messengers in 1955 and co-led it. When Silver dropped out in the group's first year the group name was changed to Art Blakey & The Jazz Messengers.  Wayne Shorter was a long-standing member of the group, joining after the departure of Benny Golson, while other young musicians like Curtis Fuller, Donald Byrd, James 'Blood' Ulmer,Jymie Merritt, Hank Mobley, Freddie Hubbard, Lee Morgan, Bobby Timmons and Wynton Marsalis would come and go. <a href=""https://www.last.fm/music/Art+Blakey+&+The+Jazz+Messengers"">Read more on Last.fm</a>",
Elvis Presley,4315393,144903841,"Elvis Aaron Presley (January 8, 1935 – August 16, 1977) was an American singer and actor. Regarded as one of the most significant cultural icons of the 20th century, he is often referred to as the ""King of Rock and Roll"" or simply ""the King"".

Presley was born in Tupelo, Mississippi, and relocated to Memphis, Tennessee, with his family when he was 13 years old. His music career began there in 1954, recording at Sun Records with producer Sam Phillips, who wanted to bring the sound of African American music to a wider audience. <a href=""https://www.last.fm/music/Elvis+Presley"">Read more on Last.fm</a>",United States
"David ""Honeyboy"" Edwards",19258,84607,"David ""Honeyboy"" Edwards (Shaw, Mississippi, June 28, 1915 - Chicago, Illinois, August 29, 2011) was a Delta blues guitarist and singer from the American South.

Honeyboy Edwards was the oldest living Delta blues player, and continued to tour at the age of 95. Edwards received a Grammy Lifetime Achievement Award on January 31, 2010, his second Grammy.

Edwards was born in Shaw, Mississippi. He was a friend to the musician Robert Johnson and claims he was present on the fateful night Johnson drank the poisoned whiskey that took his life. <a href=""https://www.last.fm/music/David+%22Honeyboy%22+Edwards"">Read more on Last.fm</a>",United States
Albert Cummings,75782,620182,"Albert Cummings (born Williamstown, Massachusetts) is an American blues musician who has recorded under Blind Pig Records. He has played alongside B.B. King, Johnny Winter, and Buddy Guy.

Cummings learnt the requisite three chords on the guitar from his father, but then switched to playing banjo at age 12 and became a fan of bluegrass music. He went to festivals and won several picking contests in high school. Before graduating, he heard the early recordings of Stevie Ray Vaughan and, while in college in 1987,  saw Vaughan perform. <a href=""https://www.last.fm/music/Albert+Cummings"">Read more on Last.fm</a>",United States
Calvin Russell,42153,467434,"Russell was born in Austin, Texas, on 1 November 1948. At age 12, Russell began learning guitar and at 13 joined a band called The Cavemen. In 1989, he met Patrick Mathe of the French record label, New Rose Records, while at a party in Austin and gave him a demo tape intended for noted Austin guitarist and producer, Charlie Sexton. 

He would go on to sign with the label releasing his first solo album in 1990 entitled A Crack In Time. In promotion of the album <a href=""https://www.last.fm/music/Calvin+Russell"">Read more on Last.fm</a>",France
Elmore James,437576,3468039,"Elmore James (Elmore Brooks, Richland, Mississippi, 27th January 1918 – Chicago, Illinois, 24th May 1963) was an American blues singer and guitarist. He was known as ""The King of the Slide Guitar"".

James was born  fifty miles north of Jackson (not to be confused with another Richland just south of Jackson). He began playing as a teen, under the names ""Cleanhead"" and ""Joe Willie James"", alongside musicians such as the first Sonny Boy Williamson, Howlin' Wolf, and Robert Johnson. <a href=""https://www.last.fm/music/Elmore+James"">Read more on Last.fm</a>",United States
The Holmes Brothers,34197,197057,"The Holmes Brothers were an American musical trio originally from Christchurch, Virginia.
Mixing sounds from blues, soul, gospel, country, and rhythm & blues, they have released twelve studio albums, with three reaching the top 5 on the Billboard Blues Albums chart. They have gained a following by playing regularly at summer folk, blues, gospel, and jazz festivals. They have recorded with Van Morrison, Peter Gabriel, Odetta, Phoebe Snow, Willie Nelson <a href=""https://www.last.fm/music/The+Holmes+Brothers"">Read more on Last.fm</a>",United States
Los Lonely Boys,233722,2133412,"Los Lonely Boys is an American Chicano rock power trio from San Angelo, Texas. The band formed in 1996 and plays a style of music they call ""Texican Rock n' Roll,"" combining elements of rock and roll, Texas blues, brown-eyed soul, country, and Tejano. The band consists of three brothers: Henry Garza (guitar, vocals), Jojo Garza (bass, vocals), and Ringo Garza (drums, vocals).

The three brothers emerged as a group in Nashville in the 1990s. After moving back to their home state of Texas they recorded their debut album in 2003. <a href=""https://www.last.fm/music/Los+Lonely+Boys"">Read more on Last.fm</a>",United States
Johnny & The Jailbirds,1490,11737,biografia no encontrada,
Sister Swing,3423,19553,biografia no encontrada,
The Nimmo Brothers,2955,44590,"For over a decade The Nimmo Brothers, from Glasgow, Scotland have proven themselves to be one of the most respected exponents of modern blues the UK has seen since the blues boom of the 1960’s. It is from this period, that brothers Stevie and Alan Nimmo first drew their influences, which makes them the fine musicians they are today. Inspired by such greats as Peter Green’s Fleetwood Mac and John Mayall’s Bluesbreakers they had no doubt that when the time came <a href=""https://www.last.fm/music/The+Nimmo+Brothers"">Read more on Last.fm</a>",
Eric Burdon,230809,1414870,"Eric Victor Burdon (May 11, 1941 in Newcastle, England) is a singer. He formed The Animals in 1963, a blues rock group who were one of the early influences of punk rock. They were known for their organ-guitar sound and Burdon's aggressive show performance, screaming, growling and howling. In September 1966 he formed Eric Burdon & The Animals, a psychedelic/progressive/hard rock group, who influenced grunge, heavy metal and the modern alternative rock genre. <a href=""https://www.last.fm/music/Eric+Burdon"">Read more on Last.fm</a>",
Eddy Wilsons Blues Band,1024,3733,biografia no encontrada,
Zucchero,373658,5446934,"Zucchero (Italian for ""sugar"") is an Italian rock singer. He was born Adelmo Fornaciari on September 25, 1955 in the Italian province Reggio Emilia, Italy and has since become one of the most famous Italian singers.

He is probably best known internationally for the song Senza Una Donna, which is a duet with Paul Young and hit number 4 in the latter's native United Kingdom, where Zucchero has generally made little commercial impact, in 1991. He commenced his musical career in 1970 with his first single in 1976, and his first album in 1983. <a href=""https://www.last.fm/music/Zucchero"">Read more on Last.fm</a>",Italy
Doyle Bramhall,18251,123038,"Doyle Bramhall (1949.02.17/Dallas, TX - 2011.11.12/Alpine) was strictly a Texas blues musician, a talented guitarist, drummer and singer who has worked with Stevie Ray Vaughan and his brother Jimmie Vaughan. Bramhall is sometimes confused with his son, Doyle Bramhall II, who is also a singer, songwriter, and guitarist.

It was initially reported that Mr. Bramhall may have died as a result of complications from pneumonia. One of his final North Texas performances was at 2011's Main St. <a href=""https://www.last.fm/music/Doyle+Bramhall"">Read more on Last.fm</a>",
Sister Rosetta Tharpe,160395,1169758,"""Sister"" Rosetta Tharpe (1915–1973) was a pioneering U.S. Gospel singer and songwriter who attained great popularity in the 1930s and 1940s with a unique mixture of spiritual lyrics and early rock accompaniment. She became the first great recording star of Gospel music, first surfacing on the pop charts in 1939 with ""This Train"", her version of the traditional gospel standard.

Born Rosetta Nubin on the 20th March 1915 in Cotton Plant, Arkansas <a href=""https://www.last.fm/music/Sister+Rosetta+Tharpe"">Read more on Last.fm</a>",
The Beat Daddys,3281,21902,"The BEAT DADDYS 

  

Larry Grisham is a survivor, plain and simple. Both personally and professionally, he has overcome obstacles most people will never face. Time and again he not only met these challenges, but rose to them and came out the other side stronger for the experience. But isn't that what the Blues is all about? 

Larry was born in southern Indiana in 1953 and moved about much as a child, attending sixteen different schools before graduating from high school. <a href=""https://www.last.fm/music/The+Beat+Daddys"">Read more on Last.fm</a>",
Dick Brave & The Backbeats,54014,805885,"Dick Brave & The Backbeats is a rockabilly cover band from germany best known for their electrifing 50s-style performances of pop/rock classics such as Depeche Mode's ""I Just Can't Get Enough"", Green Day's ""American Idiot"" or the Queens Of The Stone Age's ""No One Knows"". 

Though band leader Dick Brave claims to be canadian, the project actually marks the unlikely evolution of german pop singer Sasha - a frequent guest in the pop charts during the 1990s with hits like I Feel Lonely, If You Believe or Young Deenay's Walk On By. <a href=""https://www.last.fm/music/Dick+Brave+&+The+Backbeats"">Read more on Last.fm</a>",Germany
Julian Sas,51791,490102,"My name is Julian. I was born on a river in 1970 in a small town in the center of the Netherlands called Beneden-Leeuwen. Since I was born I have been a restless person, This is something that I still have today. Only until I was 6 years old I knew where this was coming from; I saw this movie called the Toronto rock 'n roll festival. There I saw Jerry lee lewis and Chuck Berry. From that day on I knew what I was going to be In my life I wanted to make music. <a href=""https://www.last.fm/music/Julian+Sas"">Read more on Last.fm</a>",
Koko Taylor,232811,1446048,"Koko Taylor (September 28, 1928 - June 3, 2009) was an American blues musician, popularly known as the ""Queen of the Blues."" She was known primarily for her rough and powerful vocals and traditional blues stylings.

Taylor was born as Cora Walton on a farm just outside Memphis, Tennessee. In 1954, Taylor left Memphis for Chicago with her husband, truck driver Robert ""Pops"" Taylor. In the late 1950s she began singing in Chicago blues clubs and was spotted by Willie Dixon in 1962, leading to wider performances and her first recording contract. <a href=""https://www.last.fm/music/Koko+Taylor"">Read more on Last.fm</a>",United States
Twelve Bar Blues Band,7030,33378,"The Twelve Bar Blues Band

From the moment the band started in 2005 the Twelve Bar Blues Band, also known as 12BBB, was considered as THE surprise of the Dutch blues scene. As the band demonstrated their musical qualities already many times at national and international stages  journalists and organizers made clear this band is not a surprise anymore . Everybody who saw and heard the band play consider 12BBB  as the top in the Netherlands and beyond for sure.  <a href=""https://www.last.fm/music/Twelve+Bar+Blues+Band"">Read more on Last.fm</a>",Netherlands
Esther Phillips,249613,1457443,"Esther Phillips (December 23, 1935 – August 7, 1984) was an American singer. Phillips was known for her R&B vocals, but she was a versatile singer, also performing pop, country, jazz, blues and soul music.

Born Esther Mae Jones in Galveston, Texas, when she was an adolescent, her parents divorced, and she was forced to divide her time between her father in Houston and her mother in the Watts area of Los Angeles. Because she was brought up singing in church <a href=""https://www.last.fm/music/Esther+Phillips"">Read more on Last.fm</a>",United States
Saffire-The Uppity Blues Women,4603,23110,"It's not often that dreams come true. In the case of the acoustic blues trio, Saffire--The Uppity Blues Women, that's just what happened. Over the course of nine recordings and thousands of gigs, the group has gone from virtual obscurity to one of the most popular, witty, and just plain satisfying acoustic blues groups on the scene today. These women tear into their material with passion, dedication, and originality. Every song they cover becomes theirs, and their originals blend seamlessly with their interpretations. <a href=""https://www.last.fm/music/+noredirect/Saffire-The+Uppity+Blues+Women"">Read more on Last.fm</a>",
Lil Ed & The Blues Imperials,11088,48293,biografia no encontrada,
Popa Chubby,116144,1230903,"Popa Chubby (Theodore Joseph Horowitz, born 31. March 1960 in New York) is a New York blues singer and guitar player. His angry and aggressive style of blues is influenced heavily by Willie Dixon. Like Jerry Lewis, he is more popular in France than the U.S.

Popa Chubby is a true native son of the Big Apple. He was born in the Bronx and grew up in a neighborhood made famous by Robert De Niro in the movie A Bronx Tale. His parents owned a candy store on the corner of 181st Street and Arthur Avenue. <a href=""https://www.last.fm/music/Popa+Chubby"">Read more on Last.fm</a>",
"Jimmy ""T99"" Nelson",662,2530,biografia no encontrada,
Billie Holiday,2289911,50566040,"Billie Holiday (Eleanora Fagan Gough, Philadelphia, PA, April 7, 1915 – New York City, NY, July 17, 1959) was an American jazz singer and songwriter.

Nicknamed Lady Day by her loyal friend and musical partner Lester Young, Holiday was a highly original influence on jazz and pop singing. Her vocal style, strongly inspired by jazz instrumentalists, pioneered a new way of manipulating phrasing and tempo. Above all, she was admired for her deeply personal and intimate approach to singing. <a href=""https://www.last.fm/music/Billie+Holiday"">Read more on Last.fm</a>",United States
Amy Winehouse,4464029,195177465,"Amy Jade Winehouse was an English singer and songwriter. She was known for her deep, expressive contralto vocals and her eclectic mix of musical genres, including soul, rhythm and blues, reggae and jazz.

A member of the National Youth Jazz Orchestra during her youth, Winehouse signed to Simon Fuller's 19 Management in 2002 and soon recorded a number of songs before signing a publishing deal with EMI. She also formed a working relationship with producer Salaam Remi through these record publishers. <a href=""https://www.last.fm/music/Amy+Winehouse"">Read more on Last.fm</a>",
Carl Weathersby,4334,19992,"Carlton Weathersby (born in Jackson, Mississippi, on 24 February 1953; died 9 August 2024) was an American electric blues vocalist, guitarist, and songwriter remembered for his work with Albert King and Billy Branch, among others, and his career as a solo artist. He was nominated for the W. C. Handy Award for Best New Blues Artist in 1997. 

Weathersby moved to east Chicago, Indiana, with his family when he was eight. When he started playing guitar as a teen he said his father always had musician friends stopping by the house. <a href=""https://www.last.fm/music/Carl+Weathersby"">Read more on Last.fm</a>",United States
Santana,2752151,50687515,"Santana is a Latin music and rock band formed in San Francisco, California in 1966 by Mexican-American guitarist Carlos Santana. The band came to public attention with their performance of ""Soul Sacrifice"" at Woodstock in 1969. This exposure helped propel their first album, also named Santana, into a hit, followed in the next two years by Abraxas and Santana III. Lineup changes were common. Carlos Santana's increasing involvement with guru Sri Chinmoy took the band into more esoteric music, though it never lost its Latin influence. <a href=""https://www.last.fm/music/Santana"">Read more on Last.fm</a>",
George Thorogood & The Destroyers,515929,4533557,"George Thorogood & The Destroyers is an American blues-rock band led by George Thorogood (born 	February 24, 1950), a blues-rock and rock guitarist and singer from Wilmington, Delaware. To date the band has released sixteen studio albums, including two that were certified Platinum, six that have been certified Gold, and have sold fifteen million albums worldwide.

While a first album (entitled Better Than the Rest) was recorded in 1974, the major recording debut came  with the release of the eponymous album 'George Thorogood & The Destroyers' <a href=""https://www.last.fm/music/George+Thorogood+&+The+Destroyers"">Read more on Last.fm</a>",United States
Greg Brown,91255,1141017,"Greg Brown is a folk musician from Iowa, USA. His ""Iowa Waltz"" has been (unsuccessfully) proposed to replace the state song of Iowa.

During the 1980s, his reputation was established through frequent touring and recurring performances on A Prairie Home Companion. Subsequently, his work has been nominated for Grammy awards. He also founded his own record label and named it Red House Records after a home he lived in in Iowa.  Red House Records is an independent record label specializing in folk music, based in St. <a href=""https://www.last.fm/music/Greg+Brown"">Read more on Last.fm</a>",
Bobby Wayne,2764,10993,biografia no encontrada,
Junior Wells,184572,1390338,"Junior Wells (December 9, 1934 - January 15, 1998), born Amos Blakemore, was a blues vocalist and harmonica player based in Chicago who was famous for playing with Muddy Waters, Buddy Guy, Magic Sam, Lonnie Brooks, The Rolling Stones and Van Morrison.

He was born in Memphis, Tennessee, and raised in Arkansas. Wells moved to Chicago in 1948 and first made his mark at age 18 playing in Muddy Waters' band. He later worked with Buddy Guy in the 1960s and recorded for Delmark Records. <a href=""https://www.last.fm/music/Junior+Wells"">Read more on Last.fm</a>",
Sonny Boy Williamson I,16683,72244,"John Lee Curtis ""Sonny Boy"" Williamson (March 30, 1914 – June 1, 1948) was an American blues harmonica player and singer, and the first to use the name Sonny Boy Williamson.

Biography and career

Williamson was born near Jackson, Tennessee in 1914. His original recordings were considered to be in the country blues style, but he soon demonstrated skill at making harmonica a lead instrument for the blues, and popularized it for the first time in a more urban blues setting. <a href=""https://www.last.fm/music/Sonny+Boy+Williamson+I"">Read more on Last.fm</a>",United States
Seatbelts,528836,13148882,"

シートベルツ (Seatbelts), the name of the band, according to the fictional description given in the anime series Cowboy Bebop, derives from how the performers wear seatbelts to be safe while they play hardcore jam sessions.

The band performed the whole soundtrack of the anime series Cowboy Bebop and produced a total of seven albums and one live DVD. Their style is very diverse and ranges from straightforward big band jazz, blues, acoustic ballads, hard rock, country, funk to electronic, hip-hop and experimental compositions/elements. <a href=""https://www.last.fm/music/+noredirect/Seatbelts"">Read more on Last.fm</a>",
Big Mama Thornton,250820,1505916,"Big Mama Thornton (Willie Mae Thornton, December 11, 1926, Ariton, AL - July 25, 1984, Los Angeles, CA) was an American blues musician. 

Her introduction to music, as with most fellow blues legends, started in the Baptist church. The daughter of a minister, she and her six siblings began to sing at a very early age. While still a child, Willie Mae taught herself to play the drums and harmonica, and by the age of 14, she had run away from home to make her career in secular music. <a href=""https://www.last.fm/music/Big+Mama+Thornton"">Read more on Last.fm</a>",United States
Deborah Coleman,26381,216756,"Deborah Coleman (October 3, 1956 - April 12, 2018) was an American blues guitarist, singer and songwriter. She won the Orville Gibson Award for ""Best Blues Guitarist, Female"" in 2001, and was nominated for a W.C. Handy Blues Music Award nine times.

Coleman was born in Portsmouth, Virginia and raised in a music-loving military family that lived in San Diego, San Francisco, Bremerton, Washington, and the Chicago area. With her father playing piano <a href=""https://www.last.fm/music/Deborah+Coleman"">Read more on Last.fm</a>",United States
Kieran Kane,8700,86897,"Kieran Kane (born October 7, 1949 in Queens, New York) is an American country music artist, as well as the owner of Dead Reckoning Records, an independent record label.[1] Between 1986 and 1990, he and Jamie O'Hara comprised The O'Kanes, In 1993, Kieran returned to his career as a solo performer. He signed to Atlantic Records that year, releasing the album Find My Way Home. Due to poor sales of this album, he was soon dropped from Atlantic's roster. <a href=""https://www.last.fm/music/Kieran+Kane"">Read more on Last.fm</a>",United States
Alabama 3,317161,4540869,"Alabama 3 are a band originating from Brixton, England, their music incorporates elements of country, acid house,  blues and gospel. 

Named for the Alabama 2, a legal case in the American deep South during the 1930s, in which two black men were hanged for allegedly raping a white woman. The name is also a nod to other victims of injustice like the Birmingham 6 and Guildford 4. In the United States, they are known as A3, after they were sued by the legendary country outfit Alabama. <a href=""https://www.last.fm/music/Alabama+3"">Read more on Last.fm</a>",United States
Robert Belfour,27572,169924,"Robert ""Wolfman"" Belfour (born September 11, 1940, Holly Springs, MS, passed February 24, 2015) is an American Blues musician. His father, Grant Belfour taught him the guitar at a young age and he continued his tutelage in the Blues from musicians Otha Turner, R. L. Burnside, and Junior Kimbrough. Kimbrough, in particular, had a profound influence on him.

His father died when Belfour was thirteen, and his music was relegated to what little free time he had, as his energy went to helping his mother provide for the family. <a href=""https://www.last.fm/music/Robert+Belfour"">Read more on Last.fm</a>",United States
Charlie Parker,934452,15021377,"Charles Christopher ""Bird"" Parker, Jr (29th August 1920 – 12th March 1955) was a U.S. bebop saxophonist and composer. Early in his career Parker was dubbed Yardbird; this was later shortened to ""Bird"" (or sometimes ""Yard"") and remained Parker's nickname for the rest of his life, and inspiration for the titles of his works such as ""Ornithology and Yardbird suite"".

Parker is commonly considered the greatest bebop jazz musician. In terms of influence and impact <a href=""https://www.last.fm/music/Charlie+Parker"">Read more on Last.fm</a>",
C.C. Adcock,9848,79919,"C.C. Adcock (born Charles Clinton Adcock, c. 1971, Lafayette, Louisiana) is a rock and roll musician from noted for his cajun, zydeco, electric blues and swamp pop-influenced sound, and for his efforts to preserve and promote swamp pop music.

Adcock has recorded two solo albums, the self-titled C. C. Adcock (produced by Tarka Cordell), issued in 1994 on the Island label, and reissued in 2000 on the Evangeline label, under the title House Rocker; and Lafayette Marquis, issued in 2004 on the Yep Roc label. <a href=""https://www.last.fm/music/C.C.+Adcock"">Read more on Last.fm</a>",
Coco Montoya,81422,729422,"Coco Montoya (b. 1951 in Santa Monica, CA) is a blues guitarist and former member of John Mayall & The Bluesbreakers.

Montoya's career began in the mid-70's when Albert Collins asked him to join his band as drummer. Collins took Montoya under his wing and taught him his ""icy hot"" guitar style. The two remained friends even after Montoya left Collins' band.

In the early 80's John Mayall heard Montoya playing guitar in a Los Angles bar. Soon after Mayall asked Montoya to join the newly reformed Bluesbreakers. <a href=""https://www.last.fm/music/Coco+Montoya"">Read more on Last.fm</a>",
The Black Keys,3238428,193022200,"The Black Keys are an alternative rock  group from Akron, Ohio, United States which formed in 2001, consisting of singer and guitarist Dan Auerbach and drummer Patrick Carney. The band name was inspired by a schizophrenic artist and friend in Akron, who used the term ""black keys"" to describe things he disliked or people he did not trust. The Black Keys have roots in traditional blues and psychedelic rock stylings.

They released their first album, The Big Come Up, in 2002, followed by Thickfreakness in 2003, and Rubber Factory in 2004. <a href=""https://www.last.fm/music/The+Black+Keys"">Read more on Last.fm</a>",
Michael Bublé,3344773,84561046,"Michael Steven Bublé (born September 9, 1975) is a Canadian singer and songwriter known for his interpretations of traditional pop standards and his contributions to reviving interest in the Great American Songbook. He has sold over 75 million records globally and received numerous accolades, including five Grammy Awards and fifteen Juno Awards.

Bublé's self-titled debut album was released in 2003 and reached the top ten in Canada and the United Kingdom. <a href=""https://www.last.fm/music/+noredirect/Michael+Bubl%C3%A9"">Read more on Last.fm</a>",Canada
Keb' Mo',293281,3460147,"Keb' Mo' (born October 3, 1951 in South Los Angeles, California as Kevin Moore) is an American blues singer, guitarist, and songwriter.

He first started recording in the early 1970s with Jefferson Airplane violinist Papa John Creach. Creach hired him when Moore was just twenty-one years old; Moore appeared on four of Creach's albums.

He was further immersed in the blues with his long stint in the Whodunit Band, headed by Bobby ""Blue"" Bland producer Monk Higgins. Moore jammed with Albert Collins and Big Joe Turner. <a href=""https://www.last.fm/music/Keb%27+Mo%27"">Read more on Last.fm</a>",United States
Gomez,630900,11854928,"Gomez is a five-piece British act consisting of Ben Ottewell (vocals, guitar), Tom Gray (vocals, guitar, keyboards), Paul Blackburn (bass, guitar), Olly Peacock (drums), and Ian Ball (vocals, guitar, harmonica). Emerging during a time in which the majority of up-and-coming British bands were either retro-pop (à la Oasis), trip-hop (Portishead), or space rock (the Verve, Radiohead), Gomez were one of the few to feature bluesy influences. The Southport boys' debut for Virgin Records <a href=""https://www.last.fm/music/Gomez"">Read more on Last.fm</a>",United Kingdom
Eric Sardinas,57901,468079,"Slide guitarist and singer-songwriter Eric Sardinas has a reputation for packing intensity into his live performances. Since the late-90s’ Sardinas has taken the stage thousands of times across the globe, with audiences growing exponentially each passing year. His six albums have displayed a distinct style that musically pushes the boundaries of rock and blues, and the world has taken notice. 

Now Sardinas has put his onstage lighting in a bottle for the new album Sticks & Stones <a href=""https://www.last.fm/music/Eric+Sardinas"">Read more on Last.fm</a>",
Little Milton,136104,742386,"James Milton Campbell Jr. (September 7, 1934 – August 4, 2005), better known as Little Milton, was an American blues singer and guitarist, best known for his number-one R&B single ""We're Gonna Make It"". His other hits include ""Baby, I Love You"", ""Who's Cheating Who?"", and ""Grits Ain't Groceries (All Around The World)"".

A native of the Mississippi Delta, Milton began his recording career in 1953 at Sun Records before relocating to St. Louis and co-founding Bobbin Records in 1958. <a href=""https://www.last.fm/music/Little+Milton"">Read more on Last.fm</a>",United States
Los Deltonos,6952,116509,"Los DelTonos is a spanish rock band from Muriedas, Cantabria. The band was started at the end of the 80's by Hendrik Röver, (Berlin, 03/23/66), who was responsible for guitar and voices. Their debut album was ""3 Hombres Enfermos"", published in 1990. Their initial sound was close to blues and rythm 'n blues versioning songs from Albert Collins, Albert King, Freddie King, Otis Rush or Fabulous Thunderbirds in live performances. During the last years <a href=""https://www.last.fm/music/Los+Deltonos"">Read more on Last.fm</a>",Spain
Otis Taylor,152596,1779143,"Otis Taylor is an American blues musician. He is a multi-instrumentalist whose talents include the guitar, banjo, mandolin, harmonica, and vocals. In 2001, he was awarded a fellowship to the Sundance Film Composers Laboratory.

Taylor's career in music performance and recording has taken a circuitous path. Born in Chicago 1948, and growing up in Denver after his family relocated there, he began listening to blues and folk-blues in his teens. Through Denver's Folklore Center, he began to play the blues. <a href=""https://www.last.fm/music/Otis+Taylor"">Read more on Last.fm</a>",United States
Chet Atkins,293379,3200761,"Chester Burton Atkins born 20 June 1924 - Died 30 June 2001 in Nashville, Tennessee, United States (1942–1996) . was an American guitarist and record producer. Together with Owen Bradley, Atkins created the smoother country music style known as the Nashville sound, which expanded country music's appeal to include adult pop music fans as well. His virtuoso picking style - inspired by Merle Travis, Django Reinhardt, George Barnes and Les Paul - brought him admirers both within and outside the country scene. <a href=""https://www.last.fm/music/Chet+Atkins"">Read more on Last.fm</a>",United States
Robert Johnson,713297,10713343,"There are several artists by the name Robert Johnson:

1. An American blues singer, guitarist and songwriter (1911-1938) amongst the most famous of Delta blues musicians; ranked fifth in Rolling Stone's list of 100 Greatest Guitarists of All Time; considered by some to be the ""Grandfather of Rock 'n' Roll""

2. An English lutenist and composer of the late Tudorian and early Jacobean eras (c.1580-c.1634)

3. A 1970s Memphis-based American guitarist <a href=""https://www.last.fm/music/Robert+Johnson"">Read more on Last.fm</a>",United States
Jimmy Thackery,26441,197522,"Jimmy Thackery (born May 19, 1953, Pittsburgh, Pennsylvania, United States) is an American blues singer, guitarist and songwriter.

Career

Thackery spent fourteen years as part of The Nighthawks, the Washington, D.C.–based blues and roots rock ensemble. After leaving the Nighthawks in 1986, Thackery toured under his own name.

Born in Pittsburgh and raised in Washington, Thackery co-founded The Nighthawks with Mark Wenner in 1972 and went on to record over twenty albums with them. <a href=""https://www.last.fm/music/Jimmy+Thackery"">Read more on Last.fm</a>",United States
The White Stripes,4728720,194990319,"The White Stripes was an alternative rock band, formed in 1997 in Detroit, Michigan, United States. They disbanded in 2011. The group consisted of songwriter Jack White (vocals, piano/keyboards, guitar) and Meg White (drums, vocals).

After releasing several singles and three albums within the Detroit independent music underground, The White Stripes rose to prominence in 2002, as part of the garage rock revival scene. Their successful albums White <a href=""https://www.last.fm/music/The+White+Stripes"">Read more on Last.fm</a>",
Lucille Bogan,50340,211828,"Lucille Bogan (April 1, 1897 - August 10, 1948) was an American blues singer, among the first to be recorded. She also recorded under the pseudonym Bessie Jackson. Bogan sang straight-talking blues about drinking (""Sloppy Drunk Blues""), prostitution (""Tricks Ain't Walking No More""), gambling, lesbianism and other facets of what her generation called 'the life'. The jazz critic and sexologist Ernest Borneman grouped her with Ma Rainey and Bessie Smith in the ""the big three of the blues"". <a href=""https://www.last.fm/music/Lucille+Bogan"">Read more on Last.fm</a>",United States
Robert Randolph & The Family Band,193330,1614816,"Robert Randolph & The Family Band is a multicultural American blues and funk band composed of Robert Randolph, Marcus Randolph (drums), Danyel Morgan (bass), and Jason Crosby (organ). Frontman Robert Randolph was trained as a pedal steel guitarist in the House of God Church, Keith Dominion, in Nashville, TN and makes prominent use of the instrument in the band's music. The group's sound is inspired by successful 1970s funk bands such as Earth, Wind & Fire and Sly & the Family Stone <a href=""https://www.last.fm/music/Robert+Randolph+&+The+Family+Band"">Read more on Last.fm</a>",United States
RJD2,1206207,34641508,"RJD2 is Ramble John Krohn, a hip-hop producer. RJD2 was born in Eugene, Oregon, and raised in Columbus, Ohio. Until recently, he was part of the Definitive Jux label and produced tracks for many of its artists, as well as having a solo career.  In 2006, RJ ""ditched hip-hop"" for the indie-rock label XL, releasing The Third Hand in March 2007.

From 1998 to 1999, he saw success blossom as DJ/producer for the Columbus-based group the Megahertz, with two twelve-inch singles on Bobbito Garcia's legendary NY label, Fondle 'Em Records. <a href=""https://www.last.fm/music/RJD2"">Read more on Last.fm</a>",
The Limp Twins,136255,998008,"The Limp Twins are Will Holland (a.k.a quantic) and Russell Porter, who created their album tales from beyond the groove (TRUCD057, 2003) in their bedrooms (according to the cd cover). The record is a funky offering somewhere in between the sound of Will Holland's other projects, quantic and the quantic soul orchestra, but is definately more laid back. 

For more information on this project, check out quantic's website: about The Limp Twins. <a href=""https://www.last.fm/music/The+Limp+Twins"">Read more on Last.fm</a>",
Don Vilanova Botafogo,1050,8481,"Miguel ""Botafogo"" Vilanova was born on February 7, 1956. He began playing classical guitar at age 9.

At 12 he got his first electric guitar. His professional debut was at age 17 joining Pappo's Blues. From there he participated in Engranaje, Avalancha (recording a single), Carolina and Studebaker.

Between 1977 and 1984 he lived in Madrid where he joined, among others, the group Cucharada. With Joaquín Sabina he records ""Viceversa""; with Antonio Flores he recorded ""Antonio"" <a href=""https://www.last.fm/music/Don+Vilanova+Botafogo"">Read more on Last.fm</a>",
Denise LaSalle,65575,306571,"Denise LaSalle (Ora Denise Allen, July 16, 1934 - January 8, 2018) was an American blues  R&B and soul singer, songwriter, and record producer who, since the death of Koko Taylor, has been recognized as the ""Queen of the Blues"".

Born near Sidon, Mississippi and raised in Belzoni, she sang in church choirs before moving to Chicago in the early 1960s. She sat in with R&B musicians and wrote songs, influenced by country music as well as the blues, before winning a recording contract with Chess Records in 1967. <a href=""https://www.last.fm/music/Denise+LaSalle"">Read more on Last.fm</a>",United States
Wynonie Harris,116345,616777,"Wynonie ""Mr. Blues"" Harris (August 24, 1915-June 14, 1969) was an American blues shouter and rhythm and blues singer.

He was born in Omaha, Nebraska. Harris traveled as a singer and dancer with the Lucky Millinder Big Band in his youth. His first big solo hit was in 1944 with his record ""Who Threw The Whiskey in the Well"". He was a dynamic live performer who brought a lot of attention to the emerging styles of rhythm and blues.

Harris made a major contribution to the birth of rock and roll when he covered ""Good Rocking Tonight"" <a href=""https://www.last.fm/music/Wynonie+Harris"">Read more on Last.fm</a>",United States
The Derek Trucks Band,209179,2631246,"The Derek Trucks Band is a band started by slide guitarist prodigy, Derek Trucks, who began playing guitar and touring with The Allman Brothers Band, as early as eleven years old. Raised partly on tour with them throughout his youth, meeting and playing with famous musicians, Trucks was still unsure about his own future. He resolved to start his own band while still an adolescent. What first began as a side project, and a way for Trucks to explore his own creativity <a href=""https://www.last.fm/music/The+Derek+Trucks+Band"">Read more on Last.fm</a>",
Jeffrey Foucault,59826,725983,"Jeffrey Foucault (born January 1976 in Janesville, Wisconsin) is an American singer-songwriter grown out of the americana/folk troubadour tradition. Foucault's musical career was seeded at seventeen, when he began playing John Prine tunes on his father's beat up mail-order guitar, and spent long evenings in his bedroom, spinning piles of old records on a hand-me-down turntable. When he was 18 he stole a copy of Townes Van Zandt: Live and Obscure from a friend <a href=""https://www.last.fm/music/Jeffrey+Foucault"">Read more on Last.fm</a>",United States
Bessie Smith,360405,2877165,"Bessie Smith (April 15, 1894 – September 26, 1937) was an American blues singer.
Nicknamed The Empress of the Blues, Smith was the most popular female blues singer of the 1920s and 1930s. She is often regarded as one of the greatest singers of her era and, along with Louis Armstrong, a major influence on other jazz vocalists.

The 1900 census indicates that Bessie Smith was born in Chattanooga, Tennessee, in July 1892. However, the 1910 census recorded her birthday as April 15 <a href=""https://www.last.fm/music/Bessie+Smith"">Read more on Last.fm</a>",United States
Mario Bradley,1127,9436,"Mario Bradley, by now a familiar name on the scene, has been passionate about his music since an early age. He recalls being influenced quite early on by such favourite artists as Joe Clay, Hardrock Gunter, Jack Earl, Big Joe Turner, Elvis, Carl Perkins and Big Boy Arthur Cruddup. Mario was already playing double bass by the age of 17, but his musical career began in the late seventies and early eighties when he was playing with such bands as The Marvels, and later on The Blue Ridge Mountain Boys and The Bootleggers. <a href=""https://www.last.fm/music/Mario+Bradley"">Read more on Last.fm</a>",
The Brian Setzer Orchestra,320671,3873256,"Brian Setzer (born April 10, 1959 in New York) is an American guitarist, singer and songwriter whose popular big band orchestra is most appreciated commercially for their swinging take on Christmas holiday classics.

Early in his career Setzer was a member of the NYC band Bloodless Pharaohs, and later fronted the popular rockabilly revival band, Stray Cats. The Stray Cats particularly caught America's attention with the 1982 album Built for Speed <a href=""https://www.last.fm/music/The+Brian+Setzer+Orchestra"">Read more on Last.fm</a>",United States
The Quantic Soul Orchestra,325508,4318418,"The Quantic Soul Orchestra is a live funk project initiated by Will Holland, aka Quantic, which eschews the use of samples in favour of a rawer '70s sound. Considered one of the main acts in the modern funk movement.

Releases
- Stampede (2003)
- Pushin' On (2005)
- I'm Thankful (2006)
- Tropidélico (2007)

""Putting something back"" is how Will Holland described the reason for starting The Quantic Soul Orchestra. Having released two succesful albums <a href=""https://www.last.fm/music/The+Quantic+Soul+Orchestra"">Read more on Last.fm</a>",
Sonny Rollins,729190,7498056,"Walter Theodore ""Sonny"" Rollins (born September 7, 1930) is an American jazz tenor saxophonist who is widely recognized as one of the most important and influential jazz musicians. In a seven-decade career, he has recorded over sixty albums as a leader. A number of his compositions, including ""St. Thomas"", ""Oleo"", ""Doxy"", ""Pent-Up House"", and ""Airegin"", have become jazz standards. Rollins has been called ""the greatest living improviser"" and the ""Saxophone Colossus"".  <a href=""https://www.last.fm/music/Sonny+Rollins"">Read more on Last.fm</a>",United States
Tom Waits,1925492,123084950,"Tom Waits (born Thomas Alan Waits, in Pomona, California, on December 7, 1949) is a prolific American singer, songwriter, composer, and actor.

He started his career in the early 1970s as a singer in spit 'n' sawdust bars. Initially, he was deeply influenced by the beat generation, novelists like Jack Kerouac and William S. Burroughs, and poets like Allen Ginsberg and Charles Bukowski.  Waits is often compared to Charles Bukowski, being similar both in content and lifestyle <a href=""https://www.last.fm/music/Tom+Waits"">Read more on Last.fm</a>",United States
Joe Bonamassa,475577,13852116,"Joe Bonamassa (born May 8, 1977) is an American blues rock  guitarist, singer and songwriter.

Bonamassa was born in Utica, New York. He started playing guitar at age four, encouraged by his father, who was an avid music fan and exposed him to British blues rock records by Eric Clapton and Jeff Beck, greatly inspiring him. At 11 years old Joe was mentored and trained by American guitar legend, Danny Gatton. When he was 12 years old, he had his own band called Smokin' Joe Bonamassa <a href=""https://www.last.fm/music/Joe+Bonamassa"">Read more on Last.fm</a>",United States
Norah Jones,2910251,101268485,"Norah Jones, born on March 30, 1979 in New York City, is one of the most popular contemporary jazz and jazz-influenced singers of our time. She was a member of Wax Poetic before her debut album Come Away with Me. She can still be heard singing with them on two tracks of their release, NuBlu Sessions.

Her debut album Come Away with Me was released in 2002 and sold 26 million copies worldwide. It won 5 Grammy Awards in 2003. This album was produced by Arif Mardin. <a href=""https://www.last.fm/music/Norah+Jones"">Read more on Last.fm</a>",
Bonnie Raitt,788393,8628326,"Bonnie Raitt, (born November 8, 1949) is an American blues and R&B singer, songwriter, and guitarist who was born in Burbank, California, the daughter of Broadway musical star John Raitt.

Raitt began playing guitar at an early age, something not a lot of her high school girlfriends did. ""I had played a little at school and at camp,"" she later recalled in a July 2002 interview. ""My parents would drag me out to perform for my family, like all parents do, but it was a hobby—nothing more. <a href=""https://www.last.fm/music/Bonnie+Raitt"">Read more on Last.fm</a>",United States
Stan Webb,8397,40177,"There are several artists with that name: 1. British blues guitarist with Chicken Shack, 2. American country guitarist from Tennessee.

1) Stanley Frederick Webb (born 3 February 1946) is the frontman and lead guitarist with the blues band Chicken Shack founded in 1965. The original band featured Christine Perfect, who later married John McVie and joined Fleetwood Mac, drummer Dave Bidwell and bassist Andy Sylvester, who later played bass for Savoy Brown. <a href=""https://www.last.fm/music/Stan+Webb"">Read more on Last.fm</a>",United States
Debbie Davies,30275,256470,"A thirty-year veteran of the road,  Debbie Davies is truly one of the leading lights on the contemporary blues music scene today.  She is one of less than a handful of women who paved the road for all of the young female guitar players on the scene today.

Debbie Davies is an award-winning singer, songwriter, guitar player of extraordinary talent. A professional musician since the early 1980s, Debbie ranks among the top blues artists in the country. <a href=""https://www.last.fm/music/Debbie+Davies"">Read more on Last.fm</a>",
Jimmy Rogers,107180,601348,"Jimmy Rogers (June 3, 1924–December 19, 1997) was a blues guitarist best known for his work as a member of Muddy Waters' band of the 1950s.

Jimmy Rogers was born James A. Lane in Ruleville, Mississippi, and was raised in Memphis. Rogers learned the harmonica alongside his childhood friend Snooky Pryor, and as a teenager took up the guitar and played professionally in East St. Louis, Illinois (where he played with Junior Lockwood), before moving to Chicago in the mid-1940s after serving in the military. <a href=""https://www.last.fm/music/Jimmy+Rogers"">Read more on Last.fm</a>",
Ann Nesby,20294,152725,"Formerly the lead vocalist for the 30-piece gospel choir Sounds of Blackness, Ann Nesby struck out on her own in 1996 with an album for the Perspective label, Ann Nesby 1996. With the help of super-producers Jam & Lewis, the R&B-oriented LP scored a hit with ""I'm Here for You."" Nesby has contributed to several soundtracks (Batman, Mo' Money, Demolition Man) and tribute albums (to Curtis Mayfield, Marvin Gaye, John Lennon). She has also won two Grammy awards: one as part of Sounds of Blackness for the 1991 album Evolution of Gospel <a href=""https://www.last.fm/music/Ann+Nesby"">Read more on Last.fm</a>",
Luther Allison,199510,1409838,"Luther Allison (born 17 August 1939 in Widener, AR, died 12 August 1997 in Madison, WI) was an American blues guitarist. His powerful guitar work – equal parts traditional blues string-bending and wall-shaking rock 'n roll – is matched in energy only by his soul-deep vocals. His live shows (often clocking in at well over three hours) are the stuff of legend.

He was born in Widener, Arkansas (the 14th of 15 musically gifted children) first connected to the blues at age ten <a href=""https://www.last.fm/music/Luther+Allison"">Read more on Last.fm</a>",United States
Johnny Nicholas,2575,18690,"When it comes to Americana Roots Music and especially the Blues, the late great Stephen Bruton knew what he was talking about. Those who knew him knew that he always got to the point. His description of his long time friend and musical comrade in arms is succinct and quite a heady compliment, but then, Johnny Nicholas is an amazing talent.

For four decades Johnny’s consummate musicianship and vocal skills have graced live music scenes across the country and abroad. <a href=""https://www.last.fm/music/Johnny+Nicholas"">Read more on Last.fm</a>",
David Gogo,9942,85180,"Born in Nanaimo, British Columbia, David received a ukulele at age 4 and his first guitar at age 5. Encouraged by his parents throughout his childhood, the guitar began to captivate him. By the age of 16 Gogo was working steadily as a professional musician. His interest in the blues could be considered unusual for a teenager in the early 1980's. Nonetheless, David was drawn to the emotional power and raw depth of such performers as Howling Wolf and Son House. <a href=""https://www.last.fm/music/David+Gogo"">Read more on Last.fm</a>",United Kingdom
Alvin Lee,74392,824190,"Alvin Lee (19 December 1944 - 6 March 2013) was famous as the guitarist in the seminal seventies rock band Ten Years After.

Born Graham Barnes in Nottingham England, Alvin Lee took up guitar at the age of thirteen. By the age of fifteen he had formed the group Jaybirds. Following in the footsteps of earlier beat groups such as the Beatles, the Jaybirds played the clubs in Hamburg, Germany to great local acclaim. On returning to London in 1966, the group changed its name to Ten Years After. <a href=""https://www.last.fm/music/Alvin+Lee"">Read more on Last.fm</a>",
Magic Sam,161042,1129330,"Magic Sam (Samuel Gene Maghett, February 14, 1937 – December 1, 1969) was an American Chicago blues musician. He was born in Grenada, Mississippi, and learned to play the blues from listening to records by Muddy Waters and Little Walter. After moving to Chicago at the age of 19, he was signed by Cobra Records and became well known as a bluesman after the release of his first record, ""All Your Love"", in 1957. He was known for his distinctive tremolo guitar playing. <a href=""https://www.last.fm/music/Magic+Sam"">Read more on Last.fm</a>",United States
Lonnie Brooks,62658,312109,"Lonnie Brooks (Lee Baker Jr., December 18, 1933 - April 1, 2017) was an American blues singer and guitarist.

The musicologist Robert Palmer, writing in Rolling Stone, stated, ""His music is witty, soulful and ferociously energetic, brimming with novel harmonic turnarounds, committed vocals and simply astonishing guitar work."" Jon Pareles, a music critic for the New York Times, wrote, ""He sings in a rowdy baritone, sliding and rasping in songs that celebrate lust <a href=""https://www.last.fm/music/Lonnie+Brooks"">Read more on Last.fm</a>",United States
Ruth Brown,241668,1263244,"Ruth Brown (1928–2006) was a U.S. rhythm and blues singer and actress, noted for bringing a popular music style to rhythm and blues in a series of hit songs for fledgling Atlantic Records in the 1950s, such as ""So Long"", ""Teardrops from My Eyes"", and ""(Mama) He Treats Your Daughter Mean"".

Born Ruth Alston Weston on 30th January 1928 in Portsmouth, Virginia, she attended I. C. Norcom High School, a historically black high school. Brown's father was a dockhand who directed the local church choir <a href=""https://www.last.fm/music/Ruth+Brown"">Read more on Last.fm</a>",
Rod Stewart,2152471,32472444,"Sir Roderick David Stewart (born 10 January 1945) is a British rock and pop singer and songwriter. Born and raised in London, he is of Scottish and English ancestry. With his distinctive raspy singing voice, Stewart is among the best-selling music artists of all time, having sold over 250 million records worldwide. He has had 10 number-one albums and 31 top ten singles in the UK, six of which reached number one. Stewart has had 16 top ten singles in the US, with four reaching number one on the Billboard Hot 100. <a href=""https://www.last.fm/music/Rod+Stewart"">Read more on Last.fm</a>",United Kingdom
Tab Benoit,95743,961950,"Tab Benoit (born November 17, 1967 in Baton Rouge, Louisiana, United States) is a blues guitarist, musician and singer. He plays a style that is a combination of Swamp blues, Soul blues and Chicago blues. He plays Fender guitars and writes his own music compositions. Benoit graduated from Vandebilt Catholic High School in Houma, Louisiana in May, 1985. In 2003, he formed an organization promoting awareness of coastal wetlands preservation known as ""Voice of the Wetlands."" <a href=""https://www.last.fm/music/Tab+Benoit"">Read more on Last.fm</a>",
James Intveld,20989,192278,"
A native of Los Angeles, he started his career at an early age listening and singing along to his parents' recordings of Hank Williams, Sr., Dean Martin, Lefty Frizzell, and Elvis. By high school he was playing in cover bands and was soon a regular sitting in with the house band at the legendary Palomino Club.

Initially, Intveld worked with his younger brother Ricky and friend Pat Woodward in a band known as the Rockin' Shadows. The group dissolved <a href=""https://www.last.fm/music/James+Intveld"">Read more on Last.fm</a>",
Lucky Peterson,51688,427053,"Lucky Peterson (born Judge Kenneth Peterson in Buffalo, NY, on 13 December 1964; died 17 May 2020) was an American musician who played contemporary blues, fusing soul, R&B, gospel and rock and roll.

Peterson played his first gig at age three. By the time he was five, he had already recorded his first single, produced by none other than the legendary Willie Dixon. Before Peterson turned six, his career had been propelled into the national spotlight with television appearances on The Ed Sullivan Show <a href=""https://www.last.fm/music/Lucky+Peterson"">Read more on Last.fm</a>",United States
Steve Vaus,800,4635,biografia no encontrada,
Son Seals,75210,383074,"Frank ""Son"" Seals (August 13, 1942-December 20, 2004) was an American blues guitarist and singer.

He was born in 1942 in Osceola, Arkansas where his father, Jim ""Son"" Seals, owned a small club. He began performing professionally by the age of 13, first as a drummer and later as a guitarist. In 1959, he formed his own band which performed locally and he also toured with Albert King.[1]

In 1971, he moved to Chicago. His career took off after he was discovered by Bruce Iglauer of Alligator Records at the Flamingo Club in Chicago's South Side. <a href=""https://www.last.fm/music/Son+Seals"">Read more on Last.fm</a>",United States
Snowy White,222146,1958414,"
Snowy White (born on 3 March 1948, as Terence Charles White, in Barnstaple, Devon) is a British blues and rock guitarist, mostly known for having played for Thin Lizzy (permanent member from 1979 to 1981) and for Pink Floyd (as a backup player; he was first invited to join the band through Europe and America, in 1977).

His 1983 solo debut album after leaving Thin Lizzy was titled White Flames and spawned the hit single Bird of Paradise. 

During the following years, White focused on touring extensively with his White Flames band. <a href=""https://www.last.fm/music/Snowy+White"">Read more on Last.fm</a>",United Kingdom
Champion Jack Dupree,118422,678786,"William Thomas Dupree (birth date disputed; died January 21, 1992, in Hanover, Germany), best known as Champion Jack Dupree, was an American blues pianist. He was the embodiment of the New Orleans blues and boogie woogie pianist. On his best known album, Blues from the Gutter, for Atlantic in 1959, he was accompanied on guitar by Larry Dale, whose playing on that record inspired Brian Jones of The Rolling Stones. Although best known as a singer and pianist in the New Orleans style <a href=""https://www.last.fm/music/Champion+Jack+Dupree"">Read more on Last.fm</a>",United States
Ray Collins' Hot Club,12345,107171,biografia no encontrada,
Barbra Streisand,938118,14871043,"Barbra Streisand (born Barbara Joan Streisand; April 24, 1942  Brooklyn, New York),  is an Academy Award-winning American singer, theater and film actress, composer, film producer, and director. She has won Oscars for Best Actress and Best Original Song as well as multiple Emmy Awards, Grammy Awards, Golden Globe Awards and an honorary Tony Award. She received the prestigious Kennedy Center Honor on December 7, 2008. She is the most successful female recording artist according to the Recording Industry Assoc. of America (RIAA). <a href=""https://www.last.fm/music/Barbra+Streisand"">Read more on Last.fm</a>",United States
John Mayall & The Bluesbreakers,426663,3592448,"John Mayall & the Bluesbreakers was a pioneering English blues band, led by singer, songwriter, and multi-instrumentalist John Mayall, OBE. Mayall used the band name between 1963 and '67 then dropped it for some fifteen years, but in 1982 a 'Return of the Bluesbreakers' was announced and the name began to be re-used. The name became generic without a clear distinction which recordings could be credited just to the leader or to leader and his band. The Bluesbreakers have included luminaries such as: <a href=""https://www.last.fm/music/John+Mayall+&+The+Bluesbreakers"">Read more on Last.fm</a>",
Vargas Blues Band,22103,264146,"”Javier Vargas was born in Madrid. When he was nine years old, he and his family moved to Argentina, where his parents had lived during the Spanish Civil War. They lived in Mendoza, San Luis, Buenos Aires and also in Mar del Plata, where he started playing the guitar with young musicians in places such as garages. He took guitar lessons, and he also used to go clubs to listen to groups playing blues live.

The first guitar Vargas had, present from his father, it was a Spanish guitar with naylon strings. <a href=""https://www.last.fm/music/Vargas+Blues+Band"">Read more on Last.fm</a>",Spain
Byther Smith,36927,213256,"Byther Smith is a true Living Legend of the Chicago blues scene and during his long lasting career he worked with the greatest of the Chicago blues artists like Muddy Waters, Howlin' Wolf, Jimmy Reed and Otis Rush.

Born in Monticello, Mississippi on April 17, 1933 young Byther Smith got his first musical experiences with gospel music, a music that he returned to at various stages of his career.

As a teenager Byther moved to Arizona, working on a cattle ranch and playing with a country & western band at weekends. <a href=""https://www.last.fm/music/Byther+Smith"">Read more on Last.fm</a>",
Mr. Airplane Man,65577,649231,"Mr. Airplane Man is a Boston duo, Margaret Garrett (guitar, vocals) and Tara McManus (drums, keyboards), who have been playing since 1996. They named themselves after a Howlin' Wolf song. Their obsession with rock and roll music since early high school inspired the band. They began playing on the street and by 1999 they were voted Best New Local Act by readers of the Boston Phoenix.

They recorded their first full-length record in March 2001. It was raw and real. <a href=""https://www.last.fm/music/Mr.+Airplane+Man"">Read more on Last.fm</a>",
Buddaheads,8496,80752,"Buddaheads (also known as  The Buddaheads, Buddah Heads, B.B. & The Screaming Buddah Heads and  BB Chung King & The Buddaheads). BAND MEMBERS:Alan Mirikitani, guitar and lead vocals, Boyd Lefan, bass,Joe ""The Bricklayer"" Pafumi, drums.

Guitarist/Singer Alan Mirikitani realized that he wanted to pursue a career in music after playing an eighth-grade dance with his first band while in junior high school in his hometown of Downey.

""After we got done, some girls came and sat in our laps,"" he said. <a href=""https://www.last.fm/music/Buddaheads"">Read more on Last.fm</a>",
Big Bill Broonzy,190733,1480177,"Big Bill Broonzy (June 26, 1893 – August 15, 1958) was a prolific American blues singer, songwriter and guitarist. His career began in the 1920s when he played country blues to mostly African-American audiences. Through the 1930s and 1940s he successfully navigated a transition in style to a more urban blues sound popular with working class African-American audiences. In the 1950s a return to his traditional folk-blues roots made him one of the leading figures of the emerging American folk music revival and an international star. <a href=""https://www.last.fm/music/Big+Bill+Broonzy"">Read more on Last.fm</a>",United States
Alicia Keys,4060588,98165315,"
Alicia Augello Cook (born January 25, 1981), better known by her stage name Alicia Keys, is an American recording artist, musician and actress. She was raised by a single mother in the Hell's Kitchen area of Manhattan in New York City, New York, United States. At age seven, Keys began to play classical music on the piano. She attended Professional Performing Arts School and graduated at 16 as valedictorian. She later attended Columbia University before dropping out to pursue her music career. <a href=""https://www.last.fm/music/Alicia+Keys"">Read more on Last.fm</a>",United States
Mighty Sam McClain,28062,182911,"Samuel McClain (April 15, 1943 – June 15, 2015), billed as Mighty Sam (McClain), was an American soul blues singer and songwriter.

He was born in Monroe, Louisiana. As a five-year-old, he began singing in his mother's Gospel Church. McClain left home when he was thirteen and followed local R&B guitarist, Little Melvin Underwood through the Chitlin' Circuit, first as his valet and then as lead vocalist himself at 15.

While singing at the 506 Club in Pensacola <a href=""https://www.last.fm/music/Mighty+Sam+McClain"">Read more on Last.fm</a>",United States
Simon Crashly & The Roadmasters,2803,15946,biografia no encontrada,
Michael Burks,47746,348848,"Styles: Modern Electric Blues, Soul-Blues, Blues-Rock

Biography

Born in Milwaukee in 1957, blues guitarist Michael Burks began learning his instrument at an early age -- inspired by his musical family (his father played bass and often performed alongside harmonica legend Sonny Boy Williamson II, while his grandfather was a Delta-style bluesman from Camden, AR). By the age of five, he was playing along with his father, and picked up a thing or two <a href=""https://www.last.fm/music/Michael+Burks"">Read more on Last.fm</a>",
Tony Bennett,1694386,17487206,"Anthony Dominick Benedetto, known professionally as Tony Bennett, was an American singer of traditional pop standards, big band, show tunes and jazz. He is also a painter, having created works under his birth name that are on permanent public display in several institutions. He is the founder of the Frank Sinatra School of the Arts in Astoria, Queens, New York.

Bennett began singing at an early age. He fought in the final stages of World War II as a U. <a href=""https://www.last.fm/music/Tony+Bennett"">Read more on Last.fm</a>",United States
Freddie King,409888,3838063,"
Freddie King (September 3, 1934 – December 28, 1976), thought to have been born as Frederick Christian in Gilmer, Texas, originally recording as Freddy King, and nicknamed ""the Texas Cannonball"", was an influential African-American blues guitarist and singer. He is often mentioned as one of ""the Three Kings"" of electric blues guitar, along with Albert King and B.B. King (though he was the youngest of the three).

King's mother, Ella May King, and her brother, who both played the guitar, began teaching him to play at the age of six. <a href=""https://www.last.fm/music/Freddie+King"">Read more on Last.fm</a>",
Mitch Woods And His Rocket 88‘s,5673,22503,"See Mitch Woods & His Rocket 88's. <a href=""https://www.last.fm/music/Mitch+Woods+And+His+Rocket+88%E2%80%98s"">Read more on Last.fm</a>",
"Arthur ""Big Boy"" Crudup",85702,410264,"Arthur ""Big Boy"" Crudup (also known as ""Pop"" Crudup) (August 24, 1905 – March 28, 1974) was a delta blues singer and guitarist. He is best known outside blues circles for writing songs later covered by Elvis Presley (and since covered by dozens of other artists), such as ""That's All Right Mama"", ""My Baby Left Me"" and ""So glad you're mine"", and by many claims, ""Blue Suede Shoes"".

Born in Forest, Mississippi and living and working in throughout the South and Midwest as a migrant worker for a time <a href=""https://www.last.fm/music/Arthur+%22Big+Boy%22+Crudup"">Read more on Last.fm</a>",
Status Quo,915370,12792073,"Status Quo is a British rock band (London, England)  founded by bassist Alan Lancaster and guitarist Francis Rossi in 1962.

They began as a rock and roll freakbeat band called The Spectres. By 1967, with very little commercial success, they discovered psychedelia and changed their name to Traffic (later Traffic Jam, to avoid confusion with Steve Winwood's Traffic.) At this time the line-up also included organist Roy Lynes and drummer John Coghlan. <a href=""https://www.last.fm/music/Status+Quo"">Read more on Last.fm</a>",United Kingdom
Tadg Galleran,67,242,biografia no encontrada,
Ivory Joe Hunter,36508,139871,"Ivory Joe Hunter (10 October 1914 – 8 November 1974) was an African American R&B singer, songwriter and pianist, best known for his hit recording, ""Since I Met You, Baby"" (1956). Billed as The Baron of the Boogie, he was also known as The Happiest Man Alive. He is sometimes confused with Motown producer-songwriter Ivy Joe Hunter.

Born in Kirbyville, Texas, he was christened Ivory Joe as an infant. Developing an early interest in music from his father <a href=""https://www.last.fm/music/Ivory+Joe+Hunter"">Read more on Last.fm</a>",United States
Randy Crawford,460420,3562510,"Randy Crawford (born Veronica Crawford, February 18, 1952, in Macon, Georgia, USA), is a jazz and R&B singer.

Crawford first polished her craft at club gigs from Cincinnati to St. Tropez, but made her name in mid 1970s in New York, where she sang with jazzmen George Benson on his album ""Big Man"" 1975) and Cannonball Adderley.

She then led Jazz veterans The Crusaders on the transatlantic big hit ""Street Life"" (1979). Her follow up solo efforts included ""'One Day I'll Fly Away"" (1980 <a href=""https://www.last.fm/music/Randy+Crawford"">Read more on Last.fm</a>",
Allman Brothers Band,517184,7317055,"The Allman Brothers Band, formed in 1969 in Macon, Georgia blended strains of Southern Rock music - Blues, R&B, Country, Jazz, and Gospel - into a flexible, jam-oriented style of Rock and Roll that reflected the emergence of the “New South” and set the style for Lynyrd Skynyrd, the Marshall Tucker Band, and countless other Southern rockers. Oddly - or eerily, some would say - the band’s unusual string of untimely deaths has been repeated in other Southern-rock bands. <a href=""https://www.last.fm/music/+noredirect/Allman+Brothers+Band"">Read more on Last.fm</a>",
Slim Harpo,179297,1149560,"Slim Harpo (11 January 1924 – 31 January 1970) was a blues musician.

Born James Moore in Lobdel, Louisiana, the eldest in an orphaned family, Moore worked as a longshoreman and building worker during the late 1930s and early 1940s. One of the foremost proponents of post-war rural blues, he began performing in Baton Rouge bars under the name Harmonica Slim. He later accompanied Lightning Slim, his brother-in-law, both live and in the studio, before commencing his own recording career in 1957. <a href=""https://www.last.fm/music/Slim+Harpo"">Read more on Last.fm</a>",
Lee Rocker,86071,741976,"Lee Rocker (born August 3, 1961 in Long Island, New York) is a rockabilly double bass player. He is best known for his time as a member of Stray Cats. He is now a solo musician.

Rocker has reunited with former Stray Cats band members Brian Setzer and Slim Jim Phantom and they toured the U.S. with The Pretenders and ZZ Top in the summer of 2007.

Lee Rocker released Black Cat Bone in August 2007, an album featuring his loyal musicians Brophy Dale on guitar and Jimmy Sage on drums <a href=""https://www.last.fm/music/Lee+Rocker"">Read more on Last.fm</a>",
Mighty Mo Rodgers,12968,88282,"Mighty Mo Rodgers is a remarkably original singer/songwriter who’s shaped his life experiences into a terrifically eclectic and immensely deep vision on his Blue Thumb debut, Blues Is My Wailin’ Wall.

Rodgers combines soulful, gritty vocals and driving rhythms with a wholly personal panorama on songs like ""Took Away The Drum,"" ""The Kennedy Song,"" ""Tuskegee Blues"" and a moving tribute to his childhood friend with ""Willie B. And Me."" Blues Is My Wailin’ Wall has already made an indelible impression on listeners <a href=""https://www.last.fm/music/Mighty+Mo+Rodgers"">Read more on Last.fm</a>",
Son House,333352,2652024,"Eddie James House, Jr. (March 21, 1902 – October 19, 1988), better known as Son House, was an influential blues singer and guitarist. His date of birth is a matter of some debate. Son House himself alleged that he was middle aged during World War I, and, more specifically, that he was 79 in 1965, which would mean that he was born around 1886. However, all legal records place his birth on March 21, 1902.

House was born, the middle of three brothers, in Riverton, Mississippi, two miles from famed blues capital Clarksdale, Mississippi. <a href=""https://www.last.fm/music/Son+House"">Read more on Last.fm</a>",
Andy Lee Lang,1447,11501,biografia no encontrada,
Heidi Hauge,3103,39747,"Heidi Hauge is a country singer from Norway.

Biography


 


Heidi Hauge was born in Skien, Norway, on October 14th 1967.


Besides the fact that Heidi Hauge is the best selling country-singer in Scandinavia, she's also a mother of four children. How she manages to balance the time and needs, is something that confuses most of us. In Heidi's case, the answer might be that she's always been active. In her youth, she liked different kinds of sporting activities and she learned how to play the fiddle and the guitar. <a href=""https://www.last.fm/music/Heidi+Hauge"">Read more on Last.fm</a>",
Rascal Flatts,1650089,27070132,"Rascal Flatts was an American country rock/pop country band founded in Columbus, Ohio, USA. Since its inception, Rascal Flatts has been composed of three members: Gary LeVox (lead vocals), Jay DeMarcus (bass guitar, keyboards, vocals), and Joe Don Rooney (lead guitar, vocals). DeMarcus and LeVox are also second cousins.

Rascal Flatts has released six studio albums and a greatest hits album, all on Lyric Street Records. Their first two albums, 2000's Rascal Flatts and 2002's Melt <a href=""https://www.last.fm/music/Rascal+Flatts"">Read more on Last.fm</a>",United States
Free,936265,8988256,"Free was an English rock band formed in London in 1968 by Paul Rodgers (vocals), Paul Kossoff (guitar), Andy Fraser (bass, piano), and Simon Kirke (drums, percussion). The band is best known for the songs ""All Right Now"" and ""Wishing Well"". Although initially more successful as a live act, their commercial breakthrough came with their third studio album, ""Fire and Water"" (1970), which included ""All Right Now"". This track contributed to their appearance at the 1970 Isle of Wight Festival <a href=""https://www.last.fm/music/Free"">Read more on Last.fm</a>",
The Crew Cuts,183781,831575,"The Crew-Cuts were a Canadian vocal quartet (formed in 1952 - Toronto, Ontario, Canada) that made a number of popular records that charted in the United States and worldwide. They named themselves after the popular crew cut haircut, one of the first connections made between pop music and hairstyle. While the crew-cut hair style came as a result of the name change, the original intent was that the name crew-cuts denoted the music they sang (pop) as opposed to Longhair (classical). <a href=""https://www.last.fm/music/The+Crew+Cuts"">Read more on Last.fm</a>",Canada
Chick Willis,4231,17483,"Robert ""Chick"" Willis (September 24, 1934 – December 7, 2013)   R.I.P.


Bluesman Chick Willis, who was currently residing in Forsyth, Georgia, passed away on Saturday, December 7, 2013 after a lengthy battle with cancer. Willis was 79 years old.

He was born in 1934 in Cabiness, Georgia.  His dad was a railroad man and the Willis family moved to Atlanta when he was about 6 years of age.  He was surrounded by music as a youngster and displayed an early affinity by teaching himself guitar while already having experience with vocals <a href=""https://www.last.fm/music/Chick+Willis"">Read more on Last.fm</a>",
Albert Lee & Hogan's Heroes,8097,44490,biografia no encontrada,
Ellis Hall,5471,24534,"Ellis Hall Jr. (born May 10, 1951 in Savannah, Georgia) known professionally as Ellis Hall is an American singer-songwriter, multi-instrumentalist, actor and composer. He was described as ""The Ambassador of Soul"" by conductor, Jeff Tyzik. Hall has been blind since the age of 18. Citing Ray Charles as his inspiration, Hall has written over 4000 soul, gospel, blues and pop songs,[1] and has performed with Stevie Wonder, James Taylor, Natalie Cole, Patti LaBelle <a href=""https://www.last.fm/music/Ellis+Hall"">Read more on Last.fm</a>",United States
Jimmy Smith,426313,3706936,"Jimmy Smith (1925–2005) was a jazz musician whose instrument was the Hammond B-3 electric organ.

Born James Oscar Smith on 8th December 1925 in Norristown, Pennsylvania, USA. Smith was influenced by both gospel and blues. He first achieved prominence in the 1950s where his recordings became popular on jukeboxes before there were commonly used terms to describe his unique musical flavor. In the sixties and seventies he helped create the jazz style known as soul jazz. <a href=""https://www.last.fm/music/Jimmy+Smith"">Read more on Last.fm</a>",
Sam Cooke,1791994,30721445,"Samuel Cooke (born January 22, 1931 in Clarksdale, Mississippi; died December 11, 1964 in Los Angeles, California) was a popular and influential American gospel, R&B, soul, and pop, songwriter and singer,  recognized as one of the true founders of soul music. Often referred to as The King of Soul, Cooke had 29 Top 40 hits in the U.S. between 1957 and 1964 including major hits You Send Me, A Change Is Gonna Come, Chain Gang and Wonderful World. Cooke <a href=""https://www.last.fm/music/Sam+Cooke"">Read more on Last.fm</a>",United States
Howlin' Wolf,829551,11095454,"Chester Arthur Burnett  (June 10, 1910 in White Station, Mississippi, United States – January 10, 1976 in Hines, Illinois, United States), known as Howlin' Wolf, was an influential American blues singer, guitarist and harmonica player.

With a booming voice and looming physical presence, Burnett is commonly ranked among the leading performers in electric blues; musician and critic Cub Koda declared, ""no one could match Howlin' Wolf for the singular <a href=""https://www.last.fm/music/Howlin%27+Wolf"">Read more on Last.fm</a>",United States
The Notorious Cherry Bombs,5234,34082,"Formed in the late '70s as Rodney Crowell's road band, the Cherry Bombs' original members include guitarists Vince Gill and Richard Bennett, keyboardist Tony Brown, steel guitarist Hank DeVito, drummer Larrie Londin and bassist Emory Gordy Jr. The core group recorded with Crowell during his tenure at Warner Bros. Records and on the first three albums recorded by Crowell's then-wife, Rosanne Cash.

Members of the band reunited briefly in 2002 for a performance at the ASCAP awards banquet <a href=""https://www.last.fm/music/The+Notorious+Cherry+Bombs"">Read more on Last.fm</a>",
Solomon Burke,625178,5301408,"Solomon Burke (born March 21, 1940 in Philadelphia, Pennsylvania, USA, died October 10, 2010 at Schiphol Airport, The Netherlands) was a soul music pioneer and member of the Rock and Roll Hall of Fame. Despite releasing numerous rnb chart hits in the 1960s, he never had a Top 20 hit on the pop charts. Burke's influence, however, has outstripped his mainstream commercial success. He is considered a legend of American music.

He began his adult life as a young preacher in Philadelphia, where he hosted a gospel radio show. <a href=""https://www.last.fm/music/Solomon+Burke"">Read more on Last.fm</a>",United States
Stevie Ray Vaughan,1137189,17905282,"Stephen (""Stevie"") Ray Vaughan, born in Dallas, Texas (October 3, 1954 – August 27, 1990) was an American blues guitar legend, and is known as one of the most influential blues musicians in history.

Stevie Ray had been in numerous bands before joining blues rock combo Stevie Ray Vaughan and Double Trouble in the late 1970's.
 
Stevie Ray Vaughan and Double Trouble's debut album was released in 1983. The critically acclaimed Texas Flood (1983) featured the top-20 hit Pride and Joy and sold well in both blues and rock circles.  <a href=""https://www.last.fm/music/Stevie+Ray+Vaughan"">Read more on Last.fm</a>",United States
Guru,532598,8443768,"Keith Edward Elam (July 17, 1961 – April 19, 2010) - known professionally as Guru - was one half of the legendary hip hop duo Gang Starr and an accomplished solo artist. Guru, an acronym for Gifted Unlimited Rhymes Universal, originally began his hip hop career in Boston but due to lack of local support moved to New York where Gang Starr then blew up. Guru was well known for his smooth voice; socially conscious and hardcore lyrics; and an effortless, confident delivery. <a href=""https://www.last.fm/music/Guru"">Read more on Last.fm</a>",
Hanne Boel,27756,283348,"Hanne Boel (born August 31, 1957 in Bagsværd, Copenhagen) is a best-selling Danish singer. She is a versatile artist and has sung in church choirs as well as gospel, soul, jazz, pop and rock, not to mention a short stint in techno. 

Boel graduated from the Royal Danish Academy of Music in 1980 and studied a year at the Berklee School of Music in Boston. When she returned to Denmark, she worked as a music teacher for several years, but at the same time she had also been a member of the group Blast from 1981 until 1986. <a href=""https://www.last.fm/music/Hanne+Boel"">Read more on Last.fm</a>",
Johnny Winter,466878,4615600,"John Dawson ""Johnny"" Winter III (born February 23, 1944 died July 16, 2014) was an American blues guitarist, singer, and producer. Best known for his late 1960s and 1970s high-energy blues rock albums and live performances, Winter also produced three Grammy Award-winning albums for blues legend Muddy Waters. Since his time with Waters, Johnny Winter has recorded several Grammy-nominated blues albums and continues to tour extensively. In 1988, he was inducted into the Blues Foundation Hall of Fame and in 2003 <a href=""https://www.last.fm/music/Johnny+Winter"">Read more on Last.fm</a>",United States
Walter Trout and The Free Radicals,3725,25862,"Walter Trout (born 1951, Ocean City, New Jersey) is a blues guitarist, singer and songwriter of his own band.

Trout's career began on the Jersey coast scene of the late 60's and early 70's that jump started the career of artists like Bruce Springsteen. He then decided to relocate to Los Angeles where he became a sideman for such artists as Percy Mayfield and Deacon Jones. He also worked in the bands of John Lee Hooker and Joe Tex.

In 1981 be became the guitarist for blues rock band Canned Heat. <a href=""https://www.last.fm/music/+noredirect/Walter+Trout+and+The+Free+Radicals"">Read more on Last.fm</a>",
Grant Green,464767,4852710,"Grant Green (June 6, 1935 – January 31, 1979) was a jazz guitarist and composer.

Recording prolifically and almost exclusively for Blue Note Records (as both leader and sideman) Green performed well in hard bop, soul jazz, bebop and Latin-tinged settings throughout his career. Critics Michael Erlewine and Ron Wynn write, ""A severely underrated player during his lifetime, Grant Green is one of the great unsung heroes of jazz guitar ... Green's playing is immediately recognizable -- perhaps more than any other guitarist. <a href=""https://www.last.fm/music/Grant+Green"">Read more on Last.fm</a>",
Rory Gallagher,485873,9627397,"Rory Gallagher (1948-1995) was a legendary Irish blues/rock guitarist, born in Ballyshannon, County Donegal, and raised in County Cork. He is regularly credited as one of the most influential Irish rock and blues musicians of all time. Before finding solo fame he was a member of blues-rock band Taste.

In 1972 he was voted Melody Maker's Top Musician of the Year, dethroning Eric Clapton.

Rory's relevance faded in the 1980s, amid health issues and dwindling interest in blues rock as a whole. <a href=""https://www.last.fm/music/Rory+Gallagher"">Read more on Last.fm</a>",Ireland
J.B. Lenoir,105961,663645,"J. B. Lenoir /ləˈnɔːr/ (Monticello, Mississippi, March 5, 1929  – Urbana, Illinois, April 29, 1967) was an African American blues guitarist and singer-songwriter, active in the 1950s and 1960s Chicago blues scene.
Lenoir's guitar-playing father introduced him to the music of Blind Lemon Jefferson, whose music became a major influence. During the early 1940s, Lenoir worked with blues artists Sonny Boy Williamson II and Elmore James in New Orleans. Lenoir would eventually find musical influence in Arthur Crudup and Lightnin' Hopkins. <a href=""https://www.last.fm/music/J.B.+Lenoir"">Read more on Last.fm</a>",United States
Sean Costello,12642,155294,"April 16, 1979-April 15, 2008

Born in Philadelphia, Costello began playing guitar at age nine, about the time his family moved to Atlanta. He came of age early, appearing regularly in clubs before he could drive, much less gain legal admission, to them. At age 14, his winning performance in the finals of the Memphis Blues Society’s talent competition had career-changing effects. First, it netted him studio time to record his debut album, Call The Cops, a collection of 1940s and 1950s-style Chicago blues. <a href=""https://www.last.fm/music/Sean+Costello"">Read more on Last.fm</a>",
Ana Popovic,77282,935105,"Ana Popović (born May 13, 1976, Belgrade, Serbia) is a blues guitarist, singer and songwriter. Ana has released 5 studio albums as a solo artist; Hush! (2000), Comfort To The Soul (2003), Still Making History (2007), Blind For Love (2009) and Unconditional (2011).

Ana Popović's father first introduced her to the blues, through an extensive record collection and sessions hosted at the family home. Popović founded her first serious band at age nineteen. <a href=""https://www.last.fm/music/Ana+Popovic"">Read more on Last.fm</a>",
Earl King,40948,193079,"Earl King (Earl Silas Johnson IV, New Orleans, Louisiana, February 7, 1934 – April 17, 2003)  (not to be confused with Earl Connelly King (born Earl B. Connelly, Jr. in Philadelphia)) was an American Rhythm & Blues singer, guitarist, and songwriter.

A composer of well known standards such as ""Come On"" (covered by Jimi Hendrix) and Professor Longhair's ""Big Chief"", he is an important figure in New Orleans R&B music.

His father, a local piano player, died when King was still a baby, and he was brought up by his mother. <a href=""https://www.last.fm/music/Earl+King"">Read more on Last.fm</a>",United States
Mojo Blues Band,7016,89086,"The founders of the band played before 1977 in clubs of Vienna. In 1977 Palden won a boogie woogie contest. The first prize was a record contract. They decided to form a band, which they named ""Mojo Blues Band"". 

The line up was:
guitar, vocals Erik Trauner
piano Joachim Palden
bass Matthias Mitsch
drums Bobby Sperling

Being the only blues band in Vienna they were often booked as backing band for blues artists who were touring in Austria. They played for example with Johnny Shines, J. <a href=""https://www.last.fm/music/Mojo+Blues+Band"">Read more on Last.fm</a>",
Shemekia Copeland,69058,507931,"Shemekia Copeland (b Harlem, New York City, 10 April 1979) is an American blues singer.

The daughter of blues guitarist and singer Johnny Copeland, she began to pursue a singing career in earnest at age 16, when her father's health began to decline; he took Shemekia on tour as his opening act, which helped establish her name on the blues circuit.

She landed a record deal with Alligator, which issued her debut album ""Turn the Heat Up!"" in 1998. The record was met with enthusiastic reviews <a href=""https://www.last.fm/music/Shemekia+Copeland"">Read more on Last.fm</a>",United States
Mississippi John Hurt,282033,3418116,"John Smith Hurt, better known as Mississippi John Hurt (July 3, 1893 or March 8, 1892 - November 2, 1966) was an American country blues singer and guitarist.

Raised in Avalon, Mississippi, Hurt taught himself how to play the guitar around age nine. Singing to a melodious finger-picked accompaniment, he began to play local dances and parties while working as a sharecropper. He first recorded for Okeh Records in 1928, but these were commercial failures. <a href=""https://www.last.fm/music/Mississippi+John+Hurt"">Read more on Last.fm</a>",United States
The Hoodoo Kings,674,2204,"In bringing together elder bluesmen Eddie Bo (died in 2009), Raful Neal (died in 2004) and Rockin’ Tabby Thomas (died in 2014) with a band of younger cohorts, The Hoodoo Kings captured the simmering essence of Louisiana. Hoodoo Kings was produced in 2001 by Randy Labbe, and their backing band consisted of guitarists Greg Hoover and Denny Breau, bassist Dan Corbett, drummer Darren Thiboutot and backup vocalist Kelly Jones. On their Telarc release <a href=""https://www.last.fm/music/The+Hoodoo+Kings"">Read more on Last.fm</a>",
Bill Wyman's Rhythm Kings,9937,216487,"Bill Wyman's Rhythm Kings are a blues-rock band founded in 1997 and led by the Rolling Stones' bass guitarist Bill Wyman. Together with his lifelong musical partner Terry Taylor. This ""Dirty Boys"" duo produce, arrange and compose original material for the award-winning band. Members of the band, eithering touring or as studio guests, has included such stars as Peter Frampton, Albert Lee, Gary Brooker, Georgie Fame, Andy Fairweather-Low, Mark Knopfler and Martin Taylor. <a href=""https://www.last.fm/music/Bill+Wyman%27s+Rhythm+Kings"">Read more on Last.fm</a>",
Coen Wolters Band,3304,22180,"Since the release of the band’s latest album ""As The Crow Flies"" (2006) everything changed for the band. Coen's long history of self released CD's and continual live performances, cumulating in the release of his debut ""Broken Glass"" (2005) CD on Cryingtone Records, established him as an up and coming blues slinger with an original twist of his own.
The ""live band"" sound of ""as The Crow Flies"", coupled with the tours at major festivals that following year <a href=""https://www.last.fm/music/Coen+Wolters+Band"">Read more on Last.fm</a>",
Xavier Rudd,548537,10007684,"Xavier Rudd (born 29 May 1978) is a soulful Australian singer-songwriter and multi-instrumentalist whose songs encompass themes such as spirituality, humanity, environmentalism and the rights of Indigenous Australians. He recorded as Xavier Rudd & Izintaba for the 2010 album ""Koonyum Sun"" and as Xavier Rudd & the United Nations for the 2017 album ""Nanna"". 

Growing up in a family of seven children in Torquay, Victoria (Australia), near the famous surfing location Bells Beach, Rudd showed a keen interest in music. <a href=""https://www.last.fm/music/Xavier+Rudd"">Read more on Last.fm</a>",Australia
Magic Slim & The Teardrops,35230,255127,"Magic Slim was born Morris Holt in Torrence, Mississippi, on August 7, 1937. He took an early interest in music, singing in the church choir, and fashioning a guitar for himself with baling wire from a broom, which he nailed to the wall. ""Mama whooped me for that,"" recalls Slim. His first love was the piano, but having lost the little finger on his right hand in a cotton gin accident he found it difficult to play properly. Undaunted, he simply switched to guitar <a href=""https://www.last.fm/music/+noredirect/Magic+Slim+&+The+Teardrops"">Read more on Last.fm</a>",
Gov't Mule,297117,5745334,"Gov't Mule is a southern rock/jam band formed in 1994 as a side project to The Allman Brothers Band, but has taken on a life of its own. Like many jam bands, Gov't Mule does not get much radio airplay but is popular due to constant touring and intense fan loyalty. 

When the Allman Brothers Band reformed in 1989 in response to the popularity of the Dreams box set, Warren Haynes was added on lead guitar and Allen Woody on bass. The two shared a love for '60s power trios, like Cream, Jimi Hendrix Experience, and James Gang. <a href=""https://www.last.fm/music/Gov%27t+Mule"">Read more on Last.fm</a>",
Rob Tognoni,11524,117756,"Rob Tognoni and his guitar have been treading the stages worldwide for the past 35 years.
He has opened for the greats - Roy Buchanan, Stevie Ray Vaughan's mentor Lonnie Mack, Joe Walsh from the Eagles, shared stages with Peter Green, Sting, ZZ Top, Bo Diddley. He has represented Australia at the Royal Wedding celebrations of Prince Frederik & Princess Mary of Denmark, performed for FIFA World Cup Football in Kaiserslautern, played from maximum security <a href=""https://www.last.fm/music/Rob+Tognoni"">Read more on Last.fm</a>",
Chris Thomas King,160222,727879,"Chris Thomas King (born October 14, 1962 in Baton Rouge, Louisiana) is an American blues musician and actor. He is the son of blues musician Tabby Thomas.

In the 2000 movie O' Brother, Where Art Thou?, he played legendary bluesman Tommy Johnson. On the “O Brother…” soundtrack he plays Skip James’ “Hard Time Killing Floor Blues”. In the 2004 movie Ray, he played bandleader Lowell Fulson. He has also appeared in several documentaries about the blues and about music.

Website: Chris Thomas King <a href=""https://www.last.fm/music/Chris+Thomas+King"">Read more on Last.fm</a>",United States
John Mayall,293503,2889173,"John Mayall (November 29, 1933  – July 22, 2024) was a pioneering English blues singer, songwriter, guitarist, keyboard player and  harmonica player.

John Mayall is often referred to as the ""Father of the British blues."" His well-known band is still called John Mayall & The Bluesbreakers. They started out in the late 1950s in England, using Chicago style blues as a starting basis for their sound, which has evolved from album to album. And while at one point John Mayall was playing a fairly jazzy sound, he has always come back to the blues. <a href=""https://www.last.fm/music/John+Mayall"">Read more on Last.fm</a>",United Kingdom
Benny Neyman,21119,192478,"Wilhelmus Albertus Neyman (born 9 June 1951 in Maastricht, The Netherlands - 7 February 2008 in Soesterberg, The Netherlands) was a Dutch singer known as Benny Neyman.

Neyman was born in Maastricht, Limburg County, NL (Europe). In the beginning of the 1970s, he took a course at Kleinkunst Academy in Amsterdam. Neyman's first success came in 1980 with the song Ik weet niet hoe. In 1985 Neyman scored his biggest hit with Waarom fluister ik je naam nog (number 1 position in some Dutch charts). <a href=""https://www.last.fm/music/Benny+Neyman"">Read more on Last.fm</a>",Netherlands
Joe Dassin,523163,7352775,"Joseph Ira Dassin (November 5, 1938 - August 20, 1980) was a French-speaking American folk, pop and rock musician.

Dassin was born in New York City to Jules Dassin (Yiddish actor and film noir director) and Béatrice Launer. He began his childhood first in New York and Los Angeles, California. However after his father became a victim of the anti-communist policies of Senator Joseph McCarthy, he and his family moved from place to place across Europe. <a href=""https://www.last.fm/music/Joe+Dassin"">Read more on Last.fm</a>",United States
Guy Davis,49960,299707,"Guy Davis (born 12 May 1952 in New York, NY) is an award-winning American blues guitarist, actor, and musician. 

The son of stage and film performers Ossie Davis and Ruby Dee, Davis made his stage debut at age 16 in the play ""Cotton Comes to Harlem"".  He recorded an album for the Folkways label in 1978, appeared in the film ""Beat Street"" in 1984, appeared on the daytime television drama ""One Life to Live"", appeared in the play ""Mulebone"" -- with a score by Taj Mahal -- in 1991. <a href=""https://www.last.fm/music/Guy+Davis"">Read more on Last.fm</a>",United States
Blue Stew,2404,7675,"Start with a Mississippi delta base, add a little Muddy Waters followed by a dab of funky Lowell George and Ry Cooder, then spinkle with a pinch of melancholy. Simmer until the crowd can't sit still. That's the recipe for Blue Stew... Elena Jarvis (March 1999) Oxnard Star

BAND MEMBERS

Michael Miller

From the band's beginning, Michael has been playing guitar and writing for Blue Stew from which four critically acclaimed CDs were produced. He toured <a href=""https://www.last.fm/music/Blue+Stew"">Read more on Last.fm</a>",
Nitty Gritty Dirt Band,286350,2863672,"The Nitty Gritty Dirt Band <a href=""https://www.last.fm/music/+noredirect/Nitty+Gritty+Dirt+Band"">Read more on Last.fm</a>",
Nina Simone,2882508,71824953,"Eunice Kathleen Waymon (21 February 1933 – 21 April 2003), better known by her stage name Nina Simone, was an American singer, pianist, arranger, and civil rights activist widely associated with jazz music. Simone aspired to become a classical pianist while working in a broad range of styles including classical, jazz, blues, soul, folk, rhythm and blues, gospel, and pop.

Simone was born Eunice Kathleen Waymon on 21st February 1933 in Tryon, North Carolina, USA, one of eight children. <a href=""https://www.last.fm/music/Nina+Simone"">Read more on Last.fm</a>",United States
Robben Ford,141279,1536732,"Robben Ford (born December 16, 1951) is a blues, jazz and rock guitarist with a diverse career. 

He was born in Woodlake, California and raised in Ukiah. He taught himself guitar when he was 13 and considered his first influence to be Mike Bloomfield. At 18 he moved to San Francisco to form the Charles Ford Blues Band (named after his father, who was also a guitarist) featuring his brothers Mark (mouth harp) and Patrick (drums). 

Robben was soon hired to play with Charles Musselwhite for nine months. <a href=""https://www.last.fm/music/Robben+Ford"">Read more on Last.fm</a>",
ZZ Top,2180527,46148163,"ZZ Top is a hard rock band formed in 1969 in Houston, Texas. For 51 years, it was composed of vocalist-guitarist Billy Gibbons, drummer Frank Beard and bassist-vocalist Dusty Hill, until Hill's death in 2021. ZZ Top had developed a signature sound based on Gibbons' blues guitar playing style and Hill and Beard's rhythm section. They are popular for their live performances, sly and humorous lyrics, and the matching appearances of Gibbons and Hill, who wore sunglasses, hats and long beards. <a href=""https://www.last.fm/music/ZZ+Top"">Read more on Last.fm</a>",
Rusty Zinn,6445,37686,"Rusty Zinn was born in 1970 in Long Beach, Ca. Rusty's love for music began at the tender age of five upon hearing sweet vocal harmonies on the radio. As Rusty says, ""one of my first musical memories is driving in the back seat of my folks old Toyota as my Mother drove to the laundromat and hearing The Stylistics and The Spinners on the car radio. I don't think my Mom was necessarily digging on it, I think she just merely had the radio on, but those sounds stuck with me. <a href=""https://www.last.fm/music/Rusty+Zinn"">Read more on Last.fm</a>",
Brad Paisley,1101840,18982459,"Brad Douglas Paisley (born October 28th 1972 in Glen Dale, WV) is a country music singer and songwriter. Starting with his 1999 debut album Who Needs Pictures, he has released 11 studio albums and a Christmas compilation on the Arista Nashville label, with all of his albums certified Gold or higher by the RIAA. He has scored 32 Top 10 singles on the US Billboard Country Airplay chart, 19 of which have reached #1. He set a new record in 2009 for the most consecutive singles (10) reaching the top spot on that chart. <a href=""https://www.last.fm/music/Brad+Paisley"">Read more on Last.fm</a>",
Memphis La Blusera,28308,385419,"""Memphis La Blusera"" es una banda argentina de blues y rock nacida en el barrio porteño de La Paternal el 5 de mayo de 1978. Comenzaron a tocar como banda con temáticas muy sociales y trabajadoras, saliéndose de esa línea con el disco ""Tonto Rompecabezas"", donde se van al grano de lo que es las letras sobre el amor. Para su grabación en vivo de 25º aniversario en Luna Park, se revivió parte de la fama de la banda, que además visitó otros países como Chile. <a href=""https://www.last.fm/music/Memphis+La+Blusera"">Read more on Last.fm</a>",
Tommy Johnson,79604,391454,"Tommy Johnson (1896 – November 1, 1956) was an influential American delta blues musician, who recorded in the late 1920s, and was known for his eerie falsetto voice and intricate guitar playing.

Johnson was born near Terry, Mississippi, and moved around 1910 to Crystal Springs where he lived for most of his life. He learned to play the guitar and, by 1914, was supplementing his income by playing at local parties with his brothers Major and LeDell. <a href=""https://www.last.fm/music/Tommy+Johnson"">Read more on Last.fm</a>",United States
Robert Cray,265685,2651231,"Robert Cray (born August 1, 1953, Columbus, Georgia) is an American blues guitarist and singer. A five-time Grammy Award winner, he has led his own band (the Robert Cray Band), as well as an acclaimed solo career. In 2011, Cray was inducted to the Blues Hall of Fame.

While Cray was among artists such as Stevie Ray Vaughan and George Thorogood who got wider radio airplay and regular MTV video exposure during the late 1980s, he started playing guitar in his early teens. <a href=""https://www.last.fm/music/Robert+Cray"">Read more on Last.fm</a>",United States
Uriah Heep,790975,16035085,"Uriah Heep is an English rock band formed in London in 1969. Their current lineup consists of guitarist Mick Box, keyboardist Phil Lanzon, lead vocalist Bernie Shaw, drummer Russell Gilbrook, and bassist Dave Rimmer. They have experienced numerous lineup changes throughout their 53-year career, leaving Box as the only remaining original member. Notable former members of the band are vocalists David Byron, John Lawton, John Sloman and Peter Goalby <a href=""https://www.last.fm/music/Uriah+Heep"">Read more on Last.fm</a>",
Jools Holland,86280,815003,"Julian Miles Holland (born 24 January 1958) is a British pianist, bandleader ( Jools Holland & His Rhythm & Blues Orchestra ), television presenter, architectural eccentric and pop music enthusiast. He was also a founding member of the highly acclaimed and successful band Squeeze. <a href=""https://www.last.fm/music/Jools+Holland"">Read more on Last.fm</a>",United Kingdom
Nick Moss & The Flip Tops,4674,31485,"Chicago blues is now synonymous with guitarist Nick Moss. Though the golden era of Chicago blues is long past with many of its key players deceased or retired, this young Chicagoan stands tallest in the current generation of blues performers that honor the letter and spirit of the great urban African-American music. No less than Jimmy Rogers saw Nick as a protégé, a torchbearer, and a colleague. Leading Chicago-style guitarist Buddy Guy sanctions his talent: ""Nick Moss is one of the local favorites at my club, Legends. <a href=""https://www.last.fm/music/Nick+Moss+&+The+Flip+Tops"">Read more on Last.fm</a>",
Ms. Lauryn Hill,1326796,35386645,"Lauryn Noelle Hill (born May 26, 1975) is an American rapper, singer, songwriter, record producer, and actress. She is celebrated as one of the most influential musical artists of her generation. Hill is credited with breaking barriers for female rappers, contributing to the mainstream success of both hip-hop and neo soul, and blending rap with melodic vocals. She has been honored as one of the 50 Great Voices by NPR, and one of the 200 Greatest Singers of All Time by Rolling Stone. <a href=""https://www.last.fm/music/Ms.+Lauryn+Hill"">Read more on Last.fm</a>",United States
The Rolling Stones,5674210,264639939,"The Rolling Stones is an English rock band formed in London in 1962. Active for six decades, they are one of the most popular and enduring bands of the rock era. In the early 1960s, the Rolling Stones pioneered the gritty, rhythmically driven sound that came to define hard rock. Their first stable line-up consisted of vocalist Mick Jagger, multi-instrumentalist Brian Jones, guitarist Keith Richards, bassist Bill Wyman, and drummer Charlie Watts. During their formative years <a href=""https://www.last.fm/music/The+Rolling+Stones"">Read more on Last.fm</a>",
John Hammond,93004,587213,"There are more than 2 artists that go by the name of John Hammond, two are mentioned below:

1. John Paul Hammond (born 13th November 1942), also known as ""John Hammond Jr"", is a blues singer and guitarist. He usually plays acoustic guitars and dobros and sings in a barrelhouse style. Since 1962, when he made his debut on Vanguard Records, Hammond has made 29 albums. In the 1990s he recorded for the Pointblank label. Hammond has earned one Grammy Award and been nominated for four others. <a href=""https://www.last.fm/music/John+Hammond"">Read more on Last.fm</a>",
The Robert Cray Band,73070,650389,"Robert Cray is an American blues guitarist, composer and singer.
With bassist Richard Cousins, keyboardist Peter Boe and drummer Tom Murphy, they launched The Robert Cray Band in 1980 with ""Who's Been Talkin"". The album was recorded during constant touring in the U.S. in 1978. The record was initially shelved for two years, being eventually issued by the short-lived Tomato label (whose licence was picked up by ""Atlantic Records"" (U.S.) and ""Charly"" in the UK. <a href=""https://www.last.fm/music/The+Robert+Cray+Band"">Read more on Last.fm</a>",United States
Kirk Fletcher,19465,107645,"When founder and CEO Randy Chortkoff initially formed Delta Groove Music, his vision for the label’s first two premiere albums shared a common bond; an exceptionally gifted, young African-American guitarist named Kirk Fletcher. Born December 23, 1975 in Bellflower, California, and son of a Baptist minister, Fletcher began playing guitar at the age of eight after watching his brother Walter perform at their father’s church. A life changing experience then occurred at the age of twelve <a href=""https://www.last.fm/music/Kirk+Fletcher"">Read more on Last.fm</a>",
Ben B. Beckendorf,2006,5275,biografia no encontrada,
Sammy Price,11269,50345,"Sammy Price (October 6, 1908 – April 14, 1992) was an American jazz, boogie-woogie and jump blues pianist and bandleader. 

He was born Samuel Blythe Price, in Honey Grove, Texas, United States. Price was most noteworthy for his work on Decca Records with his own band, known as the Texas Bluesicians, that included fellow musicians Don Stovall and Emmett Berry. The artist was equally notable for his decade-long partnership with Henry ""Red"" Allen. <a href=""https://www.last.fm/music/Sammy+Price"">Read more on Last.fm</a>",United States
Blues Company,21963,228244,"There are three similar bands with the same name.
1. Blues Company - Hungary's No.1 Motorcycle-Blues Band
2. Blues Company - Germany´s No.1 Blues Band
3. Istambul Blues Company (İstanbul Blues Kumpanyası) - Blues band from turkey

1.) A Blues company 1994-ben alakult magyar rockegyüttes, amely jellegzetes, blues alapú zenéjéről, és humoros, gyakran vulgáris hangvételű szövegeiről vált híressé. Gyakran lépnek fel motorostalálkozókon, fesztiválokon. <a href=""https://www.last.fm/music/Blues+Company"">Read more on Last.fm</a>",
Gary Moore,949553,17249767,"Gary Moore (born April 4, 1952 as Robert William Gary Moore in Belfast, Northern Ireland, United Kingdom; died February 6, 2011 in Malaga, Spain) is acknowledged as one of the finest guitarists to have originated in Ireland. He was a virtuoso guitarist and is considered by his fans to be one of the best guitar players ever.

In a career dating back to the 1960s he has played with bands including Thin Lizzy, Colosseum II, Greg Lake and Skid Row as well as having a successful solo career. <a href=""https://www.last.fm/music/Gary+Moore"">Read more on Last.fm</a>",
Sue Foley,36605,313880,"Sue Foley (born March 29, 1968, Ottawa, Ontario, Canada) is a Canadian blues singer and guitarist. She has also recorded as Peter Karp & Sue Foley. 

Since her first album in 1992  Foley has recorded a string of albums, for both Antone's Records and Shanachie Records. She has spent many years on the road as a bandleader, lead vocalist, guitarist and manager of her own band. In addition to her own touring, she has also shared the stage with blues musicians such as Back Alley John, B. B. King, Buddy Guy and John Lee Hooker.  <a href=""https://www.last.fm/music/Sue+Foley"">Read more on Last.fm</a>",Canada
Murali Coryell,6068,25436,"Acclaimed by Billboard, CNN, Rolling Stone, & The New York Times, singer/guitarist/songwriter Murali Coryell is a rising force in contemporary American music. As the son of jazz guitar legend Larry Coryell and author/actress Julie Coryell and grandson of TV, film and stage actress Carol Bruce, Murali was born into an entertainment family. Murali is blessed with a voice that has been called soothing and soulful. With a guitar style to match he has <a href=""https://www.last.fm/music/Murali+Coryell"">Read more on Last.fm</a>",United States
Aerosmith,4588950,127189422,"Aerosmith is an American rock band formed in Boston, Massachusetts, in 1970. The group consists of lead vocalist Steven Tyler, bassist Tom Hamilton, drummer Joey Kramer, and guitarists Joe Perry and Brad Whitford. Their musical style is primarily rooted in blues-based hard rock and also incorporates elements of pop rock, heavy metal, glam metal, and rhythm and blues. The band’s primary songwriting partnership between Tyler and Perry is often referred to as the Toxic Twins. <a href=""https://www.last.fm/music/Aerosmith"">Read more on Last.fm</a>",United States
Eddie Hope,1112,4008,biografia no encontrada,
Etta James,2184835,30703861,"Etta James (1938-2012) was a U.S.  blues, soul, R&B, rock & roll, and jazz singer and songwriter. She is the winner of four Grammies, seventeen Blues Music Awards, and was inducted into the Rock & Roll Hall of Fame (in 1993), the Blues Hall of Fame (in 2001), and the Grammy Hall of Fame (in both 1999 and 2008).

James was born Jamesetta Hawkins in Los Angeles, California, on 25th January 1938, to an unmarried fourteen-year-old mother, Dorothy Hawkins. <a href=""https://www.last.fm/music/Etta+James"">Read more on Last.fm</a>",
Heaven & Earth,12350,113929,"There is more than one artist under the name Heaven & Earth.

One is a soul group from Chicago, Illinois, U.S.A. and released 4 LPs from 1976 to 1981.

>>
A vocal quartet that originally went by the name the Soul Majestics, and consisted of brothers Dwight Dukes (falsetto/lead tenor) and James Dukes (bass), Keith Steward (tenor) and Michael Brown (baritone). Under the direction of producer Clarence Johnson, they recorded four albums as Heaven Earth: one for General Entertainment Corporation (GEC), three for Mercury (Phonogram) and one for WMOT. <a href=""https://www.last.fm/music/Heaven+&+Earth"">Read more on Last.fm</a>",
W.C. Clark,9252,41127,"W.C. Clark (born Wesley Curley Clark in Austin, TX, on 16 November 1939; died 2 March 2024) was an American blues musician remembered as the ""Godfather of Austin Blues"" for his influence on the Austin, TX, blues scene since the late 1960s. 

In the late 1960s, Clark joined the Joe Tex band. After forming several bands with various names, Clark formed the W.C. Clark Blues Revue in 1975. 

“Modern Texas blues at its best…impeccable, soothing soul and flashy <a href=""https://www.last.fm/music/W.C.+Clark"">Read more on Last.fm</a>",United States
Ray Charles,2727950,43013714,"Ray Charles (Ray Charles Robinson,  Albany, Georgia, September 23, 1930 - Beverly Hills, California, June 10, 2004), was an American singer-songwriter, musician, arranger, and band leader. 

As a rock and roll, rhythm & blues, soul, blues, jazz, country and pop musician he helped to shape the sound of rhythm & blues.

He brought a soulful sound to everything from country music (""I Can't Stop Loving You"") to rock and roll (""Mess Around""), to pop standards to a now-iconic rendition of ""America the Beautiful. <a href=""https://www.last.fm/music/Ray+Charles"">Read more on Last.fm</a>",United States
Marc Broussard,284616,2654398,"Marc Broussard (born January 14, 1982) is an American singer and songwriter. The Louisiana native released his first major album (with Island Def Jam Records) on August 3, 2004. The album's title Carencro pays tribute to the musician's hometown of Carencro, Louisiana. His style is best described as ""Bayou Soul,"" a mix of funk, blues, R&B, rock, and pop, matched with distinct Southern roots.

Marc is best known for the songs ""Where You Are"" and ""Home. <a href=""https://www.last.fm/music/Marc+Broussard"">Read more on Last.fm</a>",United States
Dr. Feelgood,158303,2111133,"Dr. Feelgood is a British pub rock band, formed in 1971. The classic line-up included Lee Brilleaux (b. 1953, d. 7 April 1994; vocals/harmonica), Wilko Johnson (b. John Wilkinson, 1947, d. 21 November 2022; guitar), John B. Sparks (b. 1953; bass) and John 'The Big Figure' Martin (drums). 

Initially based in Canvey Island, Essex, on the Thames estuary, Dr. Feelgood broke into the London circuit in 1974. Brilleaux's menacing personality complemented Johnson's propulsive <a href=""https://www.last.fm/music/Dr.+Feelgood"">Read more on Last.fm</a>",United Kingdom
Monkey Beat,692,2455,biografia no encontrada,
Guitar Shorty,43667,318046,"There are two artists with the name 'Guitar Shorty': 
1) Guitar Shorty was American blues guitarist, singer and songwriter David William Kearney  (born on 8 September 1934 ; died 20 April 2022) who was known for his explosive guitar style and wild stage antics. 
2) Guitar Shorty was American acoustic blues guitarist John Henry Fortescue (born on 24 January 1923; died 26 May 1976). 

I. Guitar Shorty (born David William Kearney on  8 September 1934 ; died 20 April 2022), was an American blues guitarist. <a href=""https://www.last.fm/music/Guitar+Shorty"">Read more on Last.fm</a>",United States
Johnny Burnette & The Rock 'n' Roll Trio,48709,292140,"Johnny Burnette & The Rock 'n' Roll Trio was an American rockabilly group formed in Memphis, Tennessee, during the 1950s. Later recordings were attributed to The Johnny Burnette Trio. The members of the Trio were Dorsey Burnette, his younger brother Johnny Burnette, and a friend Paul Burlison. Dorsey and Johnny Burnette were both natives of Memphis, having been born there in 1932 and 1934 respectively. Paul Burlison was born in Brownsville, Tennessee in 1929, but moved to Memphis with his family in 1937. <a href=""https://www.last.fm/music/Johnny+Burnette+&+The+Rock+%27n%27+Roll+Trio"">Read more on Last.fm</a>",United States
Tommy Castro,73110,619059,"Tommy Castro (born April 15, 1955) is an American blues, R&B, and rock guitarist and singer. He has been recording since the mid-1990s. His music has taken him from local stages to national and international touring. His popularity was marked by his winning the 2008 Blues Music Award for Entertainer of the Year.[1]

According to The Chicago Sun-Times, Castro plays ""Memphis soul-drenched R&B…top-of-the-line blues.""[2] Tom Callahan of Blurt added, ""Castro has a soulful voice, searing guitar and is an excellent songwriter and vocalist. <a href=""https://www.last.fm/music/Tommy+Castro"">Read more on Last.fm</a>",United States
Lighthouse Family,565149,6540576,"Lighthouse Family was a British pop-soul duo formed in 1993 that rose to prominence in the mid-1990s and initially remained active until 2003. The duo reformed during 2010 to 2011 and again from 2019 before splitting in 2022. 

The duo comprised vocalist Tunde Baiyewu (born in London on 25 November 1968) and keyboard player Paul Tucker, (born in London on 12 August 1968) and formed in 1993 in Newcastle upon Tyne, England after meeting at college. Their 1995 debut album ""Ocean Drive"" sold more than 1. <a href=""https://www.last.fm/music/Lighthouse+Family"">Read more on Last.fm</a>",United Kingdom
Jimmy LaFave,27480,338306,"Jimmy LaFave (born 12  July 1955 in Wills Point, Texas, a small town 30 miles east of Dallas; died May 21, 2017) was an American singer-songwriter. He is best remembered for crafting a musical style called Red Dirt music, which he did after moving to Stillwater, Oklahoma, something which cemented him as a disciple of the state's most famous folk musician: Woody Guthrie.

LaFave began school down the road from Wills Point in Mesquite and by Junior High was making music perched behind his Sears & Roebuck drum kit. <a href=""https://www.last.fm/music/Jimmy+LaFave"">Read more on Last.fm</a>",United States
Delbert McClinton,90978,842882,"Delbert McClinton is a blues musician born 4 November 1940, in Lubbock, Texas. He honed his craft working in a bar band, The Straitjackets, backing visiting blues giants such as Sonny Boy Williamson II, Howlin' Wolf, Lightnin' Hopkins, and Jimmy Reed. He made his first recordings as a member of the Ron-Dels and was noted for his distinctive harmonica work on Bruce Channel's 1962 hit ""Hey Baby"". On a tour of the UK with Channel, McClinton met a young John Lennon and advised him on his harmonica technique <a href=""https://www.last.fm/music/Delbert+McClinton"">Read more on Last.fm</a>",
De-Phazz,646436,12381796,"De Phazz is a downtempo jazz ensemble integrating modern turntablism and elements of soul, Latin, trip hop and drum and bass into a lounge music sound. De Phazz is led by Pit Baumgartner, a German producer who changes his crew for every new album. Some of the more permanent members are Karl Frierson and Pat Appleton. Since the release of Detunized Gravity and Godsdog, De Phazz have appeared on the radar of listeners of equally innovative and sample-driven jazz by the likes of Amon Tobin and The Cinematic Orchestra. <a href=""https://www.last.fm/music/De-Phazz"">Read more on Last.fm</a>",Germany
Dr. John,665626,7299392,"Dr. John (born Malcolm John Rebennack on 20 November 1941; died 6 June 2019) was an American singer, pianist, guitarist, and songwriter whose music combined blues, boogie woogie and rock and roll.  The winner of six Grammy awards, Rebennack was inducted to the Rock and Roll Hall of Fame by singer John Legend on Monday, March 14, 2011. He was variously known as Mac Rebennack, Dr. John Creaux, Dr. John, the Night Tripper.

Dr. John began making his own idiosyncratic music in the 1960s. <a href=""https://www.last.fm/music/Dr.+John"">Read more on Last.fm</a>",United States
Magic Slim,55880,331449,"Magic Slim (born Morris Holt in Torrence, Mississippi, in 1937; died February 21, 2013) was a well-known American blues singer and guitarist who led one of the major Chicago blues bands, Magic Slim and The Teardrops, for about 30 years. He first came to the city in 1955 with friend and mentor Magic Sam. The elder Magic (Sam) let the younger magic (Slim) play bass with his band and even gave him his nick-name (the later-imposing Magic Slim was apparently a bit leaner back in the fifties). <a href=""https://www.last.fm/music/Magic+Slim"">Read more on Last.fm</a>",United States
Christian Padovan,4648,19259,biografia no encontrada,
Susan Tedeschi,158923,1625592,"Susan Tedeschi (born 9 November 1970 in Boston, Massachusetts) is an American blues and soul musician who has received multiple Grammy Award nominations. She is known for her singing voice, guitar playing, and stage presence. Married to blues guitarist Derek Trucks, Tedeschi is also known for her current endeavor, Tedeschi Trucks Band (originally know as ""Soul Stew Revival""), a conglomeration of The Derek Trucks Band and assorted other musicians. <a href=""https://www.last.fm/music/Susan+Tedeschi"">Read more on Last.fm</a>",United States
Lucky Lloyd,1586,5044,biografia no encontrada,
R.L. Burnside,276498,3219408,"R. L. Burnside (November 23, 1926 – September 1, 2005), born Robert Lee Burnside, was an American blues singer, songwriter, and guitarist who lived much of his life in and around Holly Springs, Mississippi. He played music for much of his life, but did not receive much attention until the early 1990s. In the latter half of the 1990s, Burnside repeatedly recorded with Jon Spencer, garnering crossover appeal and introducing his music to a new fanbase within the underground garage rock scene. <a href=""https://www.last.fm/music/R.L.+Burnside"">Read more on Last.fm</a>",United States
Ten Years After,926426,9092482,"Ten Years After is an English blues rock band, most popular in the late 1960s and early 1970s. Between 1968 and 1973, the band scored eight Top 40 albums in the UK Albums Chart,  twelve albums in the US Billboard 200, and are best known for tracks such as ""I'm Going Home"", ""Hear Me Calling"", ""I'd Love to Change the World"" and ""Love Like a Man"". Their musical style is blues rock and hard rock.

Originally from Nottingham in the UK, this band of virtuoso <a href=""https://www.last.fm/music/Ten+Years+After"">Read more on Last.fm</a>",
Johnny Boyd,3230,14378,biografia no encontrada,
Horace Silver,523349,4367048,"Horace Silver (September 2, 1928 - June 18, 2014) was an American jazz pianist and composer. 
He is known for his distinctive humorous and funky playing style, and for his pioneering contributions to hard bop. Silver was influenced by a wide range of musical styles, notably gospel music, African music, and Latin American music. Silver began his career as a saxophonist, but later switched to piano. His playing was highly influenced by the style of Bud Powell.  <a href=""https://www.last.fm/music/Horace+Silver"">Read more on Last.fm</a>",United States
Luther Johnson,37054,147370,"There is more than one artist called Luther Johnson.

1) Luther Johnson (April 11, 1939-) is a Chicago blues singer and guitarist, who performs under the name Luther ""Guitar Junior"" Johnson. He is not billed as simply ""Guitar Junior"".

He was born in Itta Bena, Mississippi, USA in 1939 and moved to Chicago with his family in 1955. During the 1960s, he performed with Magic Sam. Johnson performed in Muddy Water's band from 1972 to 1980. In 1980, four of his songs were included on an anthology by Alligator Records. <a href=""https://www.last.fm/music/Luther+Johnson"">Read more on Last.fm</a>",
Mark Selby,11901,99854,"Mark Otis Selby (born in Enid, Oklahoma, died September 18, 2017 in Nashville, Tennessee, aged 56) was an American blues rock singer-songwriter, guitarist, multi-instrumentalist and producer. He is a solo artist, signed to ZYX Records in Europe, and one half of performing duo with his wife, songwriter Tia Sillers. He also plays guitar in recording sessions for musical artists such as Kenny Rogers, Johnny Reid, Keni Thomas, Jimmy Hall and Wynonna Judd. <a href=""https://www.last.fm/music/Mark+Selby"">Read more on Last.fm</a>",United States
Lightnin' Hopkins,360414,3665641,"Samuel John ""Lightnin'"" Hopkins (March 15, 1912 – January 30, 1982) was an American country blues singer, songwriter, guitarist and occasional pianist, from Centerville, Texas. Rolling Stone magazine ranked him number 71 on its list of the 100 greatest guitarists of all time.

The musicologist Robert ""Mack"" McCormick opined that Hopkins is ""the embodiment of the jazz-and-poetry spirit, representing its ancient form in the single creator whose words and music are one act"". <a href=""https://www.last.fm/music/Lightnin%27+Hopkins"">Read more on Last.fm</a>",United States
The Blues Brothers,628390,8917981,"The Blues Brothers is an American blues band founded in 1978 by comedians Dan Aykroyd and John Belushi as part of a musical sketch on Saturday Night Live. Belushi and Aykroyd, respectively in character as lead vocalist ""Joliet"" Jake Blues and harpist/vocalist Elwood Blues, fronted the band, which was composed of well-known and respected musicians. The band made its debut as the musical guest on the April 22, 1978, episode of Saturday Night Live.
 <a href=""https://www.last.fm/music/The+Blues+Brothers"">Read more on Last.fm</a>",United States
Dany Brillant,40839,374844,"French singer, influenced by 60s rock n'roll.

After studying for two years to become a doctor, he dropped out and entered the prestigious Parisian theater school, 'Cours Florent'. <a href=""https://www.last.fm/music/Dany+Brillant"">Read more on Last.fm</a>",France
La Mississippi,10165,137166,"Argentinean blues band La Mississippi started playing under the name of Mississippi Blues Band in the late '80s. In 1993, the group released its debut album, called Mbugi, followed by 1995's Bagayo and 1996's Classic. La Mississippi starting getting closer to contemporary blues while recording Cara y Ceca in 1997. Two years later, the six-piece act had the opportunity to perform in front of a major audience, when they opened for Credence Clearwater Revisited at Buenos Aires' Obras Sanitarias. They later issued Palacio de Pulgas. 
 
 <a href=""https://www.last.fm/music/La+Mississippi"">Read more on Last.fm</a>",
Doyle Bramhall II,27818,271137,"Doyle Bramhall II (born 24 December 1968) is a guitarist and vocalist in his band Smokestack  and was also the second guitarist in Eric Clapton's band from 2004 to 2009. He is the son of singer, songwriter and drummer Doyle Bramhall, who was raised with Stevie Ray Vaughan and Jimmie Vaughan.

At age 16, Doyle Bramhall II toured with Jimmie Vaughan's band, The Fabulous Thunderbirds, as second guitarist. In 1992 Doyle formed Arc Angels with Charlie <a href=""https://www.last.fm/music/Doyle+Bramhall+II"">Read more on Last.fm</a>",
Jimmie Vaughan,147236,922923,"Jimmie Lawrence Vaughan (born in March 20, 1951 in Dallas, Texas) is an American blues guitarist and singer. He is the older brother of Stevie Ray Vaughan.

Jimmie Vaughan's style was influenced by Freddie King who gave him personal advice. Also two other blues guitarists, Albert King and B. B. King, were important influences. Johnny ""Guitar"" Watson was another important early influence (Jimmie says that he and his younger brother Stevie studied Johnny ""Guitar"" Watson more than any other single guitarist). <a href=""https://www.last.fm/music/Jimmie+Vaughan"">Read more on Last.fm</a>",United States
Wes Montgomery,780410,10343606,"John Leslie ""Wes"" Montgomery (March 6, 1923 – June 15, 1968) was an American jazz guitarist. He is widely considered one of the major jazz guitarists, emerging after such seminal figures as Django Reinhardt and Charlie Christian and influencing countless others, including George Benson, Kenny Burrell, Royce Campbell, Grant Green, Jimi Hendrix, Steve Howe, Russell Malone, Pat Martino, Pat Metheny, Lee Ritenour, Randy Napoleon, and Emily Remler.
 <a href=""https://www.last.fm/music/Wes+Montgomery"">Read more on Last.fm</a>",United States
Jamie Cullum,1320953,27807178,"Jamie Cullum (born 20 August 1979) is an English jazz singer-songwriter, and multi-instrumentalist. Though he is a primarily a vocalist, he also accompanies himself on instruments including piano, guitar and drums.

Cullum was born in Romford, East London. He was brought up in Hullavington, Wiltshire, and educated at the independent fee-paying Grittleton House School and the sixth form at Sheldon School. He then went on to study English Literature, and minored in Film Studies, at Reading University where he graduated with First Class Honours. <a href=""https://www.last.fm/music/Jamie+Cullum"">Read more on Last.fm</a>",
Lead Belly,203863,1950861,"Huddie Ledbetter (23 January 1888 - December 1949) was a leading American blues singer and guitarist. His songbook contained a large number of standard folk tunes, most adapted from previous sources.

Though many of his posthumous releases list him as ""Leadbelly,"" he himself spelled it ""Lead Belly."" This is also the usage on most of his original records, tombstone, as well as of the Lead Belly Foundation.

Lead Belly was born in Mooringsport, Louisiana, and spent time in and out of prison most of his life. <a href=""https://www.last.fm/music/+noredirect/Lead+Belly"">Read more on Last.fm</a>",United States
The Bel-Aires,2712,8552,biografia no encontrada,
Sam Myers,9795,35706,"Sam Myers (February 19, 1936 – July 17, 2006) was an American blues musician and songwriter.

He was born in Laurel, Mississippi. Myers appeared as an accompanist on dozens of recordings for blues artists over the past five decades, and fronted one of the top blues bands in the world. He began his career as a drummer for Elmore James but was most famous as a blues vocalist and blues harp player. Myers was in high demand for his authentic delta blues sound. <a href=""https://www.last.fm/music/Sam+Myers"">Read more on Last.fm</a>",United States
The Band,1352459,26997139,"The Band was an influential Canadian rock n' roll group in the 1960s and 1970s formed in Toronto, Ontario, Canada. The original members were Robbie Robertson (guitar, piano, drums, harmonica), Richard Manuel (piano, harmonica, drums, saxophone, organ, slide guitar), Garth Hudson (organ, piano, clavinet, accordion, synthesizer, saxophone), Rick Danko (bass guitar, violin, trombone, guitar), and Levon Helm (drums, mandolin, guitar, bass guitar, harmonica).  <a href=""https://www.last.fm/music/The+Band"">Read more on Last.fm</a>",Canada
Mark Knopfler,821170,24127457,"Mark Freuder Knopfler, OBE (born 12 August 1949) is a British singer, guitarist, composer, songwriter, record producer, and film score composer. He was the lead guitarist, lead singer, and songwriter for the rock band Dire Straits, which he co-founded with his younger brother, David Knopfler, in 1977. He was born in Glasgow but raised near Newcastle upon Tyne, England.

Since Dire Straits disbanded in 1995, Knopfler has recorded and produced nine solo albums and, as with his previous band, produced many hit songs. <a href=""https://www.last.fm/music/Mark+Knopfler"">Read more on Last.fm</a>",United Kingdom
Juicy Lucy,29222,174417,"1) - Juicy Lucy is a British blues rock band formed in 1969. The band name was inspired by a character in The Virgin Soldiers (1966) by Leslie Thomas. 

Juicy Lucy was formed by steel guitarist Glenn Ross Campbell, and prolific Blackburn saxophonist Chris Mercer, following the demise of The Misunderstood. They subsequently recruited vocalist Ray Owen, guitarist Neil Hubbard, bassist Keith Ellis, and drummer Pete Dobson.

The line-up of the band has changed throughout its existence. <a href=""https://www.last.fm/music/Juicy+Lucy"">Read more on Last.fm</a>",United Kingdom
John Littlejohn,5634,21082,"John Wesley Funchess (April 16, 1931 – February 1, 1994) known professionally as John (or Johnny) Littlejohn, was an American blues slide guitarist. He was active on the Chicago blues circuit from the 1950s to the 1980s.

Born in Lake, Mississippi, Littlejohn first learned to play the blues from Henry Martin, a friend of his father. In 1946 he left home and traveled widely, spending time in Jackson, Mississippi, Arkansas, Rochester, New York, and Gary, Indiana. <a href=""https://www.last.fm/music/John+Littlejohn"">Read more on Last.fm</a>",United States
The Ditty Bops,137094,2246921,"The Ditty Bops is a band from Los Angeles, California that play a blend of folk, bluegrass, jazz, swing music, ragtime and musical theater. They are headed by Abby DeWald (vocals and acoustic guitar) and Amanda Barrett (vocals, mandolin and dulcimer). They are noted for their excellent harmonies and generally playful style and tempo.

The Ditty Bops formed in New York City, when Abby and Amanda were on a hunt for a friend's lost cat. When they stumbled into the backyard of a stranger <a href=""https://www.last.fm/music/The+Ditty+Bops"">Read more on Last.fm</a>",
Patrick Yandall,11358,80845,"Patrick Yandall. Contemporary and smooth jazz guitarist with 14 international releases. He has been featured in Jazziz, Smooth Jazz News, Jazz Times, Guitar Player, and many other print and internet media. A producer and session guitarist based in San Diego, CA. His music has been used in feature film, Television, commercials, Internet media, The Weather Channel, Music Choice, and more! Producer and session musician. Influenced by Larry Carlton, George Benson <a href=""https://www.last.fm/music/Patrick+Yandall"">Read more on Last.fm</a>",
Marcia Ball,41828,305915,"Marcia Ball (born 20 March 1949) is an American blues singer and pianist born in Orange, Texas but who grew up in Vinton, Louisiana. This same region spawned other American blues greats, including Clifton Chenier, Janis Joplin, Lonnie Brooks, Stevie Ray Vaughan, The Fabulous Thunderbirds, and Kenny Neal.

Born into a musical family, Ball began playing piano at age 5, and showed an early interest in New Orleans style piano playing, as exemplified by Fats Domino, Professor Longhair, and James Booker. <a href=""https://www.last.fm/music/Marcia+Ball"">Read more on Last.fm</a>",United States
The Bellfuries,5276,70963,"The Bellfuries are a root-rock Americana band out of Austin, Texas. The rotating members are lead by the singer-songwriter, Joey Simeone. Simeone has a wealth of influences from The Smiths and The Misfits to Dave Rich and Webb Piece. His insightful and often humorous lyrics only rival the brillancy of the music. Currently, The Bellfuries are reinventing themselves again as a quartet, bringing in Bobby Trimble of Big Sandy and the Fly-Rite Boys, Shecky Seaver and Mike Molnar.  <a href=""https://www.last.fm/music/The+Bellfuries"">Read more on Last.fm</a>",
Joe Cocker,1543186,19387181,"John Robert ""Joe"" Cocker (20 May 1944 – 22 December 2014) was an English singer known for his gritty, bluesy voice and dynamic stage performances that featured expressive body movements. Most of his best known singles were recordings of songs written by other song writers, though he composed a number of songs for most of his albums as well, often in conjunction with songwriting partner Chris Stainton.

His first album featured a recording of the Beatles' ""With a Little Help from My Friends"", which brought him to near-instant stardom. <a href=""https://www.last.fm/music/Joe+Cocker"">Read more on Last.fm</a>",
Buddy Guy,730672,8816314,"Buddy Guy (born George Guy, July 30, 1936 in Lettsworth, Louisiana) is an American blues music and rock music guitarist, as well as a singer. Known as an inspiration to Jimi Hendrix and other 1960s blues and rock legends, Guy is considered as an important proponent of Chicago blues made famous by Muddy Waters and Howlin' Wolf. He has influenced both widely known and local blues guitarists.

Guy is known for his showmanship; for example, he plays with drumsticks and walks into the audience whilst playing <a href=""https://www.last.fm/music/Buddy+Guy"">Read more on Last.fm</a>",United States
Chris Smither,87444,844828,"Chris Smither (born November 11, 1944 in Miami, Florida) is an American folk/blues singer, guitarist, and songwriter. He grew up mainly in New Orleans and attended the University of the Americas in Mexico City, planning on becoming an anthropologist, but transferred to Tulane University after a year, during which time he discovered the music of Mississippi John Hurt. While in Paris for a junior year abroad, he spent his time playing guitar rather than attending classes and was kicked out of college as a result. <a href=""https://www.last.fm/music/Chris+Smither"">Read more on Last.fm</a>",United States
Mike Sanchez,2395,26805,"Jesus Miguel ""Mike"" Sanchez (born 17 February 1964, Hackney, north London, England) is a rhythm and blues singer, pianist and songwriter of Spanish-English heritage. Sanchez is known for his work with the Big Town Playboys and Bill Wyman's Rhythm Kings, and also for his solo career. He is noted for his authenticity to the work of post-war blues shouters and piano players (Wikipedia)

awesome artist, grew up in bewdley Worcs, started with big town playboys in early 80's and did a set at Thurston pub ( we have gr8 memories )twice a month. <a href=""https://www.last.fm/music/Mike+Sanchez"">Read more on Last.fm</a>",
Muddy Waters Blues Band,2442,17262,biografia no encontrada,
Nappy Brown,25765,114744,"Nappy Brown is the stage name of Napoleon Brown Culp (born October 12, 1929, died September 20, 2008). Nappy Brown's earliest musical influences were blues and gospel. As a youngster he performed in several gospel groups, including the Heavenly Lights. Nappy's singing eventually brought him in touch with Herman Lubinsky's Newark, NJ Savoy label, which signed him in the early 1950s to compete with shouters like Roy Brown, Wynonie Harris and Big Joe Turner. <a href=""https://www.last.fm/music/Nappy+Brown"">Read more on Last.fm</a>",
Jimmy Thackery And The Drivers,17489,124417,"Known for his gritty, blue-collar approach and marathon live shows, Thackery was for many years part of The Nighthawks. The Nighthawks were known as one of the hardest-working blues bar bands in North America.[citation needed] Since the late 1980s, Thackery has been touring under his own name, and has found a wide audience. His hard-edged, tough-as-nails approach to guitar playing and his trio's driving rhythm section holds appeal for fans of both traditional blues and roots rock. <a href=""https://www.last.fm/music/Jimmy+Thackery+And+The+Drivers"">Read more on Last.fm</a>",
"Clarence ""Gatemouth"" Brown",96737,565406,"Clarence ""Gatemouth"" Brown (April 18, 1924 — September 10, 2005) was an American blues musician. He was born in Vinton, Louisiana and raised in Orange, Texas. He is best known for his work as a blues musician, but embraced other styles of music, having ""spent his career fighting purism by synthesizing old blues, country, jazz, cajun music and rhythm & blues styles"" His work also encompasses rock and roll, rock music, folk, electric blues, and Texas blues. <a href=""https://www.last.fm/music/Clarence+%22Gatemouth%22+Brown"">Read more on Last.fm</a>",United States
Ray Bonneville,21580,196784,"Ray Bonneville (Born Raymond J. Bonneville on 11 October 1948) is a French Canadian American musician, singer and songwriter. Born in Canada, and raised in the United States, Bonneville is a folk and blues-influenced musician strongly influenced by the music of New Orleans, Louisiana.

Bonneville calls himself a North American. Born in Canada, he moved to the Boston area in his early teens where he started playing guitar and harmonica. His career have seen him playing music throughout the world. <a href=""https://www.last.fm/music/Ray+Bonneville"">Read more on Last.fm</a>",Canada
Eric Bibb,120830,1454411,"Eric Bibb (b. 1951) is an American blues singer and guitarist, based in London, England, who has made his career largely in Europe.

Bibb was born on 16th August 1951 in New York into a musical family. His  father, Leon Bibb, is a trained singer who sang in musical theatre and made a name for himself as part of the 1960s New York folk scene. His uncle was the world-famous jazz pianist and composer John Lewis, of the Modern Jazz Quartet. Family friends included Pete Seeger, Odetta, and actor/singer/activist Paul Robeson, Bibb'sgodfather. <a href=""https://www.last.fm/music/Eric+Bibb"">Read more on Last.fm</a>",United States
Eric Clapton,3345918,79870206,"Eric Patrick Clapton CBE (born 30 March 1945) is an English rock and blues guitarist, singer, and songwriter. He is regarded as one of the most successful and influential guitarists in rock music. He ranked second in Rolling Stone's list of the ""100 Greatest Guitarists of All Time"" and fourth in Gibson's ""Top 50 Guitarists of All Time"". In 2023, Rolling Stone named Clapton the 35th best guitarist of all time. He was also named number five in Time magazine's list of ""The 10 Best Electric Guitar Players"" in 2009. <a href=""https://www.last.fm/music/Eric+Clapton"">Read more on Last.fm</a>",
Muddy Waters,1078872,16447017,"Muddy Waters (McKinley Morganfield, Issaquena County, Mississippi, April 4, 1913 - Westmont, Illinois,  April 30, 1983) was an American blues musician and is generally considered ""the father of Chicago Blues."" His career spanned over thirty years and he produced what are considered to be some of the finest blues songs ever, such as Hoochie Coochie Man, Mannish Boy and Got My Mojo Working. 

Muddy Waters is generally considered one of the most influential bluesmen of all time. <a href=""https://www.last.fm/music/Muddy+Waters"">Read more on Last.fm</a>",United States
Red Stick Ramblers,5220,55694,"The music of Louisiana has a lot in common with the cuisine. An initial blast of heat usually commands attention right off the bat, but then -- slowly, but surely -- all sorts of subtler notes start to creep in, making for an irresistibly captivating experience. That’s the vibe that emanates from The Red Stick Ramblers, an appropriately-named aggregation that builds stylistic bridges spanning the decades -- not to mention connecting styles as diverse as traditional Cajun, western swing, blues and old-school jazz. <a href=""https://www.last.fm/music/Red+Stick+Ramblers"">Read more on Last.fm</a>",
The Inmates,16996,155870,"Formed in 1977 from an amalgamation of ""Ronnie and the Biggs"" vocalist, the superb Bill Hurley, and ""The Cannibles"" Tony Oliver, Ben Donnelly and Peter Gunn, this hard-hitting R&B combo are often likened to their compadres ""Dr. Feelgood"" and ""Eddie and the Hot Rods"".
Signed to Radar Records they quickly made an impact with their debut LP. ""First Offence"" containing the hit singles ""Dirty Water"" (U.S. top forty) and Jimmy McCracklin's ""The Walk"" (UK. top forty). <a href=""https://www.last.fm/music/The+Inmates"">Read more on Last.fm</a>",
Mem Shannon,4859,26586,"Mem is a former 15-year Bourbon Street cab driver who's since released 4 albums worldwide (2 on Rykodisc, 2 on Shanachie). Mem Shannon & The Membership are from New Orleans and while their music is rooted in the blues, it's soaked through with that Big Easy syncopated sound, oozing with funk. They've played the New Orleans Jazz & Heritage Festival 12 years. They've won or been nominated for a ton of ""Best Of"" awards for Louisiana music and national blues - including 2 W. <a href=""https://www.last.fm/music/Mem+Shannon"">Read more on Last.fm</a>",
B.B. King,1295082,20148949,"B. B. King (b. September 16, 1925 in Itta Bena, Mississippi; died May 14, 2015 in Las Vegas) was a U.S. blues guitarist and songwriter. He is among the most respected electric guitarists; Rolling Stone magazine ranked him third in its list of the hundred greatest guitarists of all time.

Born as Riley B. King, he began broadcasting his music live on a Memphis radio station called WDIA. At first, he used the name The Peptikon Boy on air, which later was changed to The Beale Street Blues Boy, and then further shortened to just Blues Boy or B.B. <a href=""https://www.last.fm/music/B.B.+King"">Read more on Last.fm</a>",
Sista Monica,1603,7736,"Sista Monica Parker, aka the “Lioness of the Blues,” is an award-winning blues, soul, and gospel singer, songwriter, producer, public speaker, director and minister of music. A captivating, dynamic performer, today she is one of the most admired women on the international music and festival scene. 

Sista Monica started singing as a young girl in the church choir in the Midwest between Chicago, Illinois, Gary, Indiana (her home town) and Detroit, Michigan. <a href=""https://www.last.fm/music/Sista+Monica"">Read more on Last.fm</a>",
The Refreshments,104208,1170221,"There are three artists with this name:
1. An alternative rock band from the United States
2. A rock band from Sweden
3. A power pop band from Finland

1. The Refreshments were a rock band from Arizona formed in 1992. They wrote and performed the title theme of King of the Hill, an animated series. The band split up in 1997, after releasing the album The Bottle and Fresh Horses and breaking from Mercury Records, their record label. Lead singer Roger Clyne and P.H. Naffah regrouped to form Roger Clyne & the Peacemakers. <a href=""https://www.last.fm/music/The+Refreshments"">Read more on Last.fm</a>",
Cave Catt Sammy,3474,30762,"Hailing from San Antonio, TX since forming in high school in 1997, Cave Catt Sammy exhibit maturation and a darker lyrical content with their self penned material. They also conjure up learned covers by greats such as Jerry Reed (""Your Money Makes You Purty"") and Roy Orbison (""Cast Iron Arm"", originally recorded for Decca by Peanuts Wilson). No doubt their youthful enthusiasm has been tempered by 5 years of hard national touring and international festival appearances. <a href=""https://www.last.fm/music/Cave+Catt+Sammy"">Read more on Last.fm</a>",
J. B. Hutto,4781,23018,biografia no encontrada,
Soledad Brothers,160416,1082666,"(1998-2006) (2010-present)

Soledad Brothers are an American blues punk group from Maumee, Ohio. Consisting of Benjamin Swank on drums, Johnny Walker on guitar and vocals, and Oliver Henry (who was recruited just before the release of their second album) on sax and guitar, they took their name from a trio of convicted felons, George Jackson, Fleeta Drumgo, and John Clutchette who were incarcerated at Soledad Prison and killed by police fire. They are known for their very energetic, loud sound. <a href=""https://www.last.fm/music/Soledad+Brothers"">Read more on Last.fm</a>",United States
Oscar G & Ralph Falcon,5757,24033,biografia no encontrada,
Enigma,1378807,51184245,"There is more than one artist with the name Enigma:

1)  Enigma is a German electronic musical project founded by Michael Cretu (Romanian musician), David Fairstein and Frank Peterson in 1990. Cretu, who based his recording studio A.R.T. Studios in Ibiza, Spain in the early 1990s is both the composer and the producer of the project. His former wife Sandra often provided vocals on Enigma tracks. Jens Gad co-produced and played guitar on three of the Enigma albums.  <a href=""https://www.last.fm/music/Enigma"">Read more on Last.fm</a>",Germany
Jan Wayne,185108,1274461,"Jan Wayne (German pronunciation: [ˌjan ˈvɛɪn] (born Jan Christiansen, January 1974, Husum, Schleswig-Holstein) is a German electronic dance music DJ and producer.

Discography
Albums
2002 - Back Again
2003 - Gonna Move Ya

Singles
2001 - ""Total Eclipse of the Heart"" - UK #28 (in 2003)
2002 - ""Because the Night"" - UK #14
2002 - ""Only You"" (Cover of Yazoo's song)
2002 - ""More Than a Feeling""
2003 - ""Love Is a Soldier""
2003 - ""1,2,3 (Keep the Spirit Alive)"" <a href=""https://www.last.fm/music/Jan+Wayne"">Read more on Last.fm</a>",Germany
TM Juke,292266,2736136,"TM Juke, real name Al Cowan, aka Artist Formerly Known As Al Stylus and The Man Juke, is a producer from Brighton, UK, signed to Tru Thoughts. Merging his training in classical and jazz guitar with digitised sampling and first class guest vocalists, TM Juke's music draws on funk, soul, hip-hop and jazz influences.

TM Juke produced Alice Russell's second solo album, My favourite Letters.
He has also released two solo albums on Tru Thoughts: Maps From the Wilderness and in 2006 Forward a more dancefloor based affair. <a href=""https://www.last.fm/music/TM+Juke"">Read more on Last.fm</a>",
Aya,164581,1761488,"There are multiple artists that have recorded under the name Aya.

1. Aya (full name: Aya Sinclair) is a British electronic artist who until late 2019 recorded as Loft. She runs the label called YCO alongside BFTT. 

2. Aya is the stage name of Lysa Aya Trenier who released the album Strange Flower in 2004.

3. AYA is a British minimal pop sister duo produced by Andrew Barlow of Lamb. They released five singles in 2017 and 2018, one of which was Heal Me Now. <a href=""https://www.last.fm/music/Aya"">Read more on Last.fm</a>",United Kingdom
Ian Brown,600348,10613854,"Ian Brown (born February 20th 1963 in Warrington, England) was the lead singer in former British band The Stone Roses and following their split in 1996 has gone on to have a successful solo career releasing a total of six studio albums, with one greatest hits compilation, and remixes disc. He is considered to be an influential artist with followers such as Oasis, The Verve, Blur, Kasabian, Arctic Monkeys and many more. He has had twelve UK top 40 singles and has sold over 9 million albums as a solo artist. <a href=""https://www.last.fm/music/Ian+Brown"">Read more on Last.fm</a>",United Kingdom
Labelle,265715,1175389,"LaBelle is an American R&B/soul group from Philadelphia, Pennsylvania, USA, who successfully melded dance music with funk and glam rock. Mostly active in the 60s and 70s disband but reformed in 2005. Their most recognised song is ""Lady Marmalade"". The group was led by Patti LaBelle, who later had a successful solo career. Nona Hendryx, Sarah Dash and Cindy Birdsong rounded out the group, with Hendryx especially notable as a prolific songwriter.

In 1961 <a href=""https://www.last.fm/music/Labelle"">Read more on Last.fm</a>",United States
DJ Krush,683620,15231978,"DJ Krush (Hideaki Ishi) was born in 1962 in Tokyo. Gifted producer & DJ with a superb sense in mixing and composing his sound who's been greatly received in the international club scene. At an early age, Ishii dropped out of school, and joined a local gang, and a few years later, Yakuza. It was the movie ""Wild Style"" that got him into hip hop in the early 80's, and in 1987, he formed Krush Posse which made numerous appearances in various media as the best hip hop act in Japan. <a href=""https://www.last.fm/music/DJ+Krush"">Read more on Last.fm</a>",
Gas,246741,6982349,"Several artists have released recordings under the name of Gas: two electronic music composers, Wolfgang Voigt and Mat Jarvis, furthermore a Japanese hardcore band, a rock band from Germany, and lastly an industrial band from Sweden.

1) GAS is the project of Wolfgang Voigt of Kompakt Records, Cologne, who created hypnotic, bass-driven ambient/minimal techno on the German label Mille Plateaux.  Says Voigt of his music:  '(This is) music without beginning and without end <a href=""https://www.last.fm/music/Gas"">Read more on Last.fm</a>",Germany
Povo,71248,667504,"Povo (meaning ""people"" in Portuguese) is a Danish jazz duo consisting of Anders Andreasen and Lars Vissing. Anders and Lars bring together the best of both worlds with Anders' experience as a club promoter and DJ and Lars' musical talent. Both are jazz afficionados with unique ear for extraordinary music. Their debut album ""We Are Povo"" features their successful take on the classic ""Uam Uam"". The follow-up album ""The Yellow of the Sun in You"", featuring for example legendary Andy Bey <a href=""https://www.last.fm/music/Povo"">Read more on Last.fm</a>",
Bonobo,2036857,110488731,"
Simon Green, known by his stage name Bonobo, is a British musician, producer and DJ based in Los Angeles.

Bonobo's first album - 2000's Animal Magic - was released via Tru Thoughts before being picked up by Ninja Tune. It announced him as a serious talent; able to bring a musician's edge to electronic music, with all the freedom that skill allowed. His subsequent albums for Ninja, Dial 'M' for Monkey and Days to Come, developed his sensibility, won him fans across the globe <a href=""https://www.last.fm/music/Bonobo"">Read more on Last.fm</a>",United Kingdom
Nine Inch Nails,3477786,305442806,"Nine Inch Nails, commonly abbreviated as NIN (stylized as NIИ), is an American industrial rock band formed in 1988 in Cleveland, Ohio. Singer, songwriter, multi-instrumentalist, and producer Trent Reznor was the only permanent member of the band until the official addition of English musician Atticus Ross in 2016. 

Reznor chose the name ""Nine Inch Nails"" because it ""abbreviated easily"" rather than for ""any literal meaning"". Other rumored explanations have circulated <a href=""https://www.last.fm/music/Nine+Inch+Nails"">Read more on Last.fm</a>",United States
Gabry Ponte,440133,5751697,"Gabriele Ponte (or Gabry Ponte) (b. April 20th, 1973) is an Italian DJ best known for his membership in the Italian dance group Eiffel 65. Ponte has been involved with the Bliss Team, DJ Gundam, and Sangwara. With Eiffel 65's rise to fame in the late 1990's, his celebrity (or semi-celebrity) status was established, and he later went on to produce the Italian hits ""Geordie"" (A cover of Fabrizio de André`s song by the same name) and ""La Danza delle Streghe"". <a href=""https://www.last.fm/music/Gabry+Ponte"">Read more on Last.fm</a>",Italy
Nicola Conte,439657,5345431,"Nicola Conte is a DJ and producer from Bari, Italy known for introducing an innovative style of acid jazz that incorporates bossa nova themes, melodies drawn from Italian film scores of the 1960's, easy listening themes, and ethnic Indian music.

Conte, a classically-trained musician, is mastermind of a collective of acid jazz revivalists, ""The Fez collective"" (and originally a member of the group Fez Combo), based in the Italian town of Bari, and the Schema label, their record label for promoting their distinctly Italian approach to acid jazz. <a href=""https://www.last.fm/music/Nicola+Conte"">Read more on Last.fm</a>",India
m.o.v.e,70568,2138789,"m.o.v.e (formerly known as move) was a 3-member Japanese musical group. The group consists of yuri (益田祐里, Masuda Yuri, vocalist), motsu (瀬川素公, Segawa Mototaka, rapper) and t-kimura (木村貴志, Kimura Takashi, producer).

In 1996, after the break up of t-kimura's previous project Favorite Blue, he formed the band move and, by 1997, they released their first single ROCK IT DOWN. They however truly achieved fame when their followup single, around the world, was used as the opening theme for the anime Initial D (頭文字D). <a href=""https://www.last.fm/music/m.o.v.e"">Read more on Last.fm</a>",Japan
Saint Privat,151373,2273270,"Saint Privat is a project begun by Austrian electronic musician Klaus Waldeck (best known as Waldeck), in 2004. Waldeck combined his sounds with the voice of lead singer Valérie Sajdik (aka Valerie), who was born near Vienna, then grew-up in Moscow and France, speaking German, French, English and Russian. The name of the project stems from the commune of Saint-Privat, in southern France, where Valérie lives.

saint privat ist ein Wiener Band-Projekt des DJs und Produzenten Klaus Waldeck. <a href=""https://www.last.fm/music/Saint+Privat"">Read more on Last.fm</a>",Austria
Etro Anime,127220,1448329,"Etro Anime is an electronic band from New York City formed in 1998. Musical genres used by the band include drum and bass, deep house, trip hop, and breakbeat. The name ""Etro Anime"" means ""to be infinite in spirit.""

The band currently is a collective featuring Anais Alonso on vocals.   Led by producer Ted Birkey, the two collaborated with writer/producers Jeff Baldwin, Dave Fisher, John Kanselaar, Keith Schweitzer, Joe Tagliareni, and Malik Worthy to release Etro Anime's second full-length album, ""Spreading Silence. <a href=""https://www.last.fm/music/Etro+Anime"">Read more on Last.fm</a>",
Ann Lee,185838,917026,"Ann Lee was born on 12-11-1972 in Sheffield, England. She went to Italy a few years ago. There, in a discotheque, she started to sing to share a laugh with some friends. She was spotted by a talent scout who invited her to an audition where they were looking for session singers and vocalists.

She passed the audition with flying colours and began doing session work. She also decided that great food and sunshine were a good reason to stay in Italy. <a href=""https://www.last.fm/music/Ann+Lee"">Read more on Last.fm</a>",
Soel,40479,266870,"The way trumpeter Pascal Ohsé sees it, R&B, soul, and jazz are ""the closest thing we have to a universal musical language."" The longtime St. Germain associate also believes it is a language that needs an update once in a while, something his Soel project set out to do from the start. Touring with the jazz and electronica-blending St. Germain meant Ohsé had access to St. Germain leader Ludovic Navarre's enormous collection of vintage vinyl. Digging dusty grooves during the day and playing contemporary <a href=""https://www.last.fm/music/Soel"">Read more on Last.fm</a>",
Blockhead,698760,16055816,"There are multiple artists artists using the name Blockhead

1) A trip-hop artist from New York City
2) A Swiss darkwave band
3) A Japanese punk band
4) A hardcore punk band from Washington, DC
5) A hardcore punk band from Vancouver, BC, Canada with members of Koszmar / SNØB 

1) Blockhead grew up in downtown New York City. The son of an artist, early on he found his passion was for music. A fan of a whole range of sounds, especially hip-hop, Blockhead steadily built a tremendous collection of tapes and later CDs from innumerable artists. <a href=""https://www.last.fm/music/Blockhead"">Read more on Last.fm</a>",Japan
Ochre,196867,3392669,"Ochre is the work of Christopher Leary, originally from England, currently based in Den Haag, Netherlands. He has been writing intricate electronic music since 2001, and has released on Toytronic, Benbecula Records, Village Green, Tramworks, Shipwrec, Lapsus, and Mystic and Quantum, in addition to his own Aura Materia imprint.

Stylistically, his music is often highly melodic, described by the NME as being “full of shimmering electronics, crunchy <a href=""https://www.last.fm/music/Ochre"">Read more on Last.fm</a>",
Calibre,232011,4219190,"Dominick Martin aka Calibre is the 1st exclusively Irish Drum and Bass artist.

Classically trained in violin, he dropped this for drums and began playing in various bands, before finding early Detroit techno and house. His inspiration around that time is said to wander around the likes of Kenny Larkin, Carl Craig, Juan Atkins, the Orb.

His brother introduced Calibre to drum and bass and jungle, which at first he couldn’t follow the pattern as he felt it was too relentless and 'beaty' <a href=""https://www.last.fm/music/Calibre"">Read more on Last.fm</a>",Ireland
TOM & JOY,12592,59320,biografia no encontrada,
Günther,146459,1249609,"There are at least three very different artists that go by the name Günther. One is a highly-sexualized Swedish pop singer (pictured left), the second is a symphonic rock trio from Calgary whose ""Rock digs deep into an abyss of tonal expanses and constructs an impenetrable wall of resonance and covetous frequencies"" and finally Gunther from Lebanon who's an Electronic music DJ. The beginning of this article focuses on the former, and for more on the latter visit http://guntherrock.ca. <a href=""https://www.last.fm/music/+noredirect/G%C3%BCnther"">Read more on Last.fm</a>",
Groove Collective,127742,913207,"New York City's Groove Collective transcends musical categories with one goal in mind: to move listeners' minds and feet. For more than a decade, this legendary group of musicians has improvised and refined the stylistic crosspollination of funk, jazz, house, Latin, hip hop, rock and every party-inducing sound in between. The pioneering members of Groove Collective are fluent in the international language of ""groove."" In-the-pocket drum and bass, colorful and vibrant horns <a href=""https://www.last.fm/music/Groove+Collective"">Read more on Last.fm</a>",
UNKLE,1380231,39390244,"
UNKLE, a musical outfit founded in 1994 in London, England, United Kingdom. Originally categorized as trip-hop, the group once included producer DJ Shadow and has employed a variety of guest artists and producers.

From the sleeve notes for the latest release End Titles...Stories For Film released in July 2008, the current line-up is stated as James Lavelle and Pablo Clements, also a member of the Psychonauts.

The original line-up was James Lavelle, Tim Goldsworthy (now a member of DFA) and Kudo (Major Force West, Skylab). <a href=""https://www.last.fm/music/UNKLE"">Read more on Last.fm</a>",
Roxie,29006,283687,"There is more than one artist with that name:

1. Roksana Węgiel (born 11 January 2005) sometimes known as Roxie, is a Polish singer. She represented Poland in the Junior Eurovision Song Contest 2018 with the song ""Anyone I Want to Be"", and went on to win the competition. She is the first Polish entrant to win the Junior Eurovision Song Contest.

Roksana Węgiel has received numerous accolades, including MTV Europe Music Award for Best Polish Act 2019, nomination for Kids' Choice Award and Polish awards Fryderyk. <a href=""https://www.last.fm/music/Roxie"">Read more on Last.fm</a>",
ScubaZ,88109,525746,biografia no encontrada,
DJ Cam,531340,6314608,"Parisian hip-hop devotee Laurent Daumail is one of a few but growing number of French artists updating hip-hop for the chill-out crowd, drawing on the beats'n'samples groundwork of producers such as Rakim, DJ Premier, and Prince Paul and combining it with broad, impressionistic strokes of dub, jazz, and soundtrack-y ambience. Like countrymen the Mighty Bop and la Funk Mob, Cam is stylistically closest to Mo'Wax artists such as DJ Shadow and DJ Krush; minimalist <a href=""https://www.last.fm/music/DJ+Cam"">Read more on Last.fm</a>",France
Mariah Carey,4803037,238804260,"Mariah Carey (born March 27, 1969, Huntington, New York, USA) is an American singer, songwriter, actress, record producer, and #1 New York Times bestselling author. Carey is one of the best-selling music artists of all time, with over 220 million records sold worldwide. She holds the record for the most Billboard Hot 100 number-one singles by a solo artist (19), a female songwriter (18), and a female producer (15). Referred to as the ""Songbird Supreme"" <a href=""https://www.last.fm/music/Mariah+Carey"">Read more on Last.fm</a>",United States
edIT,220097,4678187,"Born and raised in Weston, Massachussetts, Edward Ma, now known to the world as edIT, began his music career as ""The Con Artist"" just before the turn of the millennium. As a resident DJ at the now defunct Konkrete Jungle Los Angeles, he shared the stage with Hive, Daddy Kev, James Tai and mic rockers Busdriver, P.E.A.C.E. and Mikah 9. Konkrete Jungle marked the golden age of indie hip-hop in Los Angeles, and was the bridge between the jungle and b-boy massives. <a href=""https://www.last.fm/music/edIT"">Read more on Last.fm</a>",
Gabin,299902,3512989,"Gabin (pronounced gæ'bæn) is the Italian based duo of Filippo Clary and Max Bottini. Their name is a reference to the most popular French actor of the ’30s and ‘40s- Jean Gabin, a classic world-weary screen antihero. It has now been two years since the release of their self-titled debut album featuring the international hit ""Doo Uap, Doo Uap, Doo Uap"". Quite unexpectedly, this Italian duo found themselves with not only a Top Ten hit in their homeland <a href=""https://www.last.fm/music/Gabin"">Read more on Last.fm</a>",France
Funki Porcini,534385,6189389,"Funki Porcini is composer and film maker James Braddell (a.k.a Giacomo Braddellini). His swirling mixtures of downtempo breaks, smooth ambiance, and disjointed drum'n'bass helped put the London-based Ninja Tune label on the map. His latest album is ""Modern Hymns for Modern Things"" (September 2025, self-release).

Funki Porcini began making music in San Francisco when he moved into The Residents' old warehouse. After much experimentation with early <a href=""https://www.last.fm/music/Funki+Porcini"">Read more on Last.fm</a>",
Mark Rae,53801,343382,"Hailing from the UK, Mark Rae made his mark in Europe’s music scene following the success of his first collaboration, Rae & Christian, as well as establishing the former Grand Central Records and Manchester’s Fat City record shop.
 
Mark has produced over 100 remixes for artists including Bob Marley, Jay-Z and Dinah Washington as well as the Six Feet Under theme song.  Under Rae & Christian, he released two albums including Northern Sulphuric Soul which ranked on the Top 50 British Dance Albums of All Time. <a href=""https://www.last.fm/music/Mark+Rae"">Read more on Last.fm</a>",United Kingdom
666,187722,1662951,"666 may refer to multiple artists:

1. 666 was a German DJ act, formed by Thomas Detert and Mike Griesheimer in 1997. They produced a mix of electronic music and often included lyrics in Spanish and English. The act disbanded in 2005.

2. A heavy/speed metal band from Caseros, Buenos Aires, Argentina, which released a demo in 1986.

3. A thrash/black metal band from Czechia.

4. A black metal band from Hungary.

5. A groove/thrash metal/hard rock band from Japan. <a href=""https://www.last.fm/music/666"">Read more on Last.fm</a>",Germany
The Prodigy,2911713,138363500,"The Prodigy is an English electronic dance music band from Braintree, Essex, formed in 1990 by keyboardist and songwriter Liam Howlett. The line-up of the band has included MC and vocalist Maxim, dancer and vocalist Keith Flint (until his death in March 2019), dancer and live keyboardist Leeroy Thornhill (who left to pursue a solo career in 1999), and dancer and vocalist Sharky (1990-1991). Along with the Chemical Brothers and Fatboy Slim, The Prodigy are credited as pioneers of the breakbeat-influenced genre big beat <a href=""https://www.last.fm/music/The+Prodigy"">Read more on Last.fm</a>",
Roni Size,343074,3198002,"Roni started on the path of production when he was thrown out of school aged 16, but music had always been a part of his life. Born and raised in Bristol, the sounds of the 70s blues parties and sound-systems happening in the St Pauls area of the city infected Roni's bones.

Meeting up with Krust in the early 90s brought two musically compatible minds together, subsequently creating Full Cycle in 1993 and a new direction for electronic music.

Having built a name for himself through Full Cycle and other labels <a href=""https://www.last.fm/music/Roni+Size"">Read more on Last.fm</a>",
Nightmares on Wax,1201448,22650303,"Nightmares on Wax is DJ and musician George Evelyn, also known as DJ Ease (Experimental Audio Sample Expert), from Leeds, United Kingdom. The musical style is a combination of electronic sounds and hip hop beats, often regarded as ""chillout"". Nightmares On Wax's music is released on Warp Records.

Initially working with Kevin Harper a.k.a Boy Wonder their first release was the massive underground hit 'Dextrous' which sampled the as yet unknown A Guy Called Gerald's 'Voodoo Ray' on their own Poverty Records label. <a href=""https://www.last.fm/music/Nightmares+on+Wax"">Read more on Last.fm</a>",
Underworld,1576316,34039712,"Underworld are a British electronic music group initially formed in Cardiff, Wales in 1979 (as ""The Screen Gemz""), and is primarily the collaborative project of Karl Hyde and Rick Smith.

By the early 1980s, Smith and Hyde's post-punk Screen Gemz had morphed into the flamboyant new wave pop quintet Freur, who managed a respectable hit in 1983 with ""Doot Doot"". They went on to release two albums, ""Doot Doot"" (1983), and ""Get Us Out Of Here"" (1986), as well as performing the score for the 1985 movie ""Underworld"" (later ""Transmutations""). <a href=""https://www.last.fm/music/Underworld"">Read more on Last.fm</a>",United Kingdom
Aphex Twin,2905764,209550350,"Richard David James (born 18 August 1971), known professionally as Aphex Twin, is a British musician, composer, and DJ who has been active in electronic music since 1988. His work incorporates a variety of styles, including techno, ambient, acid, and jungle. He is often associated with the intelligent dance music (IDM) genre. Several publications such as Mixmag, The New York Times, NME, Fact, Clash, and The Guardian have recognized him as an influential figure in contemporary electronic music. <a href=""https://www.last.fm/music/Aphex+Twin"">Read more on Last.fm</a>",United Kingdom
Fischerspooner,764730,13640897,"Fischerspooner was an electroclash duo and performance troupe formed in 1998 in New York City. The name comes directly from the last names of the band members; Warren Fischer and Casey Spooner.

Spiking extremely retro electropop tendencies (recalling Kraftwerk, early Depeche Mode, and Gary Numan) with a modern approach to programming, Fischerspooner produces a quirky, robotic, and strangely subdued kind of dance music. Their albums can be seen as soundtracks to their stageshows, as opposed to recordings which are performed live. <a href=""https://www.last.fm/music/Fischerspooner"">Read more on Last.fm</a>",
Caramell,161334,2438022,"Caramell is a Swedish pop band formed in 1998, consisting of singers Malin and Katia, and producers Jorge ""Vasco"" Vasconcelo and Juha ""Millboy"" Myllylä. Jorge Vasconcelo is known for his previous work, writing songs such as La Cream's ""You"" and Dr. Alban's ""This Time I'm Free."" After leaving Dr. Records, Jorge established his own studio in Västerås, Sweden. In November 1998, he and Juha met Malin and Katia in a karaoke bar in Stockholm, which led to the formation of Caramell. <a href=""https://www.last.fm/music/Caramell"">Read more on Last.fm</a>",
Jazzamor,270526,3967469,"Jazzamor is a German musical duo which consists of Bettina Mischke and Roland Grosch. Their music combines elements of lounge music, jazz and bossanova.

When singer Bettina Mischke and keyboard player Roland Grosch decided to found Jazzamor in 2001 they perhaps did not imagine that their minimalistic lounge arrangements would take off so quickly. Two albums in three years have highlighted their productivity as they firm out their smoothe 60s jazzy sounds in Europe's main languages. <a href=""https://www.last.fm/music/Jazzamor"">Read more on Last.fm</a>",Germany
Oasis,5684094,308795084,"Oasis is an English alternative rock band formed in Manchester in 1991. Originally known as the Rain, the group initially consisted of Liam Gallagher (lead vocals, tambourine), Paul Arthurs (guitar), Paul McGuigan (bass guitar) and Tony McCarroll (drums). Liam's older brother Noel (lead guitar, vocals) later joined as a fifth member, finalising the group's core lineup. During the course of their existence, they had various lineup changes, with the Gallagher brothers remaining the only staple members. <a href=""https://www.last.fm/music/Oasis"">Read more on Last.fm</a>",
Barcode Brothers,121205,911450,"The Barcode Brothers is a Danish electronic music duo consisting of Christian Møller Nielsen & Anders Øland. Successful singles from the duo include 'Dooh Dooh', 'Flute', 'It's a Fine Day' and 'Tele', all from the album entitled 'Swipe Me'. <a href=""https://www.last.fm/music/Barcode+Brothers"">Read more on Last.fm</a>",
Vhong Navarro,15472,78683,"Vhong Navarro (born Ferdinand Hipolito Navarro on January 4, 1977) is a Filipino actor, dancer, singer, and host at ABS-CBN. He is part of the dance group Streetboys in the Philippines.

Totoy Bibbo (2004)
Don Romantiko (2005)
Chickboy (2007)
Let's Dance (2008)
Best Novelty Hits (2008) <a href=""https://www.last.fm/music/Vhong+Navarro"">Read more on Last.fm</a>",
Modjo,1474488,15445280,"Modjo was a French house music duo formed in Paris in 1999 by producer Romain Tranchart and singer Yann Destagnol. The group gained international recognition with the release of the single ""Lady (Hear Me Tonight)"" in 2000. They also released the songs ""Chillin'"" and ""No More Tears"" in 2001, both of which achieved commercial success.

Romain Tranchart was born on 9 June 1976 in Paris. He spent parts of his childhood in Algeria, Mexico, and Brazil. While living abroad, he began learning the guitar, with an early interest in jazz. <a href=""https://www.last.fm/music/Modjo"">Read more on Last.fm</a>",France
The Underdog Project,272812,1916424,"The Underdog Project is a popular band which launched its first album - It Doesn't Matter - in 2001. Its hits include ""Saturday Night"", ""Summer Jam"" and ""Tonight"". The band has three members: Vic Krishna (vocals), DJ Frank (remixes) and AJ Duncan (keyboards).

The band was formed when Vic Krishna was visiting Germany and had a jam session with Canadian singer Craig Smart and the production team of Tone Def and Triple S. It went well, so they started recording - mostly demo tapes, but also full-fledged tracks. <a href=""https://www.last.fm/music/The+Underdog+Project"">Read more on Last.fm</a>",Canada
Télépopmusik,976145,13195982,"Télépopmusik is a French electronic music trio. The group's first album was Genetic World, and several singles from the album have been released since. The group's second album, Angel Milk was released in 2005. Télépopmusik consists of musicians Fabrice Dumont (bass, of the pop band Autour de Lucie), Stephan Haeri (also known as 2 Square for his solo projects), and Christophe Hetier who DJ's under the name of Antipop. Most of the vocals are provided by Angela McCluskey, formerly of the folk band Wild Colonials. <a href=""https://www.last.fm/music/+noredirect/T%C3%A9l%C3%A9popmusik"">Read more on Last.fm</a>",France
Koop,851288,14681968,"Koop is the Swedish electronic jazz duo of Magnus Zingmark and Oscar Simonsson from Uppsala, Sweden, formed in 1995. Though the music may sound as if it is played by a tight jazz group, it is actually sample-based. Thousands of small clips of drums, strings, horns, and choirs are taken from old records and puzzled together into new songs.  This time consuming production process is one of the reasons Koop's albums are released 4-5 years apart. 

The group's 3 albums all feature guest vocalists. <a href=""https://www.last.fm/music/Koop"">Read more on Last.fm</a>",
Haddaway,1580338,11412532,"Haddaway (born Nestor Alexander Haddaway on January 9, 1965 in Trinidad) is a Eurodance/House musician. Born into a local family, his mother was a local nurse, and his father, a Dutch oceanographer. He completed a doctorate in political science and history from George Washington University in Washington DC, before moving to Cologne, Germany, in 1989. He presently lives in Kitzbühel, Austria.

Haddaway's biggest hit, ""What Is Love,"" became very popular across Europe (reaching #2 in the UK), North America and Australia after its 1993 release. <a href=""https://www.last.fm/music/Haddaway"">Read more on Last.fm</a>",Netherlands
Harry Corpuz,648,4142,biografia no encontrada,
LTJ Bukem,354508,4988685,"In the mid eighties, at the age of seventeen, Bukem discovered the joys of clubbing. The teenager regularly checked out the local soul clubs and legendary rare groove all dayers. During this time he also ran a jazz funk band. DJing however, was his main thing and by 1987 he gained something of a reputation for his sets. In 1990, LTJ Bukem got his first big break - at 'Raindance'. Booked to play in front of a crowd of 10,000...  

Bukem then ventured <a href=""https://www.last.fm/music/LTJ+Bukem"">Read more on Last.fm</a>",
Björk,3317528,243773413,"Björk Guðmundsdóttir (born 21 November 1965), known mononymously as Björk, is an Icelandic singer, songwriter, composer, record producer, and actress. Noted for her distinct three-octave vocal range and eccentric persona, she has developed an eclectic musical style over her four-decade career that has drawn on electronic, pop, experimental, trip hop, jazz, classical, and avant-garde music.

Born and raised in Reykjavík, Björk began her music <a href=""https://www.last.fm/music/+noredirect/Bj%C3%B6rk"">Read more on Last.fm</a>",
Fantasy Project feat. NDA,97103,722429,biografia no encontrada,
Kim Lukas,18647,132594,"Kim Lukas was born in London. She has always had a great passion for theatre and music and from an early age she started performing in theatre shows and musicals. She studied at the drama school ‘The Academy of Live and Recorded Arts’ in London, where she continued to improve on her acting, singing and dance techniques. After having finished her studies she worked with many different Theatre Companies including ‘The English Shakespeare Company’ and she also took part in the famous ‘Edinburgh Festival’. <a href=""https://www.last.fm/music/Kim+Lukas"">Read more on Last.fm</a>",
Beverlei Brown,8070,59764,"Beverlei Brown gleaned her singing skills from her mother, who sang in her church's choir in Birmingham, England. When she was old enough, Brown sang with the choir and eventually became the leader. 

She performed a solo with the Clark Sisters at the gospel wailers' U.K. concert and caught a sweet break with the Fine Young Cannibals, who needed some gospel singers for an album project; with Brown onboard, the sessions were good enough to land FYC a record deal and Brown a gig on their worldwide promotional tour.  <a href=""https://www.last.fm/music/Beverlei+Brown"">Read more on Last.fm</a>",
J-Walk,131245,900328,"J-Walk refers to four groups; a Korean based group, a British duo, an American rapper, and a Japanese group.

J-Walk or jwalk is Korean musical duo formed by two former Sechs Kies members.
After Sechskies had disbanded, 2 years later, Kim Jae Duc and Jang Su Won formed a duet under Kiss Entertainment. They became Daesung's top performers and would soon team with fellow lablemate Click-B to create DSP's new boyband JnC. After the collaboration, there were talks of a third album release. <a href=""https://www.last.fm/music/J-Walk"">Read more on Last.fm</a>",Japan
Danzel,255700,1455022,"Danzel is a Belgian house and dance singer who reached the Top 10 in late 2004 with the single ""Pump It Up"".

Danzel alias Johan Waem was born in Beveren-Waas, Belgium on November 9, 1976.
He was 1 of the 20 finalists of the Belgian Idols; ""Idool 2003"".

Singles

""You Are All Of That""
You Are All Of That was the first single released by Ministry Of Sound in late 2003 in the UK Singles Charts. The first single of the English DJ Danzel was a failure, reaching the Number 80 in the UK Singles Charts, and the Number 69 in the UK Dance Charts. <a href=""https://www.last.fm/music/Danzel"">Read more on Last.fm</a>",Belgium
Reflekt,150933,1241692,"(1) Reflekt is a dance music outfit from England. The act consists of DJ/remixer/producers Seb Fontaine and Jay Peake (aka Jay P.), with Delline Bass doing vocals.

The act is well known for their 2004 international club hit ""Need To Feel Loved"", which reached number 1 on the British Dance Charts. That song, which samples ""Ghosts"" by Thomas Newman from the 2003 movie ""The Road To Perdition,"" is featured in the 2005 British/Canadian film ""It's All Gone Pete Tong."" <a href=""https://www.last.fm/music/Reflekt"">Read more on Last.fm</a>",United Kingdom
Ocean Colour Scene,648663,8630797,"Ocean Colour Scene (often abbreviated to OCS) are an English rock band formed in Birmingham in 1989. They have had five top 10 albums including a number one in 1997. They have also achieved seventeen top 40 singles and six top 10 singles to date. They were formed after two other bands called The Boys and Fanatics disbanded. Fanatics released an EP titled Suburban Love Songs. OCS signed to Phfftt Records in 1990. Their first single, ""Sway"", was released in September 1990 during the alternative era. <a href=""https://www.last.fm/music/Ocean+Colour+Scene"">Read more on Last.fm</a>",
Soulstice,206216,2280406,"There are, at least, four artists known as Soulstice: 1) A downtempo / trip-hop group, with: Andy Caldwell, Gabriel Rene, Mei-Lwun Yee & Gina Rene. 2) A Chicago native MC (half of Wade Waters & solo). 3) A from Syracuse vegan straight edge band (early to mid '90's). 4) An a cappella ensemble comprised of students at McGill University in Montréal, Québec. 

1) A 'downtempo' / 'trip-hop' group, consisting of Andy Caldwell (keyboards), Gabriel Rene (keyboards), Mei-Lwun Yee (turntables) & Gina Rene (vocals). <a href=""https://www.last.fm/music/Soulstice"">Read more on Last.fm</a>",
DVS1,36340,242663,"Zak aka DVS1, is one of the most prominent figures in the Minneapolis dance music landscape today. A local DJ favorite since the mid nineties, DVS1 continues to move floors with a combination of deep musical knowledge, unparalleled enthusiasm, and a vinyl collection of more than 10,000 records. <a href=""https://www.last.fm/music/DVS1"">Read more on Last.fm</a>",
DJ Marky,134464,1347000,"DJ Marky is a pseudonym of Brazilian drum and bass innovator Marco Antônio Silva, who began in the early 90's (as DJ Marky Mark).

During the late 90's, he built up a following in London, then thought Europe and eventually took the world by storm. His live acts are known for precise / elaborate mixing and expectant crowds, with whom he evidently has a special connection.

His album début was ""Workin' the Mix, in 1999, followed by ""Audio Architecture"" (2000, Trama). <a href=""https://www.last.fm/music/DJ+Marky"">Read more on Last.fm</a>",Brazil
Blur,4624547,186428815,"Blur is an English rock band formed in London in 1988, consisting of singer Damon Albarn, guitarist Graham Coxon, bassist Alex James, and drummer Dave Rowntree. Their debut album, ""Leisure"" (1991), incorporated elements of Madchester and shoegaze. Following a stylistic change influenced by British guitar pop groups such as the Kinks, the Beatles, and XTC, Blur released ""Modern Life Is Rubbish"" (1993), ""Parklife"" (1994), and ""The Great Escape"" (1995). <a href=""https://www.last.fm/music/Blur"">Read more on Last.fm</a>",United Kingdom
Fila Brazillia,444512,5535453,"Fila Brazillia are from Kingston Upon Hull in East Yorkshire in the UK. They were formed in 1990 by Steve Cobby and David McSherry. 

They released six albums on Pork Recordings and after creating their own music label, Twentythree Records in 1999, a further four albums followed. Other releases include a various artists compilation in the Another Late Night series, which featured a new track of theirs, Nature Boy (a Nat King Cole cover), and a more dancefloor-oriented compilation entitled Another Fine Mess <a href=""https://www.last.fm/music/Fila+Brazillia"">Read more on Last.fm</a>",
Summer Love,25611,132435,"Summer Love play doom inspired psychedelic rock with the same treble and vibrato vocal effects used by Ozzy on ""Planet Caravan"" on every song. <a href=""https://www.last.fm/music/Summer+Love"">Read more on Last.fm</a>",
Seek,118227,860712,"Three-piece blackened hardcore / post-metal band from Osaka, Japan. <a href=""https://www.last.fm/music/Seek"">Read more on Last.fm</a>",
Groove Armada,1728540,32794011,"Groove Armada is an electronic music group from Cambridge, United Kingdom, composed of two members, Andy Cato (real name Andrew Cocup) and Tom Findlay. They first came to fame with a 1997 limited single release, At the River (made famous after being used in various Marks & Spencer advertisements), which sampled ""Old Cape Cod"" by Patti Page. The song has since made its way onto numerous chill-out compilations.

Their most famous work is the 2000 international hit I See You Baby <a href=""https://www.last.fm/music/Groove+Armada"">Read more on Last.fm</a>",
Gaya Band,1053,2804,biografia no encontrada,
Aquarious,28385,116725,"alias of Photek <a href=""https://www.last.fm/music/Aquarious"">Read more on Last.fm</a>",
S-tone Inc,85358,618115,"S-Tone Inc. is the main musical project of Stefano Tirone, a musician from Milan, Italy, who has been working in the world of music for over twenty years. The first song under this name was released in 1992 during the acid jazz era, which represented for him the perfect combination among soul, jazz and latin influences which were those who mostly interested him. His first approach to music not as a listener but as a player was in the early 80’s during the new wave period. <a href=""https://www.last.fm/music/+noredirect/S-tone+Inc"">Read more on Last.fm</a>",
SMiLE.dk,244957,2480679,"SMiLE.dk is a Swedish pop duo with the singers Malin and Veronica from Sweden. Malin and Veronica met each other in singing school in 1994 and have been best friends ever since. However, they didn’t start working together until the year 2000, when Nina who sang together with Veronica on the first album, wanted to have a solo career, and Malin joined Smile.dk. They celebrated their biggest success in Asia and have achieved superstar status through selling a whole amount of records. <a href=""https://www.last.fm/music/SMiLE.dk"">Read more on Last.fm</a>",
Fatboy Slim,2570819,48328926,"Fatboy Slim is a pseudonym of Quentin Leo Cook (b. 31 Jul 1963 in Reigate, Surrey - aka Norman Cook), an English big beat musician.

Quentin Leo Cook was educated at Reigate Grammar School. He started a punk fanzine titled Peroxide with his neighbour Andrew Thomas and art student Ian McKay (formerly Laidlaw). Contemporary with his publishing activities, he played drums in Disque Attack (a British new-wave-influenced rock band) for which he later performed lead vocals. <a href=""https://www.last.fm/music/Fatboy+Slim"">Read more on Last.fm</a>",United Kingdom
Aqua,1542523,17652166,"Aqua is a name shared by multiple music groups from different countries and genres.

1. Aqua is Danish-Norwegian dance-pop group formed in 1989 originally under the name Joyspeed, later renamed Aqua in 1994. They gained international fame in the late 1990s and early 2000s with hits such as ""Barbie Girl."" Their first three singles reached number one on the UK Singles Chart. They released two albums, ""Aquarium"" in 1997 and ""Aquarius"" in 2000, before disbanding in 2001. <a href=""https://www.last.fm/music/Aqua"">Read more on Last.fm</a>",
Shazz,64261,360016,"It begins with an intense, warm gust, a balmy summer breeze, caressing and sensual… “Joy” is the opening track of Shazz’s new album. The voice of Shazz’s partner and friend for more than 15 years – Alex C, his spiritual brother – glides with the usual emotion over a blanket of strings and jazz-inspired chords. This really is the ideal way to begin our journey through Shazz’s new album, the record he dreamt of for so long, the one that suggests that for every path, there is finally a very logical destination.  <a href=""https://www.last.fm/music/Shazz"">Read more on Last.fm</a>",
Pauline London,57197,296481,"Pauline London (http://paulinelondon.com/) is singer-songwriter , whose music brings together nu-jazz, lounge and soul with subtle electronics. Pauline has an extremely versatile singing approach, mixing different styles and sonority. She has performed in jazz style, showing herself for years in the most prestigious Italian jazz-club, singing standards, pop songs and original compositions of her own. She is also a vocal improviser that moves from tradition of scat singing to enrich it with an interesting phrasing derived from pop <a href=""https://www.last.fm/music/Pauline+London"">Read more on Last.fm</a>",Italy
Bob Baldwin,62357,563113,"Contemporary player tabbed by Malaco as an early signee when the company, best known for downhome Southern soul and blues, tried to expand into jazz during the late '80s. Baldwin's heavily synthesized, pop and funk-centered work didn't prove commercially potent, and he moved to Atlantic in 1990. He remained in Atlanta into the next decade and has had moderate success there, continuing to churn out the familiar instrumental pop tunes and carefully crafted numbers, in addition to working some in radio. <a href=""https://www.last.fm/music/Bob+Baldwin"">Read more on Last.fm</a>",
Bambee,207387,1756711,"Bambee was Desirée Sparre-Enger a well-known Traditional Bubblegum  dance artist from Norway. Bambee's music is well-known by fans of Dance Dance Revolution (DDR), in which many of her biggest hits were regularly used. Some of her most famous songs are Bumble Bee, Spaceman, Online, Typical Tropical, and her very first single Candy Girl.

Name Origin

Desirée chose the name ""Bambee"" as a reference to her eyes, as people often told her they are comparable to the eyes of ""Bambi"" from Disney's famous animated film. <a href=""https://www.last.fm/music/Bambee"">Read more on Last.fm</a>",
The RH Factor,196796,1838977,"The RH Factor is a progressive jazz group that combines elements of soul, jazz, funk, and hip-hop. It is led by jazz trumpeter Roy Hargrove and features many popular neo-soul and alternative hip hop artists.

2) US rock band that released 'One Step Closer To The Sun' in 1985 and 'Cries Of The Night' in 1988. <a href=""https://www.last.fm/music/The+RH+Factor"">Read more on Last.fm</a>",
Greyboy,121018,932595,"Greyboy is San Diego producer and DJ, Andreas Stevens, he makes spacy acid jazz with hip-hop roots.  Also variously known as DJ Greyboy and also contributed to the Greyboy Allstars.

""Soul Mosaic"" is the latest Greyboy album, and was recorded 10 years after the release of ""Freestylin',"" the first Greyboy full-length album for Ubiquity. The tracks crafted into this fourth Greyboy album include groundbreaking territory for the Southern California based producer/DJ. <a href=""https://www.last.fm/music/Greyboy"">Read more on Last.fm</a>",
Richard Hall,3560,18533,biografia no encontrada,
The Chemical Brothers,2816839,83080991,"The Chemical Brothers are an English electronic music duo formed by Tom Rowlands and Ed Simons in Manchester in 1989. They were pioneers (along with the Prodigy, Fatboy Slim, the Crystal Method, and other acts) in bringing the big beat genre to the forefront of pop culture. After attracting Virgin Records, the duo achieved further success with second album Dig Your Own Hole (1997), which topped the UK charts. In the UK, they have had six No. 1 albums and 13 top-20 singles, including two chart-toppers. <a href=""https://www.last.fm/music/The+Chemical+Brothers"">Read more on Last.fm</a>",
Louie Austen,157727,1034087,"Louie Austen is an Austrian downtempo / jazz artist from Vienna who mixes jazz with funk using electronic beats. His songs also feature a lot of vocals, mostly sung by himself. He was discovered by Mario Neugebauer at a hotel bar in Vienna in 1998. Mario also composed and produced his first album: Consequences in 1999, which was released by cheap records Vienna. For the next two albums Mario was joined by Patrick Pulsinger. Those albums appeared in licence cooperation with Kitty-Yo in Berlin. <a href=""https://www.last.fm/music/Louie+Austen"">Read more on Last.fm</a>",Austria
Takkyu Ishino,30400,329025,"石野卓球 (Takkyu Ishino) is known mainly for being a member of synthpop band Denki Groove, but in recent years he has moved into a second career as an in demand techno DJ and remixer, becoming well-known in Europe. Take a listen to Denki Groove's 1993 album Vitamin, and then compare it to Ishino's 1993 remix of Pizzicato Five's ""Twiggy Twiggy,"" which reduces the song down to the chanted title words and a pulsing, evolving techno track. Ishino's techno expertise gives Vitamin its punch <a href=""https://www.last.fm/music/Takkyu+Ishino"">Read more on Last.fm</a>",
Blue States,390602,3942213,"Blue States is an electronic/dream pop band headed up by Andy Dragazis. The band has been active since 1997 and is still producing music out of Sussex, England as of 2005. A track from their 2002 album Man Mountain, ""Season Song"", appeared on the soundtrack to the British horror film, ""28 Days Later"".

1998  Inspired by Aphrodite’s Child and David Axelrod, 22 year old, half-Greek man mountain Andy Dragazis aka Blue States records demos on his home studio set up in a barn on the Sussex Downs in England. <a href=""https://www.last.fm/music/Blue+States"">Read more on Last.fm</a>",United Kingdom
Amon Tobin,1070447,33864492,"Amon Tobin (born Amon Adonai Santos de Araújo Tobin on February 7, 1972) is a Brazilian musician, composer and producer of electronic music. He is described as a virtuoso sound designer and is considered to be one of the most influential electronic music artists in the world. He is noted for his unusual methodology in sound design and music production. He has released seven major studio albums under the London-based Ninja Tune record label.

It began for him sometime in the mid-90s when <a href=""https://www.last.fm/music/Amon+Tobin"">Read more on Last.fm</a>",Brazil
Bayani Agbayani,11413,32890,"Bayani Agbayani born on January 3, 1969 in Silang, Cavite, is a Filipino singer, comedian and TV host and actor. <a href=""https://www.last.fm/music/Bayani+Agbayani"">Read more on Last.fm</a>",
Eddy Wata,89514,611495,"Eddy Wata is a Nigerian dance music artist probably best known for his 2004 single ""Jam"".
He was born to a Nigerian mother and Jamaican father and began to play with a battery-operated keyboard at a very young age. At the age of 18, he decided to live in Jamaica for four years, where he was met artists that contributed to his love of reggae.
Upon returning to Nigeria, he formed a band, and following numerous television appearances, he made a trip to Europe in 2001. <a href=""https://www.last.fm/music/Eddy+Wata"">Read more on Last.fm</a>",Jamaica
Prezioso,145796,1081308,"Prezioso refers to Andrea Prezioso and Giorgio Prezioso, an Italodance duo with hit singles in countries including Italy, Germany and the United Kingdom. The brothers have released best-selling records as solo artists and as part of italo house ensembles. They are known today as part of the Prezioso feat. Marvin trio with singer Alessandro Moschini. Moschini is called ""Marvin"" after boxer Marvin Hagler. <a href=""https://www.last.fm/music/Prezioso"">Read more on Last.fm</a>",
Tortured Soul,64052,664016,"Tortured Soul is a trio of John-Christian Urich (drums, lead vocals - aka Christian Urich), Ethan White (keys & backing vocals) & Jordan Scannella (bass, backing vocals) - which débuted with the single ""I Might Do Something Wrong"" (Apr 2001, Central Park). 

Following early success with singles - “I Might Do Something Wrong”, ""Fall In Love"" (2002, Central Park - feat Vince Williams aka DJ Spinna) & “How’s Your Life” (2002) - Tortured Soul formed officially as a live band and booked their first nationwide tour in 2003 <a href=""https://www.last.fm/music/Tortured+Soul"">Read more on Last.fm</a>",
Air,3093841,132407201,"Air is a French music duo from Versailles, consisting of Nicolas Godin and Jean-Benoît Dunckel. Their critically acclaimed debut album, Moon Safari, including the track ""Sexy Boy"", was an international success in 1998. Its follow-up, The Virgin Suicides, was the score to Sofia Coppola's first movie of the same name. The band has since released the albums 10 000 Hz Legend, Talkie Walkie, Pocket Symphony, Love 2, Le voyage dans la lune and Music for Museum. The band is influenced by a wide variety of musical styles and artists. <a href=""https://www.last.fm/music/Air"">Read more on Last.fm</a>",France
Squarepusher,939415,24652505,"Squarepusher is a pseudonym of Chelmsford, Essex, England, electronic musician Tom Jenkinson (b. 1975), best known for his experimental drum and bass, with a heavy jazz fusion influence.  A skilled bassist and multi-instrumentalist, Jenkinson's virtuoso playing is a staple of his music and one of the more obvious affiliations with jazz (although his formal arrangements are often as jazz-derived as his playing). His bass style includes melodic fretless playing, high-speed slap bass and intricate chordal work. <a href=""https://www.last.fm/music/Squarepusher"">Read more on Last.fm</a>",
Lamb,1255786,25946197,"An electronic duo formed in 1996 in Manchester, England, by Lou Rhodes (singer-songwriter) and Andy Barlow (music/production). They incorporated into their musical style a distinctive mixture of downbeat, trip-hop, jazz, dub, breaks, and drum and bass with a strong vocal element and, in their later works especially, some acoustic influences. Lamb are notable for their highly experimental work, a distinctive production style, Lou's often passionate lyrical style, and their artistic videos.  <a href=""https://www.last.fm/music/Lamb"">Read more on Last.fm</a>",
DJ Aligator,130125,1029991,"DJ Aligator (born Aliasghar Movasat on March 10, 1975 in Tehran, Iran), formerly known as DJ Aligator Project, is a Persian-Danish dance singer/DJ.

His single The Whistle Song peaked at Number 5 in the United Kingdom, while it went quadruple (4x) platinum in his native Denmark. <a href=""https://www.last.fm/music/DJ+Aligator"">Read more on Last.fm</a>",
Jazztronik,121276,2742605,"Pianist 野崎良太 (Nozaki Ryōta), recording under the name Jazztronik, has been on the Japanese dance music scene since 1998. He has released various full-length albums; his most recent album is ""Jazztronik Studio Live Best"", released 31 Dec, 2012.

He has a good international projection. The title track from the album Samurai was one of the top dance tunes of 2004. Jazztronik's production skills are as stellar as his piano work and have led him to collaborate with Mondo Grosso <a href=""https://www.last.fm/music/Jazztronik"">Read more on Last.fm</a>",Japan
9 Lazy 9,369881,3905165,"9 Lazy 9 is an acid jazz / downtempo group on the Ninja Tune label. Operating out of Italy in 1992, they soon gained respect for their first album Paradise Blown. Their sound, distinctively more sun than North Sea, is a smoky Mediterranean mix of vines and good times. Keir Fraserello and Giacomo Braddellini (a pseudonym for James Braddell a.k.a. Funki Porcini) had been making music for many years in different guises before combining forces in Rome in the early nineties. <a href=""https://www.last.fm/music/9+Lazy+9"">Read more on Last.fm</a>",
Kylie Minogue,3425208,169426975,"Kylie Ann Minogue is an Australian singer, songwriter and actress. She is the highest-selling female Australian artist of all time, having sold over 80 million records worldwide. She has been recognised for reinventing herself in music and fashion, for which she is referred to by the European press as the ""Princess of Pop"" and a style icon. Her accolades include two Grammy Awards, four Brit Awards and 18 ARIA Music Awards. She is the first and only female artist to achieve a number one album in the UK across five consecutive decades. <a href=""https://www.last.fm/music/Kylie+Minogue"">Read more on Last.fm</a>",Australia
Celldweller,683700,32656353,"Celldweller, based in Detroit, Michigan, is the versatile outlet of the artist, performer, producer, songwriter, programmer, and remixer Klayton. It began as a producer pseudonym in the early 90’s, amongst his many other projects including Circle of Dust, Argyle Park, Brainchild and Angeldust, the latter with Criss Angel on vocals (later reissued and renamed simply as Criss Angel albums). Now, over a decade later, Klayton (born Scott Albert) uses the name to deliver his vision of progressively combining multiple genres of music. <a href=""https://www.last.fm/music/Celldweller"">Read more on Last.fm</a>",
DJ Volume,10545,67770,"DJ Volume is Ole Wierk.
He recorded the album ""Let's All Chant""

DJ Volume is Stacy Mier.
Originally a hip-hop / Miami bass dj, Volume made his first appearance in the underground music scene in 1997 with the release of ""Do You Like Acid"". Volume credits the pioneers of breakbeat, The Cotton Club & DJ Icey for his transition into the world of breaks. ""...that was it... a Miami bass drum track with time-compressed hip-hop elements, funky bass lines & acid synths, I could do that!"". <a href=""https://www.last.fm/music/DJ+Volume"">Read more on Last.fm</a>",
Faithless,1708451,34359564,"Formed in 1995 by Sister Bliss, Faithless was a London, England, United Kingdom-based group of musicians whose music is described by one of their band members as a cross between trip-hop and techno.  The four original members of Faithless were vocalist/rapper Maxi Jazz, keyboardist/producer Sister Bliss, instrumentalist/vocalist Jamie Catto and keyboardist/producer Rollo Armstrong. Jamie Catto (now in 1 Giant Leap) left after their second album, Sunday 8PM, which was released in 1998. <a href=""https://www.last.fm/music/Faithless"">Read more on Last.fm</a>",
Mo' Horizons,474062,4698698,"Mo' Horizons are the producers, musicians and DJ's Ralf Droesemeyer and Mark 'Foh' Wetzler. Their first album, Come Touch the Sun, which features Mo's first two 12""s 'Yes Baby Yes (Sally Said) and Foto Viva, melts together influences ranging from the soulful fifties, sixties & funky seventies straight to the nineties. Integrating modern production techniques and a handful of talented live-musicians and vocalists they create a sound that varies in mood and style but is still homogenous and therefore can easily be identified as Mo' Horizons. <a href=""https://www.last.fm/music/Mo%27+Horizons"">Read more on Last.fm</a>",
Thievery Corporation,1861226,62847267,"Thievery Corporation is a Washington, D.C.-based recording artist and DJ duo consisting of Rob Garza and Eric Hilton and their supporting artists. Their music style mixes elements of dub, acid jazz, Indian classical and Brazilian (such as bossa nova) with a lounge aesthetic.

Thievery Corporation is on the Eighteenth Street Lounge record label named after the DC club owned by Eric Hilton, but several of their singles and EP's appear on the 4AD and !K7 labels. <a href=""https://www.last.fm/music/Thievery+Corporation"">Read more on Last.fm</a>",Brazil
Infinity,79705,676121,"There are multiple bands named Infinity.

1. a Dutch black metal band
2. a Norwegian dance act
3. a Czech eurodance group
4. a British psychedelic rock band from the late 1960s
5. a progressive psytrance artist from Greece
6. a Croatian melodic death metal band
7. an Israeli Prog Rock band
8. an American punk-rock band based in St. Augustine, FL, United States
9. The first fusion jazz band of Thailand
10. Italian power metal band
11. Russian pop band <a href=""https://www.last.fm/music/Infinity"">Read more on Last.fm</a>",Italy
Lemon Jelly,572306,9424774,"Lemon Jelly were a British electronica duo from London, UK  and formed in 1998, consisting of Nick Franglen and Fred Deakin.

Franglen and Deakin initially released three limited-circulation EPs: The Bath (1998), The Yellow (1999), and The Midnight (2000), all of which were then collected into a widely-released album in 2000, Lemonjelly.ky, which was both a critical and a commercial success.

Their second album (and self-proclaimed first studio album), Lost Horizons, was released in 2002, and was another success. <a href=""https://www.last.fm/music/Lemon+Jelly"">Read more on Last.fm</a>",United Kingdom
Way Out West,366004,4367191,"There are 2 artists using the name ""Way Out West"". One is a hugely successful British House music and remix act and the other being an Australian World Jazz group. 

British: A world-renowned progressive house and remix act, was conceived in the bowels of Bristol, UK in early 1993. DJ and producer Jody Wisternoff had just been introduced to Nick Warren, and after a few hours in the studio together, they realized they had a common musical vision. Jody Wisternoff and Nick Warren have also maintained careers as successful DJs <a href=""https://www.last.fm/music/Way+Out+West"">Read more on Last.fm</a>",Australia
Noonday Underground,56527,408559,"Noonday Underground is a British musical duo consisting of DJ Simon Dine and vocalist Daisy Martey. Simon Dine, previously of Adventures in Stereo, and Daisy Martey, who briefly sang with Morcheeba, formed the group in London. Their music, often described as retro-pop with influences from trip-hop and soul, is characterized by a 60s aesthetic and sample-heavy production. <a href=""https://www.last.fm/music/Noonday+Underground"">Read more on Last.fm</a>",United Kingdom
Goldfrapp,2067302,64059740,"Goldfrapp is an English electronic band from London, formed in 1999 which consists of Alison Goldfrapp (vocals, synthesizer) and Will Gregory (synthesizer). Despite favourable reviews and a short-listing for the Mercury Prize, the début studio album Felt Mountain did not chart highly. Goldfrapp's second album Black Cherry, which incorporated glam rock and synthpop sounds, was released in 2003. The album influenced the same dance-oriented sound of their third album Supernature. <a href=""https://www.last.fm/music/Goldfrapp"">Read more on Last.fm</a>",
Lollipop,12805,104688,"LOLLIPOP is a name used by more than one band around the world.

1. The winners of the first series of the PopStars TV show in 2001 in Italy were called Lollipop.  They produced two albums and scored a string of hit singles including ""Don't Leave Me Now"", ""Down, Down, Down"", and ""Batte Forte"" 

2. There is also a Taiwanese Mandopop boyband signed under EMI Music, Taiwan by the name of Lollipop. The group consists of six members, all chosen from Channel [V]  <a href=""https://www.last.fm/music/Lollipop"">Read more on Last.fm</a>",
Twinset,14911,90246,"Twinset (formerly known as The Spider Men) hooked up at the start of their second year at the then Wellington Polytechnic Conservatorium of Music in 1996. Their first gig was at a warehouse party along with various Goth bands who splattered themselves in blood – needless to say, they were in suits & ties.

Since then this fine trio have been a regular live feature in Wellington, going under a variety of names (Los Tigres Del Norte, Moose Head etc) until Leon Matterhorn had the honour of eventually naming them Twinset. <a href=""https://www.last.fm/music/Twinset"">Read more on Last.fm</a>",
Beauty's Confusion,115253,896452,"Philadelphia-based Beauty's Confusion (Jenna & Chris) made music that rode a fine line between electronic pop and gloomy indie rock… BC formed in late 2001 in Florida, originally as a trio. Playing largely in the punk/indie rock circuit, their sequenced Portishead/Hooverphonic keyboards and swirling Curve-influenced guitars couldn't have been more out of place. Beauty's Confusion have remixed several independent and well-known artists, including NYC's Sarah Fimm <a href=""https://www.last.fm/music/Beauty%27s+Confusion"">Read more on Last.fm</a>",
Alison Crockett,17549,81366,"Alison Crockett is a Brooklyn based vocalist, pianist and songwriter whose style is 'steeped' in a deep Soul tradition, with generous helpings of Jazz and Blues. Taking her cue from divas of the past and present such as Erykah Badu, Jill Scott, Donna Summer, Diana Ross and Sarah Vaughn, this Brooklyn, New York based singer/songwriter and pianist is destined for greatness.

Alison Crockett decided early on, that a career in music was to be the path she would travel. <a href=""https://www.last.fm/music/Alison+Crockett"">Read more on Last.fm</a>",
Lewis Taylor,65339,598296,"Lewis Taylor is an eclectic artist and multi-instrumental who writes, produces and plays every instrument on his own material. He is instantly recognizable by his trademark sweet sounding soulful voice, which is often accompanied, and perfectly complemented, by multi-layered vocal harmonies, soaring rock guitar solos and unique production and arrangements. Influenced in equal parts by Todd Rundgren, Scott Walker, Prince, Jimi Hendrix, Marvin Gaye, The Beach Boys and Yes, his music has been described as 'psychedelic soul in the broadest sense'. <a href=""https://www.last.fm/music/Lewis+Taylor"">Read more on Last.fm</a>",
Hooverphonic,1275560,31302677,"Hooverphonic is a Belgian rock/pop group formed in 1995. Though initially placed in the trip-hop genre, they quickly expanded their sound to the point where they could no longer be classified so easily. The band originally called themselves Hoover but later changed their name to Hooverphonic due to other groups using the Hoover name.

The band achieved international recognition through the inclusion of the track 2Wicky (from A New Stereophonic Sound <a href=""https://www.last.fm/music/Hooverphonic"">Read more on Last.fm</a>",Belgium
Radioactive Man,63817,486097,"Keith Tenniswood, aka Radioactive Man, is also a member of Two Lone Swordsmen alongside Andrew Weatherall. <a href=""https://www.last.fm/music/Radioactive+Man"">Read more on Last.fm</a>",
DJ Lhasa,50402,309442,"DJ Lhasa aka Maurizio Braccagni is an italian DJ, he started his experience as DJ in 1987 and released his first record in 1989.
During his DJ nights he plays techno music, especially from north europe, and this style will influence his future artistic direction deeply.

In 1993, under the name of Two Cowboys, he reaches the top of the European Sales Charts with the track titled Everybody Gonfi Gon.
Thanks to this hit, Maurizio B. makes himself known as top deejay playing in many clubs in Europe and remixing many dance and pop acts i. <a href=""https://www.last.fm/music/DJ+Lhasa"">Read more on Last.fm</a>",Italy
Static-X,1534808,44042581,"Static-X was formed in 1994 from the ashes of Wayne Static and Ken Jay's former band, Deep Blue Dream. After searching for members in Chicago, IL, Static and Jay decided to go to Los Angeles to continue their search. There they met Tony Campos from the Mexican death metal band Asesino, and Koichi Fukuda, completing the band's original line-up. Static-X signed with Warner Brothers Records in early 1998.

The band's debut album, Wisconsin Death Trip, was released March 23, 1999. <a href=""https://www.last.fm/music/Static-X"">Read more on Last.fm</a>",Mexico
Lou Bega,981494,5676598,"David Lubega (aka Lou Bega) (born April 13, 1975 in Munich, Germany) is a Latin pop musician famous for his song ""Mambo No. 5"".  This song is a remake of the Perez Prado instrumental from 1952. Bega added new lyrics to the song and sampled the original version extensively.

Bega had a multicultural upbringing as his mother is Sicilian and his father is from Uganda. Bega spent time in Miami during his teenage years.

""Mambo No. 5"" became an instant worldwide hit <a href=""https://www.last.fm/music/Lou+Bega"">Read more on Last.fm</a>",
Four Tet,1305421,47300810,"Four Tet is the name used by Kieran Hebden (born 1977 in Putney, London, UK) for his experimental  electronic music-oriented solo efforts, to differentiate from his work with post-rock band Fridge.

Hebden's solo work typically utilises samples lifted from various sources including hip-hop, electronica, techno, jazz, and folk mixed with his own guitar playing. Four Tet shares some stylistic similarities with other musicians, such as Prefuse 73, who use computer editing techniques that give the music a staccato, cut-up feel. <a href=""https://www.last.fm/music/Four+Tet"">Read more on Last.fm</a>",
Lasgo,449609,4819225,"Lasgo is a Belgian electronic music group formed in 2000 by Peter Luts, Dave McCullen, and vocalist Evi Goffin. The group name was derived from the city name Glasgow, suggested by McCullen and modified to create Lasgo.

In 2008, Peter Luts announced on Belgian radio that Goffin would not return to the group after deciding to focus on motherhood. Luts, in collaboration with the Belgian television channel JIMtv, organized a televised search for a new vocalist, resulting in Jelle Van Dael joining the group as the new singer. <a href=""https://www.last.fm/music/Lasgo"">Read more on Last.fm</a>",Belgium
Orgy,618408,11398761,"Orgy was formed in Los Angeles, California in 1997 and signed to Korn's Elementree record label soon after. They quickly released their first album, ""Candyass."" Soon after, they performed the duty of opening act on the Family Values tour in '98, where they were introduced to many for the first time. Around then, they had their first hit with a cover of New Order's Blue Monday, followed with successful singles for Stitches and Fiction (Dreams in Digital). <a href=""https://www.last.fm/music/Orgy"">Read more on Last.fm</a>",
Sasha,524325,5677082,"There are currently several artists using the name Sasha:

1) Sasha, born Alexander Coe (born September 4, 1969), is a Welsh DJ and record producer. Late Night Tales Presents Sasha: Scene Delete was released in April 2016. He is also known for partnering with English DJ, John Digweed, as Sasha + Digweed. The pair released several mix albums together, including the Northern Exposure series (released between 1996 and 2001). They also released one of the all time best selling mix albums, The Renaissance Mix Collection part 1, in 1994. <a href=""https://www.last.fm/music/Sasha"">Read more on Last.fm</a>",
Fingathing,155137,1522139,"Fingathing are an instrumental jazz / hip-hop band from Manchester, UK, comprising classically trained Double bass player Sneaky and DJ / turntablist Peter Parker.

The duo first performed together as part of the backing band for Rae & Christian before teaming up. Over the course of the years, they have released several full length albums ; 'The Main Event' (2000), 'Superhero Music' (2002) and 'Fingathing and the Big Red Nebula Band' (2004), with a best of compilation following the year after. <a href=""https://www.last.fm/music/Fingathing"">Read more on Last.fm</a>",
Erika,224611,2969220,"There are multiple artists named Erika.
1) Erika Sawajiri (沢尻エリカ) who goes by ERIKA for her music releases, is a Japanese actress, model, gravure idol and singer. She passed the Stardust audition in 1999 after graduating from elementary school. The following year she became part of the idol unit ""ANGEL EYES"" and began modelling for junior fashion magazines like CUTiE and nicola. In 2001 she won the Grand Prize for that year's Seikore and became a regular on the BS news program Harajuku Launchers.  <a href=""https://www.last.fm/music/Erika"">Read more on Last.fm</a>",Japan
Clubringer,6402,35882,biografia no encontrada,
Frou Frou,1976466,35588401,"Frou Frou are an electronic music duo formed in England with two members: Imogen Heap and Guy Sigsworth, active from 2002 to 2003. The duo reformed in 2018 and released a live recording of ""Guitar Song"" on April 19, 2019. 

Frou Frou created an impressive brand of vocal-driven, electronic pop. After the British duo had been collaborating for years without a record deal, the group's debut, Details, was completed for American release on MCA Records in 2002. <a href=""https://www.last.fm/music/Frou+Frou"">Read more on Last.fm</a>",United States
Wax Poetic,267386,2097831,"The New York trip-hop outfit Wax Poetic came together in 1997 under the reign of Turkish-born music guru Ilhan Ersahin. The group originated at the popular and now-defunct club Save the Robots, and consisted of a volatile group of musicians jamming together to create a heavy groove of drum 'n' bass blended with quick dance elements. Ersahin and company signed to Atlantic in the latter '90s and released their debut self-titled album Wax Poetic in June 2000. <a href=""https://www.last.fm/music/Wax+Poetic"">Read more on Last.fm</a>",
Nathan Fake,374694,5507261,"Nathan Fake is a British electronic musician whose lush, moody recordings range from atmospheric tech-house to vivid, shoegaze-influenced downtempo. The pastoral psychedelia of his 2006 debut album, Drowning in a Sea of Love, struck a chord with both critics and fans, gaining the producer a loyal following. His subsequent releases have generally been more uptempo and maintain a sense of urgency and spontaneity. Fake often restricts himself to hardware-based equipment and records tracks in a single take. <a href=""https://www.last.fm/music/Nathan+Fake"">Read more on Last.fm</a>",United Kingdom
Delerium,868844,15114990,"There is more than one artist with this name:

1) Delerium is from Vancouver, British Columbia, Canada, formed in 1987, originally as another side project (Intermix being the more techno-sounding project) of the influential industrial music act, Front Line Assembly.

Delerium has traditionally been a two-person project, but the only constant member throughout its history has been Bill Leeb. After Michael Balch left both Front Line Assembly and Delerium <a href=""https://www.last.fm/music/Delerium"">Read more on Last.fm</a>",United Kingdom
The Mighty Bop,69447,1312240,"The Mighty Bop is a pseudonym of Christophe Le Friant, better known by the alias Bob Sinclar. Born 10 May 1967, he is a Grammy Award-nominated French record producer, House music DJ, remixer and owner of the label Yellow Productions.
Sinclar started DJing in 1986, when he was 18 years old, specialising in funk and hip-hop music, with the name Chris The French Kiss. His first club hit was ""Gym Tonic"", which was co-produced by Thomas Bangalter of Daft Punk, featuring vocals illegally taken from a Jane Fonda fitness tape. <a href=""https://www.last.fm/music/The+Mighty+Bop"">Read more on Last.fm</a>",France
Dzihan & Kamien,463718,6129649,"The sound of Vienna-based duo dZihan & Kamien (pronounced Jee-hahn and Kammy-en) can easily be compared with downtempo, soulful house sounds of Jazzanova, P'taah, or the Naked Music compilations. The duo hit popularity in 1996 with the single Der Bauch, which went big in European clubs and made appearances on several compilations. Their full-length album Freaks and Icons was released in late 2000.

Vlado dZihan is originally from Sarajevo and grew up in a predominantly musical household. <a href=""https://www.last.fm/music/Dzihan+&+Kamien"">Read more on Last.fm</a>",
The Cinematic Orchestra,1751617,38068970,"The Cinematic Orchestra is a UK-based jazz and electronic outfit, created in 1999 by composer/programmer/multi-instrumentalist Jason Swinscoe, which records on the Ninja Tune independent record label. 

Other members include Tom Chant (saxophone), Phil France (double bass), Luke Flowers (drums), Nick Ramm (piano), Stuart McCallum (guitar); former members include Jamie Coleman (trumpet), T. Daniel Howard (drums), Alex James (piano), and Patrick ""PC"" Carpenter (turntables).  <a href=""https://www.last.fm/music/The+Cinematic+Orchestra"">Read more on Last.fm</a>",
Urbs & Cutex,21723,168704,biografia no encontrada,
Martina Topley-Bird,536659,6786770,"Martina Topley-Bird is a vocalist and songwriter from Shepherd's Bush, West London, United Kingdom, who first gained fame as the female vocalist on trip-hop pioneer Tricky's (Adrian Thaws) debut album, Maxinquaye, (a printing error credited her as ""Martine"") in 1993. She continued her collaboration with Tricky on his follow-up album Pre-Millennium Tension as well as his Nearly God side-project. Topley-Bird had a child, Maisie, with Thaws.

In 1998 <a href=""https://www.last.fm/music/Martina+Topley-Bird"">Read more on Last.fm</a>",
Gladys And The Boxers,7089,22750,biografia no encontrada,
DJ Toxic,17239,135440,"Always named as a big talent, DJ Toxic also known as Philipp Braccini has grown up in a musical environment. He learned to play guitar early and had his first performances at the age of 12 with his Grunge band. In 1996, DJ Toxic started to spin records. He has composed his first tracks and was soon discovered by the label Free Power Records.
In 2003, DJ Toxic had his first VIVA-TV-Hit ""Secret Melody"" with the Free Power Team. That was the moment when his career started. <a href=""https://www.last.fm/music/DJ+Toxic"">Read more on Last.fm</a>",
Kyoto Jazz Massive,211258,2877645,"Kyoto Jazz Massive is a musical project specialising in broken beat and electronic styles, consisting of the two brothers Okino Shuya (沖野修也) and Okino Yoshihiro (沖野好洋). Although the brothers have been DJ's since the late 1980's, they have been remixing and composing as far back as the early 1990's.
Since they formed Kyoto Jazz Massive as a DJ unit in the beginning of 90's, they have built a Japanese Jazz Crossover Music scene in Japan and also succesfully built a following overseas.  <a href=""https://www.last.fm/music/Kyoto+Jazz+Massive"">Read more on Last.fm</a>",Japan
2 Eivissa,46621,255100,"2 Eivissa is an Eurodance project created by Spanish-German based production Team 33.
Team 33 are Ambrogio Crotti, Luis Rodrigues Salazar, David Granados Lacera and Luigi Ricco.
2 Eivissa featured the vocalists Terri Bjerre and Melannie Molinnus on the tracks ""Oh La La La"" and ""Move Your Body"".
They were replaced in 1999 by Jobel (Lian Ross), although the live act was fronted by Jane and Francine (2 Blond Bandits) until 2000. 
They were featured on ""I Wanna Be Your Toy"" and ""Bad Girl"". <a href=""https://www.last.fm/music/2+Eivissa"">Read more on Last.fm</a>",
Missing Heart,28293,254354,"Missing Heart is a German project from BROS team (David Brandes, Felix J. Gauder, Gary Jones and others).
The project was on and off since 1994, with Lyane Leigh, the ex vocalist from E-Rotic.
In 2000, Manu More joined the project. Missing Heart released only one album, called ""Mystery"".

Missing Heart is known for the Dance Dance Revolution Hit: Moonlight Shadow. Queen of Light, Charlene and Fly Away also make apperances in Roxor's dancing game In The Groove. <a href=""https://www.last.fm/music/Missing+Heart"">Read more on Last.fm</a>",Germany
Gotan Project,799573,18216085,"Gotan Project is an electrotango group based in Paris, consisting of Frenchman Philippe Cohen Solal, Eduardo Makaroff from Argentina, and Christoph H. Müller, from Switzerland and a former member of Touch El Arab.

They formed in 1999. Their first release was Vuelvo Al Sur/El Capitalismo Foráneo in 2000, followed by the album La Revancha del Tango in 2001. Their music is clearly tango, but also uses electronic elements such as samples, beats and breaks. <a href=""https://www.last.fm/music/Gotan+Project"">Read more on Last.fm</a>",
Divinorum,6495,59112,"1.Divinorum produces big, lush, full-on trance & electronica.

The project was started in 1997 by the composer/producer Bjørn Lynne. 
Bjorn Lynne is from Norway and lives in Stavern. Today Bjorn Lynne is producing professional background music with his company Shockwave Sound (http://www.Shockwave-Sound.com)

2.Black\death metal band from USA.
https://www.facebook.com/DivinorumBand <a href=""https://www.last.fm/music/Divinorum"">Read more on Last.fm</a>",
Death in Vegas,847862,11806870,"Death in Vegas are an English electronic music group, for which Richard Fearless serves as frontman. The band was formed in 1994 by Fearless and Steve Hellier and signed to Concrete Records under the name of Dead Elvis. Owing to an Irish record label of the same name, Dead Elvis became the title of their first album instead.
Studio albums:
1997: Dead Elvis
1999: The Contino Sessions
2003: Scorpio Rising
2004: Satan’s Circus
2011: Trans-Love Energies
2016: Transmission
2025: Death Mask <a href=""https://www.last.fm/music/Death+in+Vegas"">Read more on Last.fm</a>",Ireland
Highland,65567,739676,"There are two artists with the name Highland. 

1. Highland is a dance/hip-hop group from Germany. Their music is recognizable for using Italian and sometimes Latin singing together with hip-hop beats and rapping in English. Band members are the singer Nicole Heiland and the rappers Dean ""Dirty-D"" Burke and Patrice ""Lady Scar"" Gansau. Their music is written and produced by Mike Michaels, Mark ""MM"" Dollar and Mark Tabak, known as the Triple-M crew, who are also behind the artists and bands such as Music Instructor, The Boyz and Ayman. <a href=""https://www.last.fm/music/Highland"">Read more on Last.fm</a>",Italy
FC Kahuna,218788,1642812,"Same as FC/Kahuna. <a href=""https://www.last.fm/music/+noredirect/FC+Kahuna"">Read more on Last.fm</a>",
Morrissey,1772594,81932866,"Steven Patrick Morrissey, better known as Morrissey, is a British singer and lyricist of Irish descent born in Davyhulme, Manchester, United Kingdom on May 22, 1959.

He was the lead singer of The Smiths, one of the most influential alternative bands in the 1980s. The group split up in 1987 and Morrissey started a successful solo career.

His first solo album, Viva Hate was released only six months after The Smiths split, in March 1988. The album's first single ""Suedehead"" peaked at #5 <a href=""https://www.last.fm/music/Morrissey"">Read more on Last.fm</a>",Ireland
Solsonics,17330,77434,"In 1991, bassist Jez Colin and percussionist Willie McNeil formed the Solsonics from Los Angeles's underground club scene. Although the band plays soul-jazz with updated hip-hop rhythms, elements of Afro-Cuban and reggae music also appear. The Solsonics first gained a national release when Chrysalis released Jazz in the Present Tense in 1993. ~ John Bush, All Music Guide <a href=""https://www.last.fm/music/Solsonics"">Read more on Last.fm</a>",
Daddy DJ,107120,667629,"Daddy DJ is a French Dance project that became popular with the release of their mega-hit ""Daddy DJ"". This project consists of David, singer born in New Caledonia, Jean-Christophe who plays keyboards and did remixes for such projects as Gigi D'Agostino, Dead or Alive and Blondie. The last member of the group is Charly, born in Martinique. <a href=""https://www.last.fm/music/Daddy+DJ"">Read more on Last.fm</a>",France
DJ Satomi,157149,1331528,"Born in Rome, DJ Satomi began his DJ career at the age of 15. He started out playing clubs all over the city including Piper, New Open Gate, and Alien Disco. In 1996 Satomi met the famous international team Prezioso. This changed the way he perceived his music, and he started to alternate the gigs with hour after hour passed in a studio, learning the ""precious"" art of producing. Thanks to the support and help of Marvin & Andrea Prezioso, in 1997 he released his first record titled ""Simon Templar - Electricity"". <a href=""https://www.last.fm/music/DJ+Satomi"">Read more on Last.fm</a>",
Alice Deejay,1020351,8356928,"Alice Deejay was a Dutch Eurodance project founded and produced by Wessel van Diepen, Dennis van den Driesschen, Sebastiaan Molijn, and Eelke Kalberg (known as Pronti & Kalmani) and fronted by singer Judith Anna Pronk. The group achieved worldwide success with the 1998 single ""Better Off Alone"", which sold over one million albums and five million singles globally.

Formed in 1998, Alice Deejay launched their career with the debut single ""Better Off Alone"", originally credited as DJ Jurgen presents Alice Deejay. <a href=""https://www.last.fm/music/Alice+Deejay"">Read more on Last.fm</a>",Netherlands
Elsa,60278,429027,"There are four artists recording under the name Elsa:

1. Elsa is a shoegaze-y indie rock band from Toronto, Ontario, Canada. Their membership includes Jonathan Rogers, Jesse Mirsky, Matthew Goldman, Angie Wong and Mike Aber. They recently released a new EP titled The Never Come Down on One Big Silence Records.

2. Elsa is a late-sixties era ye-ye girl. Strongly influenced by Bob Dylan, she gravitated toward the folk-rock genre, her song lyrics strongly reflecting typical beat generation themes and protest song structure.  <a href=""https://www.last.fm/music/Elsa"">Read more on Last.fm</a>",
St Germain,313138,4292776,"St. Germain is the stage name of Ludovic Navarre, a French musician. His style has been described as being a combination of house and nu jazz music.
 <a href=""https://www.last.fm/music/+noredirect/St+Germain"">Read more on Last.fm</a>",France
Rimini Project,25410,200180,"Rimini Project is a dance trio based in Austria. The group consists of Sarah K. (born Ester Olaide Ajewole in Paris in 1979), her older brother Sammy B. (born Samuel Oladipo Ajewole in Paris in 1977), and Scandinavia (aka Anna Louise Molander - born in Hudiksvall, Sweden in 1974). 

Rimini Project came about as a result of Sarah K. winning a song contest held at a club in Rimini in 1999. Producer Hubert Rinder approached her after the contest about starting a dance project.
 <a href=""https://www.last.fm/music/Rimini+Project"">Read more on Last.fm</a>",
Benny Benassi,1706588,18985127,"Marco Benassi, better known as Benny Benassi (born in Milan, 13 July 1967) is an Italian disc jockey and a euro house artist.

He usually works in studio with cousin Alle Benassi. The two also produce tracks together under the name Benassi Bros. The duo started DJing in the late 80s in their hometown, before moving to Larry Pignagnoli's Off Limits production studio in the mid 90s, creating music for various acts, including Whigfield, J.K. and Ally & Jo. <a href=""https://www.last.fm/music/Benny+Benassi"">Read more on Last.fm</a>",Italy
Boom Bip,216387,1842090,"Bryan Hollon, aka Boom Bip, is a producer and musician who experiments with many different genres and has developed a sound of his own. His music is mostly instrumental, but over the course of his career he has collaborated with several vocalists. Boom Bip is also known for the remix work that he has done for many artists on several different record labels. Some of those artists include Hot Hot Heat, Mogwai, Four Tet, M83, Danny Elfman, Pet, and Super Furry Animals. <a href=""https://www.last.fm/music/Boom+Bip"">Read more on Last.fm</a>",
Hybrid,413122,8987213,"At least six musical acts are known to go by the name Hybrid. In order of popularity:

1) Mike Truman and Chris Healings have been writing, producing, touring and DJing all over the globe for the best part of a decade, amassing near 250 productions. The duo has written four LPs to date: Wide Angle, 1999; Morning Sci-Fi, 2003; I Choose Noise, 2006; and Disappear Here, 2010 – all on Distinctive.

Since first bursting onto the scene with the now classic album <a href=""https://www.last.fm/music/Hybrid"">Read more on Last.fm</a>",
Paris Match,61179,1568008,"paris match (パリス・マッチ) is a Japanese pop-jazz band, consisting of Mari Mizuno (vocals) and Yosuke Sugiyama (music). Their name is based on a track from an Album by The Style Council, Café Bleu. The band was formed in 1998 by Tai Furusawa and Yosuke Sugiyama. Both had already experiences in the music business - Furusawa as a DJ and composer and he organized club events; Sugiyama was an experienced producer, arranger and remixer. They met singer Mari Mizuno when she and Sugiyama worked for a radio station in Nagoya at the same time. <a href=""https://www.last.fm/music/Paris+Match"">Read more on Last.fm</a>",Japan
DJs@Work,14613,80746,biografia no encontrada,
Infernal,339725,3596879,"There are nine artists with the name ‘Infernal’: 

1. A Danish dance/pop duo. They first met in 1991 through mutual friends and formed a band in 1997, with Søren Haarh leaving the group in 2000. The duo now consists of Paw Lagerman (born 1977) and Lina Rafn (born 1976), both from Copenhagen, Denmark. 
So far, they have released 4 studio albums and a remix album. But it was only recently with the release of their third album ‘From Paris to Berlin’ that they received international success. <a href=""https://www.last.fm/music/Infernal"">Read more on Last.fm</a>",
Idris Muhammad,262521,1991255,"Idris Muhammad (November 13, 1939 - July 29, 2014)  was a jazz  drummer.  Born in New Orleans, Louisiana as Leo Morris before changing his name in the 1960s upon his conversion to Islam. He is known for his funky playing style. He has released a number of albums as leader, and has played with a number of jazz legends including Lou Donaldson, Johnny Griffin, Pharoah Sanders and Grover Washington, Jr. In 2011 he toured internationally with pianist Ahmad Jamal.   <a href=""https://www.last.fm/music/Idris+Muhammad"">Read more on Last.fm</a>",
Masculados,12398,42463,"Masculados is an all-male song-and-dance group composed of Zoltan Amore, Omar Principe, Bok, Kiro Amirati, Lexter Lazaro, Robin Robel, and Ailex De Asis. The group has two albums, self-titled Masculados and Nakaka…, both under Universal Records. The group is discovered by movie and television director Maryo J. Delos Reyes. <a href=""https://www.last.fm/music/Masculados"">Read more on Last.fm</a>",
Clazziquai,50689,2130897,"Clazziquai Project (클래지콰이) is an electronic trio from South Korea consisting of DJ Clazzi,  Alex (알렉스) and Horan (호란). Alex's older sister, Christina,  was an original member of the project group, but was unable to continue to participate and was later replaced by Horan.

Clazziquai (Classic + Jazz + Groove) initially started out as an experimental project by leader and mastermind, DJ Clazzi a.k.a 김성훈 (Kim Sung-hoon). Kim graduated from Capilano College, and continued his study at CDIS (Center for Digital Image). <a href=""https://www.last.fm/music/+noredirect/Clazziquai"">Read more on Last.fm</a>",
Gorillaz,6592412,474194806,"Gorillaz is a British virtual band created in 1998 by musician Damon Albarn and artist Jamie Hewlett. The band currently consists of four animated members: Murdoc Niccals (bass guitar) who formed the band, 2-D (lead vocals, keyboards), Noodle (guitar, vocals) and Russel Hobbs (drums and percussion). Their fictional universe is explored through animated music videos, interviews and animated shorts. In reality, Albarn is the only permanent musical contributor and often collaborates with other musicians. <a href=""https://www.last.fm/music/Gorillaz"">Read more on Last.fm</a>",United Kingdom
Klubbhoppers,19332,98838,"2 Dj´s from Austria , Alexander Wyhnalek, Mario Plotz make Dance/Trance tracks <a href=""https://www.last.fm/music/Klubbhoppers"">Read more on Last.fm</a>",
Tosca,869848,15597247,"Tosca is an electronic music project of Richard Dorfmeister and Rupert Huber formed 1994 in Vienna. It is Dorfmeister's second such project, the first being Kruder & Dorfmeister. Tosca's first album, Opera, was released in 1997 by G-Stone Recordings.

Richard Dorfmeister and Rupert Huber first met in school, and began experimenting with tape machines, Indian music, and poetry lyrics, under the name of Dehli9. After school, Dorfmeister and Huber went their separate ways: Dorfmeister began producing and DJing with Peter Kruder <a href=""https://www.last.fm/music/Tosca"">Read more on Last.fm</a>",India
John The Whistler,6413,42546,"John The Whistler is Umberto Carli, a Bubblegum Macho artist from Denmark. He is most well-known for his 2000 single ""I'm In Love"" which appeared on his debut album, It's Crazy (2001). John The Whistler is produced under the Edel Records label (Germany & Denmark). His song ""I'm In Love"" has also appeared on a number of dance compilation albums, including Absolute Hits 2000 and Absolute Kids 2.

Like Holly Dolly, Crazy Frog, and Gummibear, a computer-generated character appears in the music videos singing along to the songs. <a href=""https://www.last.fm/music/John+The+Whistler"">Read more on Last.fm</a>",
Eric Prydz,1447825,14977241,"Eric Prydz is a Swedish DJ and producer best known for his 2004 hit single ""Call On Me"", his remix of Pink Floyd's ""Another Brick In The Wall"" (known as ""Proper Education"") and more recently the anthem ""Pjanoo"". 

He also releases music under the aliases of Cirez D, Pryda and Sheridan. Prydz produces electronic music which falls into a variety of sub genres, most notably house (Including electro house and tech house), minimal and techno.

Aside from producing music Prydz also runs the record labels Pryda <a href=""https://www.last.fm/music/Eric+Prydz"">Read more on Last.fm</a>",
Handsome Boy Modeling School,605971,7094361,"Handsome Boy Modeling School were Prince Paul (best-known for his work with De la Soul and Stetsasonic) and Dan Nakamura (a.k.a. Dan the Automator), hugely successful hip-hop producers in their own right.  They released two CDs in total: So...How's Your Girl? in 1999 and White People in 2004, collaborating with a mix of diverse artists, ranging from hip-hop heavyweights Del tha Funkee Homosapien and RZA through to The Mars Volta and indie-darling Cat Power. <a href=""https://www.last.fm/music/Handsome+Boy+Modeling+School"">Read more on Last.fm</a>",
Hird,289650,3441673,"Christoffer Berg was born and raised by two musicians in Gothenburg, Sweden. Growing up in a musical environment made it possible for Christoffer to play around with music from the early days of childhood, which might explain his relaxed attitude towards creating music. Christoffer ""Hird"" Berg does everything himself: drums, percussion, keyboards, guitar and vocals. <a href=""https://www.last.fm/music/Hird"">Read more on Last.fm</a>",
MONDO GROSSO,211098,3812628,"MONDO GROSSO (It: Big World), originally the name of the Kyoto-based acid jazz band formed in Kyoto in 1991, eventually came to be the main alias of composer, DJ, musician, producer, and former MONDO GROSSO leader and bassist, Shinichi Osawa. Releasing innovative tunes with his solo projects, Osawa has set out countless producing and remix works for both Japanese and international artists. As a composer and producer, Osawa has worked with Japanese artists such as Amuro Namie, UA, Monday Michiru, bird, Nobuchika Eri, BoA, and Crystal Kay. <a href=""https://www.last.fm/music/MONDO+GROSSO"">Read more on Last.fm</a>",Japan
Morcheeba,1655297,51820088,"Morcheeba is an English electronic band formed in the mid-1990s with founding members vocalist Skye Edwards and the brothers Paul and Ross Godfrey. They mix influences from trip hop, rock, folk rock and downtempo, and have produced nine regular studio albums since 1995, two of which reached the UK top ten.[1] Edwards left the band in 2003, after which the brothers used a number of singers before she rejoined in 2009. They recruit additional members for their live performances and have toured internationally. <a href=""https://www.last.fm/music/Morcheeba"">Read more on Last.fm</a>",
Jamiroquai,2731006,97262067,"Jamiroquai is an English funk and acid jazz band from London. Formed in 1992, they are fronted by vocalist Jay Kay, and were prominent in the London-based funk and acid jazz movement of the 1990s. They built on their acid jazz sound in their early releases and later drew from rock, disco, electronic and Latin music genres. Lyrically, the group has addressed social and environmental justice. Kay has remained as the only original member through several line-up changes. <a href=""https://www.last.fm/music/Jamiroquai"">Read more on Last.fm</a>",
Bowery Electric,298626,6064795,"Bowery Electric was an American band formed in New York in 1993 by Lawrence Chandler and Martha Schwendener. They released three albums between 1995 and 2000, including the critically praised Beat (1996).

Formed by Lawrence Chandler and Martha Schwendener in late 1993, Bowery Electric played their first show in New York City in January 1994. The band's debut double 7-inch single was recorded by Kramer and released by Hi-Fidelity Recordings in 1994. After listening to it, Kranky contacted the band. <a href=""https://www.last.fm/music/Bowery+Electric"">Read more on Last.fm</a>",United States
Vhen Bautista,395,10619,biografia no encontrada,
Massive Attack,3706409,180454035,"Massive Attack is an English trip hop collective formed in 1988 in Bristol by Robert ""3D"" Del Naja, Adrian ""Tricky"" Thaws, Andrew ""Mushroom"" Vowles and Grant ""Daddy G"" Marshall.

The debut Massive Attack album Blue Lines was released in 1991, with the single ""Unfinished Sympathy"" reaching the charts and later being voted the 63rd greatest song of all time in a poll by NME. 1998's Mezzanine (containing the top 10 single ""Teardrop"") and 2003's 100th Window charted in the UK at number one. <a href=""https://www.last.fm/music/Massive+Attack"">Read more on Last.fm</a>",
Conjure One,449014,7088817,"Conjure One is the label given to the creative outlet for Canadian producer Rhys Fulber, also member of the electro-industrial band Front Line Assembly and the ethnic electronica band Delerium. With a stylistic origin based in the genre of electronica, his songs usually range between downtempo, ambient and pop, also bearing strong influences from world music and Central Asian culture. It can also be observed to seek a fusion between the contrast of organic and electronic sounds, sometimes leaning more towards one direction than the other. <a href=""https://www.last.fm/music/Conjure+One"">Read more on Last.fm</a>",Canada
A Touch of Class,435530,3268009,"A Touch of Class was a pop group based in Germany, although the four members each came from different countries—Joseph ""Joey"" Murray from New Zealand, Sarah Egglestone from Australia, Tracey Elizabeth Packham from England, and Livio Salvi from Italy. The four met in Hamburg, where they were all cast members of the German production of the stage musical ""Cats"".

Their first single, ""Around The World (La La La La La)"" (which was a cover of the song ""Pesenka"" of the Russian group Ruki Vverh) was number one in Germany for six weeks in 2000. <a href=""https://www.last.fm/music/A+Touch+of+Class"">Read more on Last.fm</a>",Germany
The Karminsky Experience Inc.,111954,1053116,"DJs Martin Dingle and James Munns formed The Karminsky Experience Inc. in January of 1991. After a series of successful and influential club nights in and around London, The Karminsky Experience Inc. released three compilations for Polygram. ""Inflight Entertainment"", ""Espresso Espresso"" and ""Further Inflight Entertainment"" were released to critical acclaim between 1996 and 1997 and had combined global sales of nearly 100,000 copies.

After the release of their first compilations for Polygram, The Karminsky Experience Inc. <a href=""https://www.last.fm/music/The+Karminsky+Experience+Inc."">Read more on Last.fm</a>",
E-Type,290179,5008186,"There are two artists named E-Type:

1) Swedish singer.
2) English old school hardcore producer.

E-type (real name: Bo Martin Erik Eriksson) is a Swedish Eurodance singer born on August 27, 1965. He became known to the audience in 1991 when the hit single ""We've Got the Atmosphere"" was released. This single went directly to the top of the Swedish charts. After that, E-type became well known in the Swedish entertainment world as a television host, film soundtrack composer and a song writer for several Swedish artists. <a href=""https://www.last.fm/music/E-Type"">Read more on Last.fm</a>",
DJ Nu-Mark,69053,438904,"DJ Nu-Mark is a hip-hop DJ mostly known for his membership of Jurassic 5, an American now only five-piece hip-hop crew with a DJ and four MCs, the other DJ used to be Cut Chemist. He is also a renowned hip-hop producer and DJ.

His discography includes all four Jurassic 5 album releases (Jurassic 5 LP, Quality Control, Power in Numbers and Feedback), a Sequence Session Mixtape CD entitled Hands On and his most recent project, collaborating with Pomo to create Blendcrafters. <a href=""https://www.last.fm/music/DJ+Nu-Mark"">Read more on Last.fm</a>",United States
Bomfunk MC's,664265,6742240,"Bomfunk MC'S were a Finnish breakbeat and hip-hop supergroup formed in 1997 by Ismo ""Gismo"" Lappalainen and Raymond ""B.O.Dubb"" Ebanks, whose hit Freestyler became 1999's best-selling single in Europe. The band were together until around 2005 when they faded from the public eye and ceased to release any work. The current situation of the band is not known for sure, and no certain answer as to whether they are still together or will make music in the future is clear. <a href=""https://www.last.fm/music/Bomfunk+MC%27s"">Read more on Last.fm</a>",
Shakedown,288305,1583828,"The Swedish-Swiss dance act made up of Mandrax and Seb K, best known for the hit ""At Night"".

By the time they started Shakedown in 1999, Mandrax and Seb K. already had a good idea of each other’s musicality: they’re brothers, blending Swiss and Swedish backgrounds. Stephan Mandrax is no newcomer to electronic music. Initially a fan of new wave and punk (making his 1984 DJ debut in a rock club), house music found him in 1986. Stephan moved to New York in 1992 <a href=""https://www.last.fm/music/Shakedown"">Read more on Last.fm</a>",
Catrien,6182,45053,biografia no encontrada,
Alex C.,195084,1978733,biografia no encontrada,
Kraftwerk,1364895,41179777,"Kraftwerk (""power plant"" in English) are an electronic band founded in 1970 in Düsseldorf, Germany. They pioneered electronic music in the 70s and are considered the most important and influential band of their genre, often described as ""the godfathers of electronic music"". Kraftwerk's sound is minimalistic and strictly electronic; it combines driving, repetitive rhythms with catchy melodies and vocals usually sung through a vocoder. The current line-up consists of Ralf Hütter (the only original member) <a href=""https://www.last.fm/music/Kraftwerk"">Read more on Last.fm</a>",
Boozoo Bajou,566371,7192368,"Boozoo Bajou is a musical duo from Germany. They are noted for their distinct blend of Cajun sounds with island rhythms. 2014 saw the release of their latest album, 4. The Nuremberg natives behind the music are Peter Heider and Florian Seyberth. Boozoo Bajou's first album, Satta, was released in 2001. The list of Boozoo Bajou remixes for other artists include Common, Tosca, Trüby Trio, and Tony Joe White.

Summer 2001: On the Nuremberg based Downbeat/Lounge/Nu <a href=""https://www.last.fm/music/Boozoo+Bajou"">Read more on Last.fm</a>",
Incognito,420589,6291856,"There are multiple artists called Incognito:

1. An acid jazz project by Jean-Paul ""Bluey"" Maunick with deep roots in the 1970's jazz/funk/fusion world (active from 1979 to present) See below 1. for their discography.

2. A smooth jazz online group from Tupelo Records /  IODA. No other information found about this unregistered band (""Buy at Insound"" link is broken). They released similar or exactly the same title tunes/logo as the other Incognito above. (See below for details) <a href=""https://www.last.fm/music/Incognito"">Read more on Last.fm</a>",
DJ Shadow,1968220,57602856,"Considered a prominent figure in the development of instrumental hip-hop, DJ Shadow (real name Josh Davis) has proven himself with groundbreaking, genre-defining solo output on such respected labels as Solesides and Mo' Wax.

DJ Shadow spent his teenage years in Davis, California and was a DJ at the community radio station KDVS. During his time as a radio disc jockey, DJ Shadow was significant in developing the experimental instrumental hip-hop style associated with the California-based Solesides record label. <a href=""https://www.last.fm/music/DJ+Shadow"">Read more on Last.fm</a>",
Novaspace,215836,1698663,"Novaspace is a German Eurodance project which between 2002 and 2004 has covered several '80s hits such as ""Time After Time"", ""Guardian Angel"" and ""Beds Are Burning"". They have reached the Top-20 in Germany, Austria as well as in Australia.

Novaspace which originated in 2002 by producer Felix Gauder was first fronted by Jessica Boehrs (singer) who was later replaced by Jenny Marsala.

Jessica Boehrs started singing in 1996 in the band JessVaness. She was a background-singer in some songs of Caught in the Act and Tic Tac Toe. <a href=""https://www.last.fm/music/Novaspace"">Read more on Last.fm</a>",Germany
Charanjit Singh,32091,296181,"Charanjit Singh (1940 - 2015) started out as a session musician, playing on numerous Bollywood film soundtracks throughout the 1960s and 1970s, before moving on to compose music himself. In 1982 he imported with much pain some of the latest synthesizer equipment into India. A good investment as Bollywood composers liked to feature the latest sound in their songs, and with these keyboards Singh spiced up numerous Bollywood recordings. 

But apart from that <a href=""https://www.last.fm/music/Charanjit+Singh"">Read more on Last.fm</a>",
Floorfilla,110375,707455,"The FLOORFILLA project was born in 1998 in the town of Reggio Emilia (Italy) and precisely inside the studio of DJ CERLA, a very well known dance producer author of massive hit singles as “Rotterdam” (1993) and “Wonder” (1995). DJ Cerla was working on a new sound which needed a rap lyric to be sampled. The legend tells that during a night in a club Dj Cerla remained astonished by the performance of MOMO B. a french MC, percussionist and dancer. <a href=""https://www.last.fm/music/Floorfilla"">Read more on Last.fm</a>",France
James,987625,19232418,"There are several artists in this entry:

1) a British alternative rock band formed in 1981 in Manchester
2) the vocalist of popular Bangladeshi band Nagar Baul
3) a Dutch rapper connected to the Fakkelteitgroep. 
4) James, South Korean Musician

1) James is an indie rock band formed 1981 in Manchester, England

The band's sound is mostly defined by their lead singer Tim Booth's resonating vocals and emotional lyrics, as well as a spirit of experimentation that they held onto throughout their active career. <a href=""https://www.last.fm/music/James"">Read more on Last.fm</a>",Netherlands
Jazzanova,608847,8883367,"Jazzanova is a crew of DJs/producers from Germany (Berlin, Hamburg & Munich), inc' Alexander Barck, Axel Reinemer, Claas Brieler, Jürgen von Knoblauch, Roskow Kretschmann & Stefan Leisering.  They have been producing hits in the breakbeat / electronic scene since 1996.  Their music fuses many styles, including:  acid jazz, soul & broken beat. <a href=""https://www.last.fm/music/Jazzanova"">Read more on Last.fm</a>",
La Bouche,872561,6566835,"La Bouche (French for ""The Mouth"") is a German-American Eurodance duo known for the hits ""Be My Lover"", ""Sweet Dreams"", ""You Won't Forget Me"", and ""S.O.S."" The group was founded in 1994 by record producer Frank Farian in Frankfurt am Main, who collaborated with techno DJ Ulli Brenner and producer Amir Saraf to create the music, while American singer Melanie Thornton and American rapper and singer Lane McCray served as the front performers.

Thornton and McCray had previously collaborated in music before forming La Bouche. <a href=""https://www.last.fm/music/La+Bouche"">Read more on Last.fm</a>",United States
Prefuse 73,592310,15707615,"Prefuse 73 is a pseudonym of Barcelona, Spain, hip-hop / electronic producer / artist Guillermo Scott Herren (aka Delarosa and Asora, Piano Overlord and Ahmad Szabo). He also performs with Eva Puyuelo Muns, in a duo known as Savath & Savalas.  Herren debuted with EP Estrocaro (Oct 2000, Warp – aka Estrocaro EP) and his latest album is Estrocaro (16 Apr 2011, Beat / Jp – Warp / RoTW).

He began his career DJing at MJQ, a small night club in Atlanta, and then began working in commercial studios but soon branched out into his own music. <a href=""https://www.last.fm/music/Prefuse+73"">Read more on Last.fm</a>",
Special D.,255482,1767469,"There are multiple artists with this name:

1) Special D. (real name Dennis Horstmann) is a German DJ and dance music artist who is particularly popular in The Netherlands, where he won the ""Best Dance International"" award at the 2004 TMF NL Awards. He is also popular among the Euro-Trance scene in North America.

His best known track, ""Come With Me"", reached number #6 in the UK Singles Chart and #4 in the Irish Singles Chart in April 2004.

2) Special D is an American Christian alternative rock band from western Kentucky. <a href=""https://www.last.fm/music/Special+D."">Read more on Last.fm</a>",Germany
weirdo girl,42581,415002,biografia no encontrada,
Safri Duo,386914,3421197,"Safri Duo is a Danish percussion duo composed of Uffe Savery (born April 5, 1966) and Morten Friis (born August 21, 1968). Initially classically oriented, by 1999 they were discovered by a label executive working on classical music. After being signed, a track mixing both tribal sound and modern electronica was set to be released in 2000 The result was the tremendously popular ""Played-a-live (The Bongo Song),"" that became one of the most popular songs in Europe that year. <a href=""https://www.last.fm/music/Safri+Duo"">Read more on Last.fm</a>",
Mandalay,430288,4157547,"For their current activities, see www.mandalay-music.com / www.saulfreeman.com / www.nicolahitchcock.com

Vocalist and songwriter Nicola Hitchcock and Saul Freeman Ex-Thieves joined forces in the mid-nineties to form Mandalay, signed to V2 records and released three albums.  Mandalay's debut album ""Empathy"" release in 1998.  In 2000, Mandalay release their second album ""Instinct"".  In 2001,  ""Solace"" a two disc album released exclusively in the US. <a href=""https://www.last.fm/music/Mandalay"">Read more on Last.fm</a>",
AndreiD,2220,11070,biografia no encontrada,
Solid Base,68924,840605,"Solid Base is a Swedish eurodance group.

Lead singer in the group is Isabelle Heitman, she was born in Oslo, Norway in 1972 and has had a passion for singing since her childhood. At the age of 10 she moved to Gothenburg, Sweden. A few year afters when she had moved to Stockholm she started to sing in various talent competitions. One day she got a phone call from the producer Pat Reiniz asking her to sing for him. She ended up singing for Cool James and Black Teacher on their album. <a href=""https://www.last.fm/music/Solid+Base"">Read more on Last.fm</a>",
New Order,3063211,112463449,"New Order is an English new wave/synthpop band which formed in 1980 in Salford, England, United Kingdom by the three remaining members of Joy Division. The band's classic lineup consists of Bernard Sumner (vocals, guitar, keyboards), Peter Hook (bass, electronic percussion), Gillian Gilbert (keyboards, guitar) and Stephen Morris (drums, keyboards). The group effectively disbanded in 1993 but reformed in 1998. Gilbert left in 2001 to look after her and Morris' children and was replaced by guitarist/keyboardist Phil Cunningham. <a href=""https://www.last.fm/music/New+Order"">Read more on Last.fm</a>",
RJD2,1206207,34641508,"RJD2 is Ramble John Krohn, a hip-hop producer. RJD2 was born in Eugene, Oregon, and raised in Columbus, Ohio. Until recently, he was part of the Definitive Jux label and produced tracks for many of its artists, as well as having a solo career.  In 2006, RJ ""ditched hip-hop"" for the indie-rock label XL, releasing The Third Hand in March 2007.

From 1998 to 1999, he saw success blossom as DJ/producer for the Columbus-based group the Megahertz, with two twelve-inch singles on Bobbito Garcia's legendary NY label, Fondle 'Em Records. <a href=""https://www.last.fm/music/RJD2"">Read more on Last.fm</a>",
Nils Petter Molvær,180348,2333726,"Nils Petter Molvær (born September 18 1960 in Sula, Norway) is a Norwegian trumpet player, composer and producer, who connects multiple music styles - jazz, ambient, house, electronic and break beats, as well as elements from hip hop, rock and pop music - and melts them into convincing soundscapes of deep intensity. Often eclectic, Molvær's style is similar to avant-garde trumpeter Toshinori Kondo. His interest in both acoustic and electric music shows the ease with which he handles the conventions of pop <a href=""https://www.last.fm/music/+noredirect/Nils+Petter+Molv%C3%A6r"">Read more on Last.fm</a>",Norway
Paul Kalkbrenner,713692,26532073,"Paul Kalkbrenner (1977) is a producer, DJ and actor from Berlin, Germany. He is signed to the famous Bpitch control label founded by Ellen Allien.

Starting as a trumpet player and studying music theory, Kalkbrenner later switched to electronic music. In 1999 he released his first tracks under the name of Paul dB+. As a live act, he performs using Ableton Live in combination with midi controllers and hardware synthesizers.

In 2008 he composed the sountrack for the German movie Berlin Calling in which he also is the leading actor. <a href=""https://www.last.fm/music/Paul+Kalkbrenner"">Read more on Last.fm</a>",Germany
Jan Jelinek,178773,2747092,"Jan Jelinek (whose monikers include Gramm, for Source Records, and Farben), is a Berlin-based producer of electronic music drawing influences from jazz, dub, funk, soul, and house.  Prior to releasing on the ~Scape label under his own name, he had put out albums as Farben (for Klang Elektronik).  On 2001's Loop-Finding-Jazz-Records, Jelinek manipulates fragments of sound from old jazz recordings, transforming them beyond recognition into completely new pieces of music. <a href=""https://www.last.fm/music/Jan+Jelinek"">Read more on Last.fm</a>",
Clara Hill,97744,1218466,"Clara started to discover the power of voice in the eighties, when she was singing alongside some tunes by Madonna. At a certain point it was clear to her that she wanted to join and front a band. Aged seventeen, she founded the acid jazz combo Superjuice, together with her friend Funès. In the early nineties, at the height of acid jazz, the band toured through Berlin clubs, gathering a high-profile reputation. During these years, Clara made her first steps in live music. <a href=""https://www.last.fm/music/Clara+Hill"">Read more on Last.fm</a>",
Flunk,737618,13053818,"Flunk is a Norwegian electronic band consisting of producer Ulf Nygaard, guitarist Jo Bakke, drummer Erik Ruud, and vocalist Anja Øyen Vister.

The band began as a project between Ulf and Jo in Oslo, Norway in the winter of 2000-01. Starting out as an instrumental and sampled vocal project, they were signed for a track on a compilation by Beatservice Records in Winter 2001. On hearing the finished track, label manager Vidar Hanssen signed the unnamed band for a full album. <a href=""https://www.last.fm/music/Flunk"">Read more on Last.fm</a>",Norway
Micatone,285929,3705772,"German electronic/jazz band: Boris Meinhold (guitar, synth), Tim Kroker (drums), Sebastian 'Hagen' Demmin (keyboards; worked as a live keyboarder with Daft Punk), Lisa Bassenge (vocals), Stefan Rogall (programming) and Paul Kleber (kontrabass).

After the splendid albums ""Nine Songs"" and ""Is You Is"", Micatone present their third album ""Nomad Songs"" on Sonarkollektiv. Their first two albums were more electronically influenced and showed their studio production abilities. <a href=""https://www.last.fm/music/Micatone"">Read more on Last.fm</a>",Germany
Visage,547390,4738633,"Visage were a British new romantic band formed in 1978 by Steve Strange (former member of the punk band Moors Murderers) and Rusty Egan (previously the drummer for The Rich Kids). 

Initially, the band was comprised of Steve Strange, Rusty Egan and Midge Ure (also previously of The Rich Kids). Also in there, and credited as a co-writer of FADE TO GREY was Chris Payne,a member of Gary Numan's band. The trio recorded a demo which included a cover of the Zager and Evans hit ""In the Year 2525"". <a href=""https://www.last.fm/music/Visage"">Read more on Last.fm</a>",United Kingdom
Ronny Jordan,200768,1470452,"Ronny Jordan (born Ronald Laurence Albert Simpson on November 29, 1962 in London, England) was a guitarist at the forefront of the acid jazz movement at the end of the twentieth century. 

He came to prominence after being featured on Guru's tour de force, Jazzmatazz, Vol. 1, which saw release in 1993. He was also one of the artists whose recordings are featured on Stolen Moments — a compilation album released in 1994 to benefit the Red Hot Organization. <a href=""https://www.last.fm/music/Ronny+Jordan"">Read more on Last.fm</a>",
Moby,3528837,135940462,"Richard Melville Hall (born September 11, 1965), known professionally as Moby, is an American musician, songwriter, singer, producer, and animal rights activist. He has sold 20 million records worldwide. AllMusic considers him to be ""among the most important dance music figures of the early 1990s, helping bring dance music to a mainstream audience both in the United States and the United Kingdom."" After taking up guitar and piano at age nine, he played <a href=""https://www.last.fm/music/Moby"">Read more on Last.fm</a>",United States
Röyksopp,2321627,90062519,"Röyksopp is a Norwegian electronic music duo formed in 1998 in Tromsø and currently based in Bergen. The band consists of Torbjørn Brundtland and Svein Berge, both being songwriters, producers and remixers. They usually rely on the use of other vocalists for their songs and occasionally they perform the vocal parts. The Norwegian word ""røyksopp"" means puffball fungus (literally ""smoke mushroom""), but the band has stated in interviews that they are actually referring to the mushroom cloud created by atomic bombs. <a href=""https://www.last.fm/music/+noredirect/R%C3%B6yksopp"">Read more on Last.fm</a>",Norway
Sexbomb Girls,21754,162593,"The Sexbomb Girls (or also known as SexBomb Dancers) are an all-female singing and dancing group from the Philippines. 

The Sexbomb Dancers were originally composed of four members upon their formation in 1999. They were background dancers for Eat Bulaga, the Philippines' longest running noontime variety show. Of the four original members, only Rochelle Pangilinan remains part of the Sexbomb Girls, and is regarded as the leader because of her seniority. <a href=""https://www.last.fm/music/Sexbomb+Girls"">Read more on Last.fm</a>",
Paffendorf,185208,1293674,"Paffendorf is a dance duo based in Cologne, Germany. The duo consists of Ramon Zenker, formerly of Fragma, and Gottfried Engels. Paffendorf is best known for the 2002 hit ""Be Cool"", although they have had various successful hits across Europe.

The pair's first hits were in 2001, the singles ""Rhythm and Sex"" and ""Where Are You"" achieving success in several countries across Europe. Their biggest hit, ""Be Cool"", would be released in Summer of the following year. <a href=""https://www.last.fm/music/Paffendorf"">Read more on Last.fm</a>",
Groove Coverage,551372,8843374,"Groove Coverage is a Dance and Pop band from Ingolstadt, Germany. It was formed in the summer of 2001. The Groove Coverage project consists of Axel Konrad and DJ Novus. The lead singer is named Mell, with a back-up singer named Verena. They have had hits around the world, especially in Europe. They have produced popular remixes of several songs, including ""Love is an Angel"" by Sylver, ""Come With Me"" by Special D., and ""Love Song"" by DJ Cosmo Meets Digital Rockers. <a href=""https://www.last.fm/music/Groove+Coverage"">Read more on Last.fm</a>",
Erykah Badu,1980830,63055237,"Erykah Badu (born Erica Abi Wright on February 26, 1971 in Dallas, Texas) is an American R'n'B/neo-soul artist whose work crosses over into jazz. 

She is best known for her singles You Got Me her collaboration with The Roots, as well as her own songs Tyrone, Love of My Life, On & On, Bag Lady, The Healer,  Honey and Soldier. Her lyrics are highly personal urban philosophy which throw emotional challenges in the face of the listener. She weaves unusual musical influences together creating a rich texture of sound. <a href=""https://www.last.fm/music/Erykah+Badu"">Read more on Last.fm</a>",United States
LFO,422758,4461195,"There are 2 bands under the name LFO:
1. An English band who were pioneers of bleep techno
2. An American three-man pop and rap group

1. English band LFO were one of the pioneers of the bleep techno of the early 1990s. Originally comprising Gez Varley (also known as Jez Varley) and Mark Bell, they met while studying at Leeds and gave their first track, the eponymous “LFO”, to Nightmares On Wax. The demo’s popularity in clubs lead to the track being released by Warp in 1990, where it made it into the Top Twenty. <a href=""https://www.last.fm/music/LFO"">Read more on Last.fm</a>",United States
French Affair,142198,865125,"French Affair is a German-French pop band, established in 2000, whose biggest hits so far are ""Sexy"", ""I want your love"", ""Comme Ci Comme Ca"" and ""My Heart Goes Boom"".

Its lead singer, Barbara Alcindor, was born in Paris, and currently lives in London, England. Alcindor began her career as a fashion model, before trying her hand in music. After signing with the BMG record label and teaming up with the Dreyer Brothers production team, French Affair scored a pair of sizable hit singles in 2000 with 'My Heart Goes Boom' <a href=""https://www.last.fm/music/French+Affair"">Read more on Last.fm</a>",France
Omar,201400,2612182,"There are at least six acts by the name of Omar:

1.  Omar is a UK soul artist of Chinese, African and Indo-Jamaican descent. Born Omar Lye-Fook (1969) in Canterbury England, Omar has been making albums since the early 1990s and his work is often compared to Stevie Wonder’s work of the 1970s. After the lukewarm US sales for the LP “For Pleasure,” subsequent Omar releases were only available as pricey imports. Now Omar releases his own recordings, tours the UK often, occasionally making brief tours in the US. <a href=""https://www.last.fm/music/Omar"">Read more on Last.fm</a>",
Tiësto,2655987,66149100,"Tijs Michiel Verwest, known professionally as Tiësto, is a Dutch DJ and music producer from Breda. He was voted ""the Greatest DJ of All Time"" by Mix magazine in a 2010/2011 poll amongst fans. In 2013, he was voted by DJ Mag readers as the ""best DJ of the last 20 years"". He is also regarded as the ""Godfather of EDM"" by many sources.

In 1997, he founded the label Black Hole Recordings with Arny Bink, where he released the Magik and In Search of Sunrise CD series. <a href=""https://www.last.fm/music/+noredirect/Ti%C3%ABsto"">Read more on Last.fm</a>",Netherlands
Sandee Chan,11726,226530,"One of the most successful and credited female performers of the past fifteen years in Taiwan, Sandee Chan (陳珊妮) is also recognized as one of the most talented producer and song writer through out Asia. Sandee studied piano as a girl, and learned to play an electric piano in high school. As a university freshman, she founded the first Rock and Roll Music Club in Cheng Chi University, while continued to play music through keyboards, guitars and other music instruments, and started to write songs of her own. <a href=""https://www.last.fm/music/+noredirect/Sandee+Chan"">Read more on Last.fm</a>",
Rollergirl,114795,855601,"Rollergirl could refer to two different artists:
1. Nicole Safft, a German singer 
2. A nu disco electronic artist from Athens, Ohio (Rollergirl!)


1.  Nicole Safft (born 19 November 1975), professionally known as Rollergirl, is a German singer with a n umber of successful tracks such as ""Dear Jessie"" (a loose cover of a Madonna song) and ""Luv U More,"" the latter being a cover of a song by Sunscreem. 1999 Germany


2. Rollergirl, the electronic nu disco artist (which can be found on this artist page: Rollergirl!), is done by Adam Rich. <a href=""https://www.last.fm/music/Rollergirl"">Read more on Last.fm</a>",Germany
Two Lone Swordsmen,226367,2549209,"The Two Lone Swordsmen is the British DJ and producer Andrew Weatherall and studio engineer Keith Tenniswood aka Radioactive Man. Formed in early 1996, following the dissolution of Weatherall's influential The Sabres of Paradise techno act, the Swordsmen have explored a variety of styles, from electro to post-punk to IDM. Originally they released material on the label Emissions Audio Output, which Weatherall ran. However, the small nature of the operation limited the duo's success and they have since signed to Warp Records <a href=""https://www.last.fm/music/Two+Lone+Swordsmen"">Read more on Last.fm</a>",United Kingdom
DJ Bobo,375931,3836488,"Peter René Baumann (born January 5, 1968), known by his stage name DJ BoBo, is a Swiss singer, songwriter, rapper, dancer, voice actor, and music producer. He has sold an estimated 14 million records worldwide and has released 12 studio albums, along with several compilation albums featuring reworked versions of his earlier hits. His discography also includes 34 singles, many of which achieved chart success in German-speaking countries as well as other parts of Europe. <a href=""https://www.last.fm/music/DJ+Bobo"">Read more on Last.fm</a>",
Mocean Worker,89904,610962,"Mocean (""motion"") Worker, aka MoWo, is electronic musician/DJ Adam Dorn. Dorn, son of music producer Joel Dorn, incorporates both modern and classical elements of funk, jazz and big-band swing into his work. 

Dorn currently resides in New York.
 <a href=""https://www.last.fm/music/Mocean+Worker"">Read more on Last.fm</a>",
Beth Gibbons,262489,3891435,"Beth Gibbons (born 4 January 1965, in Exeter, United Kingdom) is best known as the vocalist and front woman for the trip hop band Portishead. With Portishead, Gibbons released two studio albums and a live album in the 1990s, followed by a third studio album in 2008.

Gibbons has also collaborated on a separate project with former Talk Talk member Paul Webb a.k.a. Rustin Man. The Beth Gibbons & Rustin Man album, Out of Season, came out in 2002.

2024 saw Gibbons' début as a solo recording artist in her own right. <a href=""https://www.last.fm/music/Beth+Gibbons"">Read more on Last.fm</a>",
Devics,167692,2729999,"Devics is a dream pop band from Los Angeles, California consisting of Sara Lov, Dustin O'Halloran, Ed Maxwell, Theodore Liscinski, and Evan Schnabel. Their music can be described as melancholic.

In 2008, Devics covered The Cure's ""Catch"" for the American Laundromat Records produced compilation ""Just Like Heaven - a tribute to The Cure"". It was recorded by Pall Jenkins of the Black Heart Procession and included performances by Scott Mercado, Jimmy LaValle, Pall Jenkins as well as Dustin O'Halloran and Sara Lov. <a href=""https://www.last.fm/music/Devics"">Read more on Last.fm</a>",United States
Us3,420067,4227018,"Us3 is a jazz-rap group founded in London in 1991. They use samples of classic songs released by Blue Note Records. Among them is ""Cantaloop (Flip Fantasia)"", sampling Herbie Hancock's ""Cantaloupe Island"" on their first album Hand on the Torch. The song received much attention, approaching platinum status in the United States and being adopted as the theme music to the WBUR public radio program The Connection. <a href=""https://www.last.fm/music/Us3"">Read more on Last.fm</a>",
Alva Noto,218211,4858820,"Behind the Alva Noto moniker we find Carsten Nicolai, one of the most important sound explorers of our time. A student of Architecture in his formative years Alva Noto a visual artist who has forged a minimal aesthetic and a conceptual approach to his art.

Sound is changed and evolved into time and space and transformed by tone oscillators and  looping generators. Through these processes the essence of pure electricity is made audible. He works without sequencers <a href=""https://www.last.fm/music/Alva+Noto"">Read more on Last.fm</a>",
Jolina Magdangal,14839,119864,biografia no encontrada,
Orbital,1094375,21958221,"Orbital is an electronic music duo consisting of brothers Phil Hartnoll and Paul Hartnoll formed in Sevenoaks, Kent, England in 1989.  Orbital take their name from Greater London's orbital motorway, the M25, which was central to the early rave scene and party network in the South East during the early days of acid house. One of the biggest names in British electronica during the 1990s, Orbital were both critically and commercially successful, being particularly known for an element of live improvisation during their shows <a href=""https://www.last.fm/music/Orbital"">Read more on Last.fm</a>",United Kingdom
Zero 7,1780703,51972732,"Zero 7 is a London, UK downtempo duo, consisting of Henry Binns & Sam Hardaker. 

They began as studio engineers at Mickie Most's RAK recording studio in London, engineering music for British groups like the Pet Shop Boys, Young Disciples, and Robert Plant. In 1997 they were asked by a college friend, Nigel Godrich (who was busy producing OK Computer), to remix Radiohead's ""Climbing Up the Walls"". They called the mix ""the Zero 7 Mix"" which stuck. <a href=""https://www.last.fm/music/Zero+7"">Read more on Last.fm</a>",United Kingdom
Big Muff,83102,366090,"Alias for New York-based songwriter, musician and producer Itaal Shur. <a href=""https://www.last.fm/music/Big+Muff"">Read more on Last.fm</a>",
Skalpel,397372,7773560,"There are several artists using this name:

1) Skalpel is a DJs/producer duo (Marcin Cichy and Igor Pudlo) from Wroclaw, Poland. Being part of the Ninja Foreign Legion, they're among the best-known and most respected DJs and producers in Poland, and recipients of the prestigious Paszporty Polityki award.

Four of their mixes were aired on Solid Steel in the past, two of which were released on the ""Virtual Cuts"" mixtape. In 2000 along with DJ Vadim and his Russian Percussion, they've toured the country presenting an amazing 4-deck show. <a href=""https://www.last.fm/music/Skalpel"">Read more on Last.fm</a>",Russia
The Crystal Method,992986,20734661,"The Crystal Method is an electronic music act comprising Ken Jordan  (who retired in 2017) and Scott Kirkland. Formed in 1993, The Crystal Method is the most recent stop in a string of projects that led them from their native Las Vegas (and some forgettable four-track stabs at Vocal jazz music), to the early-'90s L.A. rave scene. Drawn in by its youthful idealism, Jordan and Kirkland became absorbed by L.A.'s underground club culture and began knocking out tracks inspired by their experiences. <a href=""https://www.last.fm/music/The+Crystal+Method"">Read more on Last.fm</a>",
Herbert,265741,3602151,"Matthew Herbert is an electronic music producer known for breaking the boundaries and conventions of the genre. Since 1996 he has released music on a variety of record labels under many aliases including Doctor Rockit, Wishmountain, Radioboy, Mr. Vertigo, Transformer, under his own name and with his Big Band. He has played at the Montreux and North Sea Jazz Festivals, Paris' Pompidou Centre, Tokyo's Blue Note, Sonar and Glastonbury, and supported Bjork at the Hollywood Bowl. <a href=""https://www.last.fm/music/Herbert"">Read more on Last.fm</a>",
Darude,1192636,9822835,"Toni-Ville Henrik Virtanen (born July 17, 1975), better known by his stage nameDarude (/dəˈruːd/), is a Finnish DJ and record producer from Eura, Satakunta.

Darude is known worldwide for his anthemic trance style.  He is an electronic dance music producer, DJ and lives in Turku, Finland. He debuted in 1999 with the smash single Sandstorm (#1 hit in numerous charts around the world) and subsequent album Before the Storm.

Virtanen started his career as an amateur musician while in high school, making music using his PC's tracker software. <a href=""https://www.last.fm/music/Darude"">Read more on Last.fm</a>",
Kate Ryan,516874,6664205,"Kate Ryan (born Katrien Verbeeck on July 22, 1980) is a Belgian World Music Award winner. She began her singing career in 2001 and represented Belgium in the Eurovision Song Contest 2006 with ""Je t'adore"" coming in 12th place in the semi-final.

Ryan was born in the small village of Tessenderlo, Belgium. She grew up in a musical family, and had talent for music at a very early age. At eight years of age she had learned to play the piano and guitar. <a href=""https://www.last.fm/music/Kate+Ryan"">Read more on Last.fm</a>",Belgium
Boards of Canada,2038680,159198988,"Boards of Canada is an electronic music duo from Edinburgh, Scotland, UK, formed in 1985 and comprised of brothers Mike Sandison (born 1 June 1970) and Marcus Eoin (born 21 July 1971). They have released a number of works, most notably the studio albums Music Has the Right to Children (1998), Geogaddi (2002), and The Campfire Headphase (2005) on the pioneering electronic music label Warp. Their fourth album Tomorrow's Harvest was released in June 2013. <a href=""https://www.last.fm/music/Boards+of+Canada"">Read more on Last.fm</a>",
Club Des Belugas,265663,3978080,"Club des Belugas is one of the leading lounge & nujazz projects in Germany, perhaps in Europe. They combine Contemporary European Lounge & Nujazz Styles with Brazilian Beats and American Black Soul of the fifties, sixties and seventies, using their unique creativity and intensity.

Main members are Maxim Illion & Kitty the Bill, with such exquisite guests as the Californian Jazz Lady Brenda Boykin, trumpeter Reiner Winterschladen (Nighthawks), Swedish singer anna. <a href=""https://www.last.fm/music/Club+Des+Belugas"">Read more on Last.fm</a>",Brazil
Jon Kennedy,460477,6123361,"Jon Kennedy’s music came to light when he was twenty four and Mr Scruff played his track ‘Tell Me How You Feel’ on the Unfold radio show in Brighton, Tru Thoughts snapped him up straight away. He released three 12” and in 2000 his debut album ‘We’re Just Waiting For You Now’ came out. Two years later he was snapped up by Grand Central. This time Aim, who was a fan of Jon’s ‘Chocolate And Cheese’ track approached him to remix ‘The Girl Who Fell Through The Ice’. <a href=""https://www.last.fm/music/Jon+Kennedy"">Read more on Last.fm</a>",
Nathaniel Merriweather,107336,956831,"see-Lovage <a href=""https://www.last.fm/music/+noredirect/Nathaniel+Merriweather"">Read more on Last.fm</a>",
Variety Lab,167119,821025,"There is no mad scientist in Variety Lab, nor any docile lab assistant. House music, made of hints at French variety music, bordering on lounge music, crafted both for dancing and calm listening to.

Thierry Bellia (programming and machines), the research director, gathered three musicians officiating, in vitro and in vivo, as brilliant live performers. Jérôme Didelot (bass), Alexandre Longo (keyboards) and Jacques Tellitocci (percussions and vibraphone) would certainly not have borne the white walls of a lab. <a href=""https://www.last.fm/music/Variety+Lab"">Read more on Last.fm</a>",France
Archive,812774,38486515,"Archive is a music-collective, originating from London, UK, but based in Paris, France for many years where they enjoy a much bigger following. They are signed to Warner Music France. 

Archive was formed by Londoners Darius Keeler and Danny Griffiths in 1994 and began as an electronica project. At the beginning, they mixed Bristol-style, Massive Attack, Portishead with Rap. The first album of the band, Londinium released in 1996 (with Roya Arab and Rosko John as guest vocalists). <a href=""https://www.last.fm/music/Archive"">Read more on Last.fm</a>",
Scooter,1086919,31424026,"Scooter refers to two distinct musical groups sharing the same name:

1) Scooter is a German electronic music band founded in Hamburg in 1993. The group is known for its contributions to genres such as happy hardcore, rave, and techno. Over the course of its career, the band has sold more than 30 million records and received over 80 gold and platinum awards. It is regarded as one of the most commercially successful German acts in terms of single releases, with 23 songs reaching the top ten charts. <a href=""https://www.last.fm/music/Scooter"">Read more on Last.fm</a>",Germany
C21,17853,158746,"Danish boyband C21 were very popular in Denmark and Asia (especially Thailand). Their first single, Stuck In My Heart, was a big success.

C21 released two albums, C21 and Listen.

Soon after the release of Listen Esben Duus left the band. Søren Bregendal and David Pepke became a two-piece band, having less success than at the beginning of C21.

The group split up late 2005.

Søren's still successfull but now as an actor. <a href=""https://www.last.fm/music/C21"">Read more on Last.fm</a>",
Rouge Rouge,80346,470755,"Group formed by music composer Nicolas Errerà and the multidisciplinary Jean Croc, who are two French electro-music pioneers.

Musician and DJ Jean Croc, is a versatile artist. Participates in Radio casts in french station Radio Nova, collects rare vinyls from 60s and 70s, which are his inspirations to create Rouge Rouge's music.

Nicolas Errerà had previously been with two other groups: ""Grand Popo Football Club"" and ""Cravate Club"". Renowned Film <a href=""https://www.last.fm/music/Rouge+Rouge"">Read more on Last.fm</a>",France
Gigi D'Agostino,975118,14317355,"Luigino Celestino di Agostino (born 17 December 1967), known professionally as Gigi D'Agostino, is an Italian DJ and music producer. He began his career in 1986 as a DJ specialising in Italo disco. His most successful releases include ""Bla Bla Bla,"" ""Another Way,"" his cover of Nik Kershaw's ""The Riddle,"" ""La Passion,"" ""Super,"" and ""L'Amour Toujours,"" all released between 1999 and 2000. The melody of ""L'Amour Toujours"" was later used in the 2018 remix and mashup ""In My Mind."" <a href=""https://www.last.fm/music/Gigi+D%27Agostino"">Read more on Last.fm</a>",Italy
Chateau Flight,51152,204946,"This is an incorrect tag for Château Flight. If this non-artist appears in your charts, do last.fm and yourself a favor. Fix your artist tags.
 <a href=""https://www.last.fm/music/+noredirect/Chateau+Flight"">Read more on Last.fm</a>",
Sweet Trip,739290,38499747,"Sweet Trip was an American glitch pop and experimental rock band from San Francisco, California. The band consisted of Roberto Burgos and Valerie Cooper. Roberto met former band member Viet Le at a high school talent show sign up and the two went on to form the band in 1993. Past members include Valerie Cooper (guitar and vocals, 1993-2022), Viet Le (drums and bass, 1993-2000), Aaron Porter (bass, 1998-2009), and Rob Uytingco (drums, 2000-03). The band is known well for their fusion of shoegaze, idm, electronica, ambient and indie pop. <a href=""https://www.last.fm/music/Sweet+Trip"">Read more on Last.fm</a>",United States
Joachim Garraud,109956,577749,"Joachim Garraud (born in 1968 at Nantes) is a french DJ. Producer and remixer of David Guetta, Geyster, Paul Johnson, Deep Dish, David Bowie, OMD, Kylie Minogue, Mylene Farmer, Cassius, Belamour, Kid Vicious and Saffron Hill, he is an essential actor of the european House scene. He is also co-fondator of Gum Prod, Square Prod and Gum Records. 

One of his particularity who made his fame is to mix sound and video in same time in live with a Pioneer DVJX1 Professional DVD Turntable. <a href=""https://www.last.fm/music/Joachim+Garraud"">Read more on Last.fm</a>",France
Daft Punk,6106948,387903992,"Daft Punk was a multi Grammy Award-winning electronic music duo formed in 1993 in Paris, France, and separated in early 2021, consisting of French musicians Thomas Bangalter (born 3 January 1975) and Guy-Manuel de Homem-Christo (born 8 February 1974). The band is considered one of the most successful electronic music collaborations of all time, both in album sales and in critical acclaim. 

Daft Punk reached significant popularity in the late 90s house movement in France, along with other artists such as Air, Cassius, and Dimitri From Paris. <a href=""https://www.last.fm/music/Daft+Punk"">Read more on Last.fm</a>",France
Sora,88998,973600,"There are at least 9 bands/artists by the name ""Sora"":
  1 Sora (Takeshi Kurosawa) from Kyoto, Japan.
  2 Sora, a Polish hardcore-punk band.
  3 Sora, a Japanese emo quartet.
  4 Sora, from Porvoo, Finland.
  5 Sora (Andrea Hunt) from Calgery, Canada.
  6 SORA J-pop singer from South Korea, Seoul.
  7 SoRA, a female folk singer from Japan.
  8.Sora is a an dark ambient\post-punk from Belgium.
  9.Sora is a Canadian guitar player and rock vocalist. <a href=""https://www.last.fm/music/Sora"">Read more on Last.fm</a>",Canada
D'Sound,66325,845504,"D'Sound is a Norwegian pop band, formed in Oslo, Norway (1993).

The band members consider D'Sound as a modern band where all three of them play equal roles in fronting the band. D'Sound was formed in 1993 when Simone, Kim and Jonny had their first rehearsals in a damp Oslo basement. The band hit the Norwegian charts with the single ”Real Name”, topping both sales and radio charts.

Their debut album, ”Spice of Life”, was subsequently released at the beginning of 1997 <a href=""https://www.last.fm/music/D%27Sound"">Read more on Last.fm</a>",Norway
DJ Encore,128433,1217761,"Andreas Hemmeth, aka DJ Encore, first big break came in 2001, after signing a development deal with Sony ATV Music Publishing. One of his compositions was chosen as the official theme to the premiere version of reality show Big Brother Denmark, and within weeks the catchy theme was everywhere. The song “I See Right Through To You” was an instant mega hit, and Andreas soon signed with Universal Music.  He hooked up with co-writing partner Engelina, and created the act DJ Encore (feat. <a href=""https://www.last.fm/music/DJ+Encore"">Read more on Last.fm</a>",
Quantic,910919,15151733,"Quantic is an umbrella name for UK-born, Will Holland: acclaimed producer, musician and DJ for over 15 years evolving and involving styles like Funk & Jazz to Electronic & Folk music through to Latin, Reggae, Dub & Cumbia. Holland has released over ten full-length albums internationally through the label, Tru Thoughts, ...across six different projects ranging from his DJ/Producer/Remixer moniker that has packed dance floors from Bulgaria to Buenos Aires <a href=""https://www.last.fm/music/Quantic"">Read more on Last.fm</a>",
Soulsearcher,115963,582554,"Marc Pomeroy is one half of the world-renowned remix team ""Jazz-N-Groove Productions"" and co-owner of the critically acclaimed record label Soulfuric Recordings.  He also records under the monikers of ""Urban Blues Project"", ""Deepstar"" and ""Soulsearcher"", as well as remixing for everyone from Loleatta Holloway to Busta Rhymes to Sounds of Blackness.

Marc is originally from Gainesville, Florida, and has a colorful musical heritage.  Drawing on influences ranging from Steely Dan to MSFB, he is an accomplished producer, song writer and musician. <a href=""https://www.last.fm/music/Soulsearcher"">Read more on Last.fm</a>",
Ai-Ai Delas Alas,2001,9842,"Ai-Ai delas Alas is one of the Philippines' top stars, a comedienne and a recording artist. <a href=""https://www.last.fm/music/Ai-Ai+Delas+Alas"">Read more on Last.fm</a>",
Casino Versus Japan,387004,6984719,"Casino Versus Japan is the recording name for Erik Kowalski (born May 5, 1973), a United States-based electronic musician from Lexington, Kentucky by way of Milwaukee, Wisconsin, who produces intelligent dance music (IDM for short) with baroque melodies and distorted trip-hop beats. 

As a young boy in Wisconsin he recorded episodes of television series Miami Vice, sampling Jan Hammer's music, later collecting them, and playing them over the backdrop of other musical genres. <a href=""https://www.last.fm/music/Casino+Versus+Japan"">Read more on Last.fm</a>",
Gerardo Frisina,59797,455385,"A very keen music fan and record collector, Gerardo Frisina, together with the founders of Ishtar, Luciano Cantone and Davide Rosa, sketched the guidelines of the artistic evolution of this record company. His figure is of fundamental importance for Ishtar’s history and is a point of reference that the entire Italian jazz scene cannot disregard. His first contributions to Ishtar saw Gerardo in the role of producer. His very first project was “Neos” <a href=""https://www.last.fm/music/Gerardo+Frisina"">Read more on Last.fm</a>",Italy
Paul Oakenfold,923833,12105886,"Paul Oakenfold (born August 30, 1963 in Greenhithe, Kent, England) is a world famous DJ and producer, whose works have helped define the mainstream of trance.

Not only does Paul Oakenfold produce records, but he also mixes them. In 1987 he spent several months in Ibiza with a few friends and fell in love with dance club music. Oakenfold produced ""Happy Mondays' Pills 'n' Thrills and Bellyaches"" before producing for U2, Massive Attack, Simply Red and New Order (to name a few). <a href=""https://www.last.fm/music/Paul+Oakenfold"">Read more on Last.fm</a>",
Amp Fiddler,157795,1214102,"Joseph ""Amp"" Fiddler, originally a keyboardist from Detroit, is a funk and soul musician who has worked with Enchantment, the Dramatics, George Clinton, Moodyman, Jamiroquai, The Brand New Heavies, Fishbone and Maxwell.

Along with his brother, Budz, he realsed the album Mr Fiddler in 1990 on Elektra. His debut solo album Waltz of a Ghetto Fly was released in 2004.

The new album'Afro Strut' is the follow up to that record and a sign that his assured and open-minded approach to his own sound has engendered a stylistic leap forward <a href=""https://www.last.fm/music/Amp+Fiddler"">Read more on Last.fm</a>",
The Dining Rooms,300377,4887387,"The Dining Rooms is a band based in Milan, Italy which combines ambient, electronic music.

In autumn 2008 ""Other Ink"" is released - this is the remix version of ""Ink"" and remixers involved are The Cinematic Orchestra, Populous, Christian Prommer and Skwerl, among others. The remixes are coupled by a new version of Ink, recorded live at Teatro I during Promise (musical esistenzialista), and by ""Exit a New York"", featuring CharlElie Couture and originally released only for the French market. <a href=""https://www.last.fm/music/The+Dining+Rooms"">Read more on Last.fm</a>",France
Blue Foundation,1036820,16139169,"Blue Foundation is a Danish band founded in 2000 by producer and singer Tobias Wilner. The band is based in Prospect Heights, Brooklyn. Since 2008, their line-up has consisted of Tobias Wilner (producer, multi-instrumentalist and vocalist) and Bo Rande (multi-instrumentalist). Best known for their songs ""Eyes on Fire"" from the Twilight Saga and ""Sweep"" from Michael Mann's Miami Vice. The music can be described as a mix of dream pop, electronica, shoegaze, and hip-hop.  <a href=""https://www.last.fm/music/Blue+Foundation"">Read more on Last.fm</a>",
DJ Sammy,594221,4804494,"There are more artists called DJ Sammy.

1.
He’s one of Spain’s most popular DJ/Producer, and he goes by the name of DJ Sammy, a veteran of electronic dance, with a degree in music technology and 20 years of hard work to prove it.

Sammy has spent years fine-tuning his music winning formula in the only way he knows how, by jet-setting around the globe and feeling the vibe at some of the most prestigious venues in the world dispensing musical epiphanies wherever he plays. <a href=""https://www.last.fm/music/DJ+Sammy"">Read more on Last.fm</a>",
Praise Cats,75940,310452,"Shined On Me is a 2002 House song performed by Praise Cats featuring Andrea Love for the vocals. Behind the band is Eric Miller, also known as E-Smoove, who composed and produced the track. <a href=""https://www.last.fm/music/Praise+Cats"">Read more on Last.fm</a>",
ATB,1342087,34993891,"André Tanneberger aka ATB (born February 26, 1973 in Freiberg, Saxony, Germany) is a DJ, musician, and producer of trance, ambient and progressive house music.

Among his most famous songs is “9pm (Till I Come)”, which topped the charts in the United Kingdom in 1998 and is widely regarded as the UK’s first Trance number one. The track features a guitar riff which became hugely popular. This guitar sound, which he accidentally found while experimenting with a new producing deck, became the trademark of his early hits. <a href=""https://www.last.fm/music/ATB"">Read more on Last.fm</a>",
Georg Levin,47078,262910,"Berlin-based songwriter/producer/singer Georg Levin has set his own mark within the international electronic music scene right from his very first release ""When I'm With You"" in 2001.

Georg has been writing songs since his childhood, playing in various bands as a keyboarder and saxophone player as well as experimenting with primitive recording equipment. He studied Communications in the UK, had a few jobs in the TV and film business in London and <a href=""https://www.last.fm/music/Georg+Levin"">Read more on Last.fm</a>",
Vengaboys,1054796,10001885,"Vengaboys are a eurodance band that came to prominence in 1997. They were formed by Dutch DJ's Danski (Dennis van den Driesschen) and Delmundo (Wessel van Diepen), who toured Spanish beach parties in a bus. They formed in 1992 and gained four dancers during 1995-96. Some of their most successful singles include ""Uncle John from Jamaica"", ""We're Going to Ibiza"", ""Boom Boom Boom Boom"" and ""We Like to Party"". Like in Spanish, the V is pronounced with a soft B sound, as such- ""Bengaboys"", which could be translated as ""The 'Come on' Boys"". <a href=""https://www.last.fm/music/Vengaboys"">Read more on Last.fm</a>",Netherlands
Eiffel 65,1177045,10223493,"Eiffel 65 is an Italian eurodance group, formed by producers/composers Jeffrey Jey (also vocals), Maurizio Lobina and Gabry Ponte. All three members are from the city of Turin (Italy). The name of the group came from a random word generator that produced the word ""Eiffel"". The ""65"" was added as a mistake: part of a phone number scribbled on a demo by accident.

Their greatest worldwide success came with their first single ""Blue (Da Ba Dee)"" from their 1999 album Europop. <a href=""https://www.last.fm/music/Eiffel+65"">Read more on Last.fm</a>",Italy
Plaid,553995,13333180,"Plaid sit right at the very heart of global electronica. In fact there's a very real sense in which Ed Handley and Andy Turner are the perfect encapsulation of what the electronic music of their generation was all about. As Plaid and as two-thirds of The Black Dog, they were central to the Artificial Intelligence movement of the early-mid 1990s: alongside their WARP stablemates Autechre, The Aphex Twin, B12 and allies like Richie Hawtin, Speedy J <a href=""https://www.last.fm/music/Plaid"">Read more on Last.fm</a>",
Peaches,1006754,17543960,"Several artists/groups:

1) Merrill Nisker (born 1966 in Toronto), better known as Peaches, is an electroclash artist whose songs are mainly focused on sexuality

2) A swedish kids band formed by Tåve and Isabelle in 2000. Their music is sing-a-long disco/pop tunes. The band is now on hiatus.

3) An all-female group from New Zealand, active in the late 1990s, containing several members from the group When The Cat's Been Spayed.

4) Peaches Lavon known from Peaches & Bobo <a href=""https://www.last.fm/music/Peaches"">Read more on Last.fm</a>",
Schmoov!,18790,121918,"A group of Nottingham residents who met back in 1997 whilst playing in a funk band and decided that they wanted to combine the live performance aspect of a band with the sounds that house music incorporated. Their debut album 'While You Wait' was released in October 2001, around the time that they were supporting on Groove Armada's UK tour. They are probably best known for their single ""Destination"" on DiY Diversions and their remix of A Million Sons' ""Misty Blu"". <a href=""https://www.last.fm/music/Schmoov%21"">Read more on Last.fm</a>",
Andrew E.,30250,227263,"Andrew Espiritu (born July 30, 1967), better known as Andrew E., is a popular Filipino Rap Artist,[1] Record Producer, Dongalo Wreckords CEO, Fedex WSC Director, Dongalo Clothing President, and Movie actor. He is best known throughout the Philippines for 1990 debut hit single Humanap Ka Ng Panget. Won at the 2010 PMPC Star Awards for Music, the ""Rap Album Of The Year Award"" for his latest album ""CLUBZILLA"".Andrew E. also known as the KING OF PINOY RAP in the Philippines. <a href=""https://www.last.fm/music/Andrew+E."">Read more on Last.fm</a>",
Opto,16508,111540,"Opto are Carsten Nicolai (a.k.a Alva Noto) & Thomas Knak (a.k.a Opiate).

    Between Jan-April 2003 Carsten Nicolai (Alva Noto) and Thomas Knak ( Opiate) produced their 2nd Opto collaboration. The work was commisioned from Japan, and the music was to collide with a clothing line based on an ”in the woods” theme. As a direct request, the music had to work with a more organic, light and melodic feeling, compared to their first opto release (Opto files, Raster Noton, in 2001). <a href=""https://www.last.fm/music/Opto"">Read more on Last.fm</a>",
Wagon Christ,325671,3860957,"Wagon Christ is Luke Francis Vibert. Also known as Plug, Butler Kiev, Ace of Clubs, Amen Andrews, Kerrier District. He is from Cornwall, UK.

After spending years working in the Our Price record store in Falmouth, his first release was in 1994 as Wagon Christ, he contributed the track 'gas fish' to the 'Volume 9' compilation.
 
Luke has put records out on Warp, Rephlex, Ninja Tune, Virgin/Astralwerks, Law & Auder, Rising High, Blue Planet/Blue Angel <a href=""https://www.last.fm/music/Wagon+Christ"">Read more on Last.fm</a>",
Pet Shop Boys,2232092,66290710,"Pet Shop Boys is a British synthpop/dance music duo, consisting of Neil Tennant and Chris Lowe and were formed in London, UK in 1981.

Post-modern ironists cloaked behind a veil of buoyantly melodic and lushly romantic synth pop confections, Pet Shop Boys offer wry yet strangely affecting cultural commentary communicated by the Morse code of synth washes and drum machine rhythms. After first emerging in the mid-'80s with ""West End Girls"" and ""Opportunities (Let's Make Lots of Money) <a href=""https://www.last.fm/music/Pet+Shop+Boys"">Read more on Last.fm</a>",United Kingdom
O-Zone,801790,6496280,"O-Zone was a pop group made up of Dan Bălan, Radu Sârbu (aka RadU), and Arsenie Toderaş (aka Arsenium). Originally from Moldova, the band launched in Romania. 

O-Zone first formed in 1998 by Bălan and Petru Jelihovschi, however Jelihovschi had not intended to make music his career and left after their first album, 1999's Dar, Unde Eşti ....

O-Zone is famous for the single Dragostea Din Tei, a notable summer hit which reached #1 in the singles charts of many countries during 2003 and 2004, and Number 3 in the United Kingdom. <a href=""https://www.last.fm/music/O-Zone"">Read more on Last.fm</a>",
Doctor Rockit,141109,915055,"Matthew Herbert is an electronic music producer known for breaking the boundaries and conventions of the genre. Since 1996 he has released music on a variety of record labels under many aliases including Doctor Rockit, Wishmountain, Radio Boy, Mr. Vertigo, Transformer, under his own name and with his Big Band. He has played at the Montreux and North Sea Jazz Festivals, Paris' Pompidou Centre, Tokyo's Blue Note, Sonar and Glastonbury, and supported Bjork at the Hollywood Bowl. <a href=""https://www.last.fm/music/Doctor+Rockit"">Read more on Last.fm</a>",
In-Grid,197985,1795461,"In-Grid is a name of at least two:

1) A pseudonym of Ingrid Alberini (b. 11 Sep 1973, Guastalla, RE, Italy), who is best known for her 2003 international club smash ""You Promised Me (Tu Es Foutu)"". The song was a big hit in Europe, Australia and in the United States, where it reached #1 on the Billboard Dance Top 40 chart in 2004 and was featured in the TV series ""Queer Eye For The Straight Guy"".

2) A Washington, D.C / Philadelphia punk duo (aka Ingrid) <a href=""https://www.last.fm/music/In-Grid"">Read more on Last.fm</a>",
Alcazar,304858,3080409,"Alcazar is a Eurodance / Pop group from Sweden consisting of Andreas Lundstedt, Therese Merkel (""Tess"") and Lina Hedlund. Former members Annika Kjærgaard and Magnus Carlsson left in 2005.

Alcazar have become one of Sweden's most popular and successful groups since their début single was released back in 1999. They have scored 13 top 40 hits in Sweden including 2 number ones and 8 top 10 hits.

Alcazar are also well known for their participation <a href=""https://www.last.fm/music/Alcazar"">Read more on Last.fm</a>",
De-Phazz,646436,12381796,"De Phazz is a downtempo jazz ensemble integrating modern turntablism and elements of soul, Latin, trip hop and drum and bass into a lounge music sound. De Phazz is led by Pit Baumgartner, a German producer who changes his crew for every new album. Some of the more permanent members are Karl Frierson and Pat Appleton. Since the release of Detunized Gravity and Godsdog, De Phazz have appeared on the radar of listeners of equally innovative and sample-driven jazz by the likes of Amon Tobin and The Cinematic Orchestra. <a href=""https://www.last.fm/music/De-Phazz"">Read more on Last.fm</a>",Germany
Aim,474202,6274269,"Aim (real name Andy Turner) is a British musician, DJ and producer, who was born in Barrow-in-Furness, Cumbria. His father was a jazz drummer and instrument shop owner, and Turner followed in his fathers footsteps, also owning a music shop. It was here that he began to hone his skills on the decks, helping him to embark upon his musical career. Aim's sound is a blend of funky electronic music and hip hop beats, a sound which typified the Grand Central Records label. <a href=""https://www.last.fm/music/Aim"">Read more on Last.fm</a>",United Kingdom
Da Hool,226403,1232170,"Frank Tomiczek (born 30 December 1968), known professionally as Da Hool, is a German DJ and music producer. He began his career as a DJ in Bottrop, Germany, and by 1990 had established a reputation as a performer in the German electronic music scene.

His early productions include tracks such as ""B.O.T.T.R.O.P."", ""It's a Dream Song"", and ""Rave Nation"". In 1996, he released the track ""Meet Her at the Love Parade"", which was re-released in 1997 by the German label Kosmo Records. <a href=""https://www.last.fm/music/Da+Hool"">Read more on Last.fm</a>",Germany
Yonderboi,482175,7121020,"Laszlo Fogarasi Jr. (born September 14, 1980) known by his stage name Yonderboi, is a Hungarian composer, music producer and visual artist. He released three studio albums so far, which he considers to be a trilogy: Shallow and Profound, Splendid Isolation and Passive Control. Yonderboi’s music is difficult to pigeonhole because it is quite conceptual and combines a wide range of sources, plays around with various musical styles. Despite of these <a href=""https://www.last.fm/music/Yonderboi"">Read more on Last.fm</a>",
[re:jazz],71991,629861,"[re:jazz] is acoustic jazz with a special twist: the originals are electronic. That opens your ears, changes your listening habits and produces a certain déja vu. 
Since their debut album for INFRACom!'s 10th anniversary they achieved an excellent reputation being one of the internationally most successful German jazz acts with more than 60.000 copies sold worldwide so far. Their second album Point of View was highly acclaimed by the press and followed by a successful clubtour and invitations to internationally renowned jazz festival. <a href=""https://www.last.fm/music/%5Bre:jazz%5D"">Read more on Last.fm</a>",Germany
Llorca,214928,1379720,"Ludovic Llorca est un compositeur de musique électronique français, né dans le nord de la France en 1974.
Ludovic Llorca est le fils d'une mère férue de musique, en particulier de musique noir-américaine comme le funk, la disco ou la soul et d'un père analyste-programmeur (métier peu répandu à cette époque). Ainsi, il est très tôt plongé dans l'univers de la musique, et il commence à appréhender la création musicale sur ordinateur (Commodore 64 et Amiga) <a href=""https://www.last.fm/music/Llorca"">Read more on Last.fm</a>",
Nina Simone,2882508,71824953,"Eunice Kathleen Waymon (21 February 1933 – 21 April 2003), better known by her stage name Nina Simone, was an American singer, pianist, arranger, and civil rights activist widely associated with jazz music. Simone aspired to become a classical pianist while working in a broad range of styles including classical, jazz, blues, soul, folk, rhythm and blues, gospel, and pop.

Simone was born Eunice Kathleen Waymon on 21st February 1933 in Tryon, North Carolina, USA, one of eight children. <a href=""https://www.last.fm/music/Nina+Simone"">Read more on Last.fm</a>",United States
Dizzee Rascal,1284387,25234995,"Dylan Mills, known professionally as Dizzee Rascal (born September 18th, 1984), is a grime solo artist, formerly a Roll Deep crew member, who emerged from the UK Garage music scene. His music was a blend of garage MCing, conventional rap, grime and ragga, with some more eclectic samples.

Dizzee began MCing on pirate radio and at raves at fifteen, but since his mainstream success he has distanced himself from the fledgling scene. Rascal grew up in the East End of London in south Bow in a council estate <a href=""https://www.last.fm/music/Dizzee+Rascal"">Read more on Last.fm</a>",
Scatman John,626202,4907903,"John Paul Larkin (born March 13, 1942 in El Monte, California; died December 3, 1999 in Los Angeles), known as Scatman John, was a famous stutterer who invented a unique fusion of scat singing and disco. As he liked to say, this was a process of ""turning my biggest problem into my biggest asset.""

Scatman John has received 14 golds and 18 platinums for his albums and singles. He was also the recipient of the Annie Glenn Award for his outstanding service to the stuttering community <a href=""https://www.last.fm/music/Scatman+John"">Read more on Last.fm</a>",
Telefon Tel Aviv,419935,10490499,"Telefon Tel Aviv is a Los Angeles-based group formed in 1999 by Josh Eustis and the late Charlie Cooper, originally based in New Orleans, and then Chicago before Cooper's death.  The two met in high school, but did not begin working on music together until after university studies. Since 1999, Josh and Charlie had been working to cultivate their sound, based largely in electronic music, but that also showed flourishes of classical, vintage soul, ambient drone, and noise, among other things. <a href=""https://www.last.fm/music/Telefon+Tel+Aviv"">Read more on Last.fm</a>",
Paul van Dyk,892714,14252965,"Matthias Paul (born 16 December 1971 in Eisenhüttenstadt, Bezirk Frankfurt, East Germany known professionally as Paul van Dyk is a German DJ, record producer and musician.  His fifth original album In Between was released August 2007 and features collaborations with David Byrne and Jessica Sutta.

PvD is renowned as one of the hardest working artists, with sold-out tours that cross each continent, headline spots at every major festival, and a hugely successful recording career. <a href=""https://www.last.fm/music/Paul+van+Dyk"">Read more on Last.fm</a>",Germany
Marilyn Manson,3108306,192782063,"Marilyn Manson is an American rock band formed in Fort Lauderdale, Florida, in 1989 by vocalist Marilyn Manson and guitarist Daisy Berkowitz. Initially performing under the name Marilyn Manson & the Spooky Kids, the group gained a local following in South Florida during the early 1990s through their theatrical and provocative live performances. In 1993, they became the first act signed to Trent Reznor’s Nothing Records label. Until 1996, each band <a href=""https://www.last.fm/music/Marilyn+Manson"">Read more on Last.fm</a>",United States
Patricio Rey y sus Redonditos de Ricota,98653,10286980,"Patricio Rey y sus Redonditos de Ricota was a rock band originally from La Plata, Argentina in 1976. Their tours in the 1980s, 1990s and 2000s drew a cult-like following that mirrored Grateful Dead frenzy in the United States. 

The band's strength lies in the semantic power of its lyrics, which discuss different topics such as politics, drugs and women, but always from a philosophical and existential point of view. The band represented a counter-cultural paradigm, reinforced and supported by its truly independent production nature.  <a href=""https://www.last.fm/music/Patricio+Rey+y+sus+Redonditos+de+Ricota"">Read more on Last.fm</a>",
Hombres G,493105,9600712,"Spanish pop/rock foursome Hombres G was formed by ex-los Residuos guitarist Daniel Mezquita, drummer Javier Molina, and singer/bassist David Summers, soon joined by guitarist Rafael Gutierrez. The band's name was based on an American movie called G-Men. Hombres G made its live debut at Madrid's Rockola, recording a demo called Milagro En El Congo in 1984. They soon signed up to the independent label Twins to make their debut album, featuring a catchy song called ""Devuelveme A Mi Chica,"" which became their first hit. <a href=""https://www.last.fm/music/Hombres+G"">Read more on Last.fm</a>",United States
Airbag,170445,7705481,"There are  at least 9 bands with the same name:

1. Airbag,  from Norway
2. Airbag, from Spain
3. Airbag, from Argentina
4. Airbag, from South Korea.
5. Airbag, from Bulgaria
6. Airbag, from the Netherlands
7. Airbag, from China
8. Airbag, from Japan
9. Airbag, from Czech Republic

1 .Airbag is a five member progressive rock group from Norway. The line up (from 2010) is Anders Hovdan - Bass, Asle Tostrup - Vocals, guitar, Bjørn Riis - Guitar, vocals, Henrik Fossum - Drums and Jørgen Hagen - Keyboards. <a href=""https://www.last.fm/music/Airbag"">Read more on Last.fm</a>",
Thousand Foot Krutch,1138544,37218183,"Thousand Foot Krutch (often abbreviated TFK) is a Canadian Christian rock band from Peterborough, Ontario, Canada. They made their debut in 1995 when Trevor McNevan, Joel Bruyere, and Steve Augustine started putting a praise & worship spin on the nu-metal sound of the time. After building a buzz around Ontario with numerous shows and a strong demo titled That's What People Do, Thousand Foot Krutch signed with Diamante and issued their debut LP, Set It Off, in 2000. <a href=""https://www.last.fm/music/Thousand+Foot+Krutch"">Read more on Last.fm</a>",Canada
Three Days Grace,3710774,172257837,"Three Days Grace is a Canadian rock band, formed under the name Groundswell in Norwood, Ontario, Canada in 1992. After a breakup in 1995, the band reformed in 1997 under its current name and with a line-up consisting of guitarist and lead vocalist Adam Gontier, drummer and backing vocalist Neil Sanderson, and bassist Brad Walst. In 2003, Barry Stock was recruited as the band's lead guitarist. The band has released seven studio albums, with a record fourteen #1 hits on Mainstream Rock. <a href=""https://www.last.fm/music/Three+Days+Grace"">Read more on Last.fm</a>",Canada
Modest Mouse,3338417,198122770,"Modest Mouse is an American alternative rock band which formed in 1993 in Issaquah, Washington, United States. The band's original lineup consisted of guitarist Isaac Brock, drummer Jeremiah Green and bassist Eric Judy. Since being signed to Sony's Epic Records in 2000, Modest Mouse has attained significant popular success with songs such as ""Float On"" and ""Dashboard.""

The band's current configuration is Isaac Brock (vocals, guitar), Tom Peloso (strings, horns, bass, keyboards), Jim Fairchild (guitar), and Eric Judy (bass)). <a href=""https://www.last.fm/music/Modest+Mouse"">Read more on Last.fm</a>",United States
The The,679853,10427433,"The The are an English post-punk band. They have been active in various forms since 1979, with singer-songwriter Matt Johnson being the only constant band member. The The achieved critical acclaim and commercial success in the UK, with 15 chart singles (seven reaching the top 40), and their most successful album, Infected (1986), spent 30 weeks on the chart. They followed this with the top ten albums Mind Bomb (1989) and Dusk (1993).

Early years (1977–1981) <a href=""https://www.last.fm/music/The+The"">Read more on Last.fm</a>",
Os Paralamas Do Sucesso,478170,12542860,"Three young guys who had in common their love for rock, reggae and ska - Herbert Vianna, Bi Ribeiro and João Barone - formed the group Paralamas at the beginning of the 80’s inspired by the sonority of groups as The Police, The Beat and The Specials, that used to recycle the rhythms created in Jamaica. 

Stimulated by the talent and the interest in the rising phenomenon of the Brazilian Rock, soon they had recorded their first LP “Cinema Mudo” <a href=""https://www.last.fm/music/Os+Paralamas+Do+Sucesso"">Read more on Last.fm</a>",Brazil
Velvet Revolver,1155293,20375976,"Velvet Revolver was an American hard rock supergroup consisting of Guns N'Roses members Slash (lead guitar), Duff McKagan (bass, backing vocals) and Matt Sorum (drums, backing vocals), alongside Dave Kushner (rhythm guitar) formerly of punk band Wasted Youth, and Scott Weiland (lead vocalist) formerly of Stone Temple Pilots. The band formed in 2002 and was active until 2008, when Weiland left the band abruptly to rejoin Stone Temple Pilots.

In 2004, the band achieved commercial success with their debut album, Contraband. <a href=""https://www.last.fm/music/Velvet+Revolver"">Read more on Last.fm</a>",United States
Ozzy Osbourne,3003780,90643775,"Ozzy Osbourne (born John Michael Osbourne in Marston Green, Warwickshire, on 3 December 1948; died 22 July 2025) was an English singer, songwriter, and media personality remembered as the lead vocalist of the heavy metal band Black Sabbath, during which period he adopted the nickname ""Prince of Darkness"". On 5 July 2025, Osbourne performed his final show at the ""Back to the Beginning"" concert event. 

He was inducted into the Rock and Roll Hall of Fame as a member of Black Sabbath in 2006 and as a solo artist in 2024. <a href=""https://www.last.fm/music/Ozzy+Osbourne"">Read more on Last.fm</a>",
Embrace,663132,8808046,"Embrace is the name of more than one artist:
1) an alternative rock band from Brighouse, West Yorkshire, England
2) a short-lived post-hardcore band from Washington, D.C., USA
3) a collaboration between dutch trance producers Ferry Corsten and Raz Nitzan
4) a Gothic Metal band from Toronto, Canada

1) Embrace is a five-piece alternative rock band from Brighouse, West Yorkshire, England, consisting of brothers Danny McNamara (singer) and Richard McNamara (guitarist) as well as Steve Firth (bassist) <a href=""https://www.last.fm/music/Embrace"">Read more on Last.fm</a>",Netherlands
Bushido,262008,15248031,"There is more than one artist with this name: a German rapper, a Latin pop act, a post-punk band and a prog rock band from Australia.

1) German rapper Anis Ferchichi who was born on September 28, 1978 in Bonn. His rap is strongly influenced by French Gangsta Rap. He is also known as Sonny Black.
Early Life:
Bushido has a Tunisian father and a German mother. However, he was raised in Berlin by his mother and never got to know his father.

Musical Career: <a href=""https://www.last.fm/music/Bushido"">Read more on Last.fm</a>",France
Divididos,129785,3756470,"Divididos (""Divided"") is a rock band from Argentina with a significant place in the history of Argentine rock. Formed in 1988 after the death of Luca Prodan and the consequent dissolution of Sumo, Ricardo Mollo (vocals, guitar) and Diego Arnedo (bass guitar) joined drummer Gustavo Collado to form a band named ""La División"" (The Division), which would be later called ""Divididos"". (Another band emerged from the ashes of Sumo: Las Pelotas.)

La Aplanadora del Rock is known for mixing rock with Argentine folk music, and hard-to-get lyrics. <a href=""https://www.last.fm/music/Divididos"">Read more on Last.fm</a>",
Queens of the Stone Age,3623476,244886720,"Queens of the Stone Age is a rock band from Palm Desert, California, United States. The band is frequently labeled stoner rock, although they reject the label. They developed a style of riff-oriented, heavy music which the band's founder and mastermind Josh Homme described as ""robot rock"", saying that he ""wanted to create a heavy sound based on a solid jam, just pound it into your head"". Since then, their sound has evolved to incorporate a variety of different styles and influences. <a href=""https://www.last.fm/music/Queens+of+the+Stone+Age"">Read more on Last.fm</a>",
Indio Solari,28009,1299564,"Indio Solari (born Carlos Solari, c. 1949) is an Argentine singer and musician. He was leader of Patricio Rey y sus Redonditos de Ricota between 1976 and 2002. He got separated from Redondos and then started his first solo work in 2004 called El Tesoro de los Inocentes (Bingo Fuel)), together with his backing band Los Fundamentalistas del Aire Acondicionado. In 2007 he released his second solo album Porco Rex.  <a href=""https://www.last.fm/music/Indio+Solari"">Read more on Last.fm</a>",
La Vela Puerca,139843,4257844,"La Vela Puerca is ""Uruguay's most famous ska-rock-band"". It was founded 1995 in Montevideo.

Its founders were Sebastián Teysera (lead vocals, frontman and main songwriter), Nicolás Lieutier (bass guitar) and Santiago Butler (guitar) - all three are still part of the band today. The band's first appearance as La Vela Puerca was in a montevidean street party in December 24, 1995. By then, several new members had already joined in. In 1996, frontman Sebastián Teysera presented a demo tape to a band contest. <a href=""https://www.last.fm/music/La+Vela+Puerca"">Read more on Last.fm</a>",
A Perfect Circle,2146828,111049054,"A Perfect Circle is an American alternative rock band formed in Los Angeles, California in 1999 by guitarist Billy Howerdel and Tool vocalist Maynard James Keenan. A Perfect Circle has released four studio albums, the first three during the early 2000s: Mer de Noms, their debut album in 2000, and followed up by Thirteenth Step in 2003; then in 2004, Emotive—an album of radically re-worked cover songs. Shortly after Emotive's release, the band went on hiatus; Keenan returned to Tool and started up solo work under the band name Puscifer <a href=""https://www.last.fm/music/A+Perfect+Circle"">Read more on Last.fm</a>",United States
Silver Mt. Zion,186773,3229690,"A Silver Mt. Zion is a band formed in 1999, in Montreal, Canada, by Godspeed You! Black Emperor musicians Efrim Menuck, Sophie Trudeau and Thierry Amar. According to an interview with VPRO Radio in The Netherlands, originally the project was for Efrim to learn how to score music, but the idea was soon abandoned as Efrim decided that he preferred music not to be defined by rules, preferring simply what sounds best. Despite this, he continued the project <a href=""https://www.last.fm/music/+noredirect/Silver+Mt.+Zion"">Read more on Last.fm</a>",
Nirvana,7280628,549762503,"There are multiple artists tracked as ""Nirvana"" on Last.fm. Following are six, listed in order of prominence:

1) Nirvana was a popular and highly influential American grunge band. The band formed in Aberdeen, Washington in 1987, and it was part of the Seattle grunge scene of the late 80s, alongside bands like Pearl Jam, Alice in Chains and Soundgarden. As their popularity rose, alternative rock became a dominant genre on American and Canadian radio and music television during the early-to-mid '90s. <a href=""https://www.last.fm/music/Nirvana"">Read more on Last.fm</a>",Canada
Alfredo Pardo- Spanish Pop,1667,6491,biografia no encontrada,
Benito Kamelas,16777,360067,"The spanish rock group BENITO KAMELAS se caracteriza por hacer un Rock fresco, cotidiano y divertido pero lo mejor es su puesta en escena. En Diciembre de 1997 graban un Cd con seis cortes (QUE MÁS DA)y empiezan a moverlo sin ningún tipo de apoyo de ninguna compañía, promocionandolo en directo por capitales como Teruel, Zaragoza, Córdoba, Tarragona, Castellón, y Alicante.
Asombrados por haber vendido 1.500 copias (mano en mano y algún garito) <a href=""https://www.last.fm/music/Benito+Kamelas"">Read more on Last.fm</a>",Spain
Soda Stereo,688011,46533412,"Soda Stereo was a rock power trio formed in Buenos Aires, Argentina in 1982. Consisting of guitarist and vocalist Gustavo Cerati, bassist Zeta Bosio and drummer Charly Alberti, the band established what would become the template for many other popular Spanish-speaking pop and rock music groups: Clever, often mysterious lyrics, pleasing musical arrangements and an elaborate and glamorous aesthetic image.

Though nominally thought of as a new wave or alternative rock group <a href=""https://www.last.fm/music/Soda+Stereo"">Read more on Last.fm</a>",
Mogwai,1673333,90836927,"Mogwai is a Scottish post-rock/instrumental band from Glasgow formed in 1995. 
They compose lengthy, mostly instrumental guitar-based pieces in the style of post-rock, usually focused around the elaboration of a single theme, and are known traditionally for their quiet/loud dynamic, defined bass riffs, and an eminent ambient sound, sometimes dark and sometimes grand. Although frequently referred to as post-rock, the band have revealed in interviews that they despise this categorization <a href=""https://www.last.fm/music/Mogwai"">Read more on Last.fm</a>",
HALCALI,291522,6302179,"HALCALI is a Japanese rap-pop duo from Tokyo's Meguro district. Its two members, Haruka (Halca) and Yukari (Yucali) also comprise the group's name; a concatenation of ""Haru"" and ""kari"". Haruka, born April 21, 1988 and Yukari, born July 18, 1987 originally met as finalists at a hip-hop audition held in a local school in the Meguro district, where both were born. 

At their inception, the girls were produced by Oshare Track Factory (OTF) comprised of producing artists Rip Slyme <a href=""https://www.last.fm/music/HALCALI"">Read more on Last.fm</a>",Japan
Breaking Benjamin,2796506,129779018,"Breaking Benjamin is an alternative metal band Formed in Wilkes-Barre, Pennsylvania, USA in 1998 by vocalist Benjamin Burnley and drummer Jeremy Hummel, Breaking Benjamin quickly garnered a strong local following. 

1st Studio Album (2002) - Saturate
The band signed to Hollywood Records in 2001 after the success of an independently-released, self-titled EP, which sold all 2,000 copies that were manufactured. Hollywood Records released their full-length, major-label debut, Saturate, on August 27, 2002. <a href=""https://www.last.fm/music/Breaking+Benjamin"">Read more on Last.fm</a>",
The Smashing Pumpkins,4372936,241159678,"The Smashing Pumpkins is an American alternative rock band from Chicago. The band was formed in 1988 by Billy Corgan and James Iha, with bassist D'arcy Wretzky  and drummer Jimmy Chamberlin joining shortly after. Despite going through many lineup changes, the current lineup is identical to the original, with the exception of Wretzky, who would end up leaving the band just before their initial breakup in 2000.

Disavowing the punk rock roots of many of their alt-rock contemporaries <a href=""https://www.last.fm/music/The+Smashing+Pumpkins"">Read more on Last.fm</a>",United States
Mark Knopfler,820691,24109823,"Mark Freuder Knopfler, OBE (born 12 August 1949) is a British singer, guitarist, composer, songwriter, record producer, and film score composer. He was the lead guitarist, lead singer, and songwriter for the rock band Dire Straits, which he co-founded with his younger brother, David Knopfler, in 1977. He was born in Glasgow but raised near Newcastle upon Tyne, England.

Since Dire Straits disbanded in 1995, Knopfler has recorded and produced nine solo albums and, as with his previous band, produced many hit songs. <a href=""https://www.last.fm/music/Mark+Knopfler"">Read more on Last.fm</a>",United Kingdom
O'Funk'illo,39154,635346,"O'funkillo es un grupo musical sevillano de funky (""Funky andaluz embrutessío"" según los propios miembros del grupo). Su nombre proviene de mezclar la expresión sevillana ""ojú killo"" con el funk, principal estilo de la banda. Aparte del funk, O'funk'illo cuenta con una gran variedad de estilos en sus composiciones, desde el metal al flamenco, pasando por el reggae.

Los comienzos de O'funk'illo se remontan al año 1997, cuando actuaban bajo el nombre de Motherfunkers, principalmente haciendo versiones. <a href=""https://www.last.fm/music/O%27Funk%27illo"">Read more on Last.fm</a>",
La Mosca,75029,456367,"Si bien la formación actual del grupo se consolida en marzo de 1995, la historia de la banda se remonta a comienzos de los noventa con ""La Reggae & Roll Band"", quienes hacían covers y algunos temas propios en la zona de Ramallo. Simultáneamente existían otras bandas entre las que se destacaba ""Damas gratis"" liderada por Guillermo Novellis.
Tras la disolución de ""Damas gratis"", Fernando Castro, que era el baterista y uno de los fundadores (de La Reggae)  <a href=""https://www.last.fm/music/+noredirect/La+Mosca"">Read more on Last.fm</a>",
Rage Against the Machine,4144297,157574860,"Rage Against the Machine was an American rock band from Los Angeles, California. Formed in 1991, the group consisted of vocalist Zack de la Rocha, bassist and backing vocalist Tim Commerford, guitarist Tom Morello, and drummer Brad Wilk. Their songs express revolutionary left-wing political views. As of 2010, they had sold over 16 million records worldwide. In 2023, the band was inducted into the Rock and Roll Hall of Fame.

Rage Against the Machine released its eponymous debut album in 1992 to commercial and critical success <a href=""https://www.last.fm/music/Rage+Against+the+Machine"">Read more on Last.fm</a>",United States
The Rolling Stones,5668767,264301481,"The Rolling Stones is an English rock band formed in London in 1962. Active for six decades, they are one of the most popular and enduring bands of the rock era. In the early 1960s, the Rolling Stones pioneered the gritty, rhythmically driven sound that came to define hard rock. Their first stable line-up consisted of vocalist Mick Jagger, multi-instrumentalist Brian Jones, guitarist Keith Richards, bassist Bill Wyman, and drummer Charlie Watts. During their formative years <a href=""https://www.last.fm/music/The+Rolling+Stones"">Read more on Last.fm</a>",
Tool,2515538,218558214,"Tool is an American alternative metal/progressive metal band from Los Angeles. Formed in 1990, the group's line-up includes vocalist Maynard James Keenan, guitarist Adam Jones and drummer Danny Carey. Justin Chancellor has been the band's bassist since 1995, replacing their original bassist Paul D'Amour. Tool has won four Grammy Awards, performed worldwide tours, and produced albums topping the charts in several countries.

To date, the band has released five studio albums, one EP and one box set. <a href=""https://www.last.fm/music/Tool"">Read more on Last.fm</a>",United States
Vilma Palma E Vampiros,166727,2181999,"Vilma Palma e Vampiros is a rock band from Rosario, Argentina, formed during 1991. 

Oficial Website
http://www.vilmapalma.com
http://twitter.com/#!/VilmaPalma
http://www.facebook.com/vilmapalmaevampiros <a href=""https://www.last.fm/music/Vilma+Palma+E+Vampiros"">Read more on Last.fm</a>",
Oasis,5677135,307935811,"Oasis is an English alternative rock band formed in Manchester in 1991. Originally known as the Rain, the group initially consisted of Liam Gallagher (lead vocals, tambourine), Paul Arthurs (guitar), Paul McGuigan (bass guitar) and Tony McCarroll (drums). Liam's older brother Noel (lead guitar, vocals) later joined as a fifth member, finalising the group's core lineup. During the course of their existence, they had various lineup changes, with the Gallagher brothers remaining the only staple members. <a href=""https://www.last.fm/music/Oasis"">Read more on Last.fm</a>",
P.O.D.,1744317,38332848,"Payable on Death (abbreviated as P.O.D.) is an American nu metal band from San Diego, California, formed in 1992. The band's line-up consists of vocalist Sonny Sandoval, drummer Wuv Bernardo, guitarist Marcos Curiel, and bassist Traa Daniels. They have released six major label studio albums along with two independent albums and have sold over 12 million records worldwide. Over the course of their career, the band have also received three Grammy Award nominations, contributed to numerous motion picture soundtracks and toured internationally. <a href=""https://www.last.fm/music/P.O.D."">Read more on Last.fm</a>",United States
Explosions in the Sky,1442568,75485831,"Explosions In The Sky is an American instrumental  post-rock band, which formed in Austin, Texas in 1999. Munaf Rayani, Mark Smith, and Michael James had just moved to Austin from Midland, Texas, and drummer Chris Hrasky had just moved to Austin from Rockford, Illinois.

The band quickly gained a reputation for their live shows even amongst other established local bands such as Lift To Experience.  They also garnered a small amount of media attention as a result of their second album Those Who Tell the Truth Shall Die <a href=""https://www.last.fm/music/Explosions+in+the+Sky"">Read more on Last.fm</a>",United States
Interpol,3124940,196319850,"Interpol is an American post-punk band formed in Manhattan, New York, in 1997. They played an important part in the post-punk revival of the 2000s. The band consists of Paul Banks (vocals and guitar), Sam Fogarino (drums), and Daniel Kessler (guitar and backing vocals).

The band's sound is generally a mix of staccato bass and rhythmic, harmonized guitar, with a snare heavy mix, drawing comparisons to post-punk bands such as Joy Division and The Chameleons. <a href=""https://www.last.fm/music/Interpol"">Read more on Last.fm</a>",United States
Café Tacvba,385948,13445853,"Café Tacvba is a band from the Lomas de Sotelo neighborhood in Mexico City, Mexico.

Their musical style covers a wide variety of genres, though it is most commonly labeled as Rock en Español. Their music has been heavily influenced by Mexico's indigenous population and folk music traditions, most notable the Jarocho style of the state of Veracruz, but also by punk and electronic music and other bands in the Mexico City scene. Perhaps the most distinctive feature of their music is Albarrán's nasal voice <a href=""https://www.last.fm/music/+noredirect/Caf%C3%A9+Tacvba"">Read more on Last.fm</a>",
Puddle of Mudd,1659840,25854009,"Puddle of Mudd is an American rock band. They achieved success on rock radio and some success in the mainstream, and their major-label debut Come Clean has sold over 5 million copies. To date the band has sold over 7 million albums, and have had a string of #1 mainstream rock singles in the United States. The original incarnation of this band was formed in 1992 in Kansas City, Missouri. In their hometown, they released their debut album ""Stuck"" in 1993, followed by ""Abrasive"" in 1996, to little commercial success. <a href=""https://www.last.fm/music/Puddle+of+Mudd"">Read more on Last.fm</a>",United States
Weezer,5186966,275154586,"Weezer is an American alternative rock band. Formed in 1992, they have released 15 full length albums, 1 cover album, six EPs, and a DVD. Their latest album, titled 'Van Weezer', came out on May 7th, 2021, Although, they released 4 EPs in 2022, known as SZNZ. They've sold over ten million records in the United States to date, and 35 million worldwide. They play music influenced by alternative bands and power pop artists among others.

Weezer started in Los Angeles <a href=""https://www.last.fm/music/Weezer"">Read more on Last.fm</a>",United States
Los Enanitos Verdes,418486,10382898,"The band started in 1984, with Marciano Cantero (bass guitar, keyboards and vocals), Felipe Staiti (guitar) and Daniel Piccolo drums. That same year, they performed throughout the Cuyo region. Later they traveled to Buenos Aires to record a demo, with unusable results that were never released. In spite of this failure, they continued doing shows in Mendoza and in Buenos Aires.

In 1984 the band added two new members: Sergio Embroni (guitar and vocals) and Tito Dávila (keyboard). <a href=""https://www.last.fm/music/+noredirect/Los+Enanitos+Verdes"">Read more on Last.fm</a>",
Air Supply,931398,11724929,"Air Supply is an Australian soft rock duo, consisting of Graham Russell as guitarist and singer-songwriter and Russell Hitchcock as lead vocalist. They had a succession of hits worldwide, including eight Top Ten hits in the United States, in the early 1980s. They formed in Melbourne, Australia in 1975 and have included various accompanying musicians and singers.

The two met in May 1975 while performing in the Australian production of the Andrew Lloyd Webber/Tim Rice musical, Jesus Christ Superstar. <a href=""https://www.last.fm/music/Air+Supply"">Read more on Last.fm</a>",Australia
Los Inhumanos,23515,126637,"Los Inhumanos is a pop band formed in 1980 in Valencia. Their concerts style was famous with a lot of funny hits, humoristical pop songs .
 <a href=""https://www.last.fm/music/Los+Inhumanos"">Read more on Last.fm</a>",
Titãs,465618,14149452,"Titãs is one of the most successful rock bands in Brazil, along with Legião Urbana, Os Paralamas do Sucesso and Barão Vermelho. The best known formation of the band was the one from the album ""Cabeça Dinossauro"" (Dinosaurhead): Nando Reis, Branco Mello, Marcelo Fromer, Arnaldo Antunes, Tony Bellotto, Paulo Miklos, Charles Gavin and Sérgio Britto. Out of these, only Mello, Bellotto, and Britto remain to this day.

History

* Formation and first works <a href=""https://www.last.fm/music/+noredirect/Tit%C3%A3s"">Read more on Last.fm</a>",
Jarabe de Palo,563054,9368286,"Jarabe de Palo (literally ""Wooden Stick Syrup"" or, after the Spanish expression ""dar un jarabe de palo"", i.e. a ""hell of a beating""), was a Spanish rock band founded in 1996. The group was led by singer, songwriter, and guitarist Pau Donés, whose death in 2020 caused the band to break up.

Pau Donés, born and raised in Barcelona, worked for various groups before being able to take on his current project, Jarabe de Palo. He began at age 15 with his brother Marc, with whom he formed a group known as J. <a href=""https://www.last.fm/music/Jarabe+de+Palo"">Read more on Last.fm</a>",Spain
Crossfade,1158940,18165860,"There are three bands with the name Crossfade.
1. An American post-grunge band
2. A Swedish pop rock band
3. An American technical death metal/new york hardcore band

1. Crossfade is an American rock band from Columbia, South Carolina. Their current members are Ed Sloan on lead vocals and guitar, Les Hall on Lead guitar, keyboard, and backing vocals, and Mitch James on backing vocals and bass. Since their formation in 1999 Crossfade has released two studio albums - their platinum selling self-titled debut album in 2004 <a href=""https://www.last.fm/music/Crossfade"">Read more on Last.fm</a>",United States
Juanes,1160763,20663936,"Juan Esteban Aristizábal Vásquez (born August 9, 1972), best known as Juanes, is a rock musician from Medellín, Colombia. When he was younger, his father started calling him Juanes, rather than Juan, a contraction of his two first names Juan and Esteban. As his friends grew to know him by this name, he chose to keep it for his musical career, which started when he, Andrés García, Fernando ""Toby"" Tobón and José David Lopera, formed the rock band Ekhymosis in 1988. <a href=""https://www.last.fm/music/Juanes"">Read more on Last.fm</a>",
The Cranberries,4514610,146603235,"The Cranberries was an Irish rock band formed in Limerick in 1989. The group consisted of lead vocalist and guitarist Dolores O’Riordan, guitarist Noel Hogan, bassist Mike Hogan, and drummer Fergal Lawler. O’Riordan joined the band in 1990, replacing founding member Niall Quinn, and the group’s name was shortened from The Cranberry Saw Us to The Cranberries following her arrival. Although primarily classified as an alternative rock band, their music incorporated elements of indie rock <a href=""https://www.last.fm/music/The+Cranberries"">Read more on Last.fm</a>",Ireland
Andrés Calamaro,436455,16240458,"Andres Calamaro is one of the most popular Argentinian pop-rock songwriters. A songs craftsman, as he likes to consider himself.

Born Aug 22, 1961 in Buenos Aires, Argentina, he began his professional musical career at the age of 17 playing keyboards in Raíces.
In 1981 he incorporated to one of the main bands of the Argentinean '80s rock scene: Los Abuelos de la Nada. Although the band was led by the brilliant Miguel Abuelo, Calamaro composed most of the band's hits <a href=""https://www.last.fm/music/+noredirect/Andr%C3%A9s+Calamaro"">Read more on Last.fm</a>",Argentina
Michael McDonald,428594,3778822,"Michael McDonald, born February 12, 1952, in St. Louis, Missouri, is an American R&B and soul singer known for his distinctive husky baritone voice, often described as ""blue-eyed soul."" During his early years, he played in several local bands while attending McCluer High School in Ferguson, Missouri. After performing with the group Blue, he moved to Los Angeles in 1970. He gained recognition as a backing vocalist and keyboardist for Steely Dan, contributing to their albums until the 1980 release of Gaucho. <a href=""https://www.last.fm/music/Michael+McDonald"">Read more on Last.fm</a>",United States
Papa Roach,3589491,123883122,"Papa Roach is an American rock band from Vacaville, California, formed in 1993. The original lineup consisted of lead vocalist Jacoby Shaddix, guitarist Jerry Horton, drummer Dave Buckner, bassist Will James, and trombonist Ben Luther.

After two EPs, James left and was replaced by Tobin Esperance. The band independently released two more EPs before signing with DreamWorks Records in 1999, subsequently releasing the triple-platinum Infest in 2000, the gold album Lovehatetragedy in 2002 and the platinum album Getting Away with Murder in 2004. <a href=""https://www.last.fm/music/Papa+Roach"">Read more on Last.fm</a>",United States
Dobie Gray,248113,1377615,"Dobie Gray (July 26, 1940 - December 6th 2011) was an African American singer and songwriter, whose musical career spanned soul, country, pop and musical theater. His hit records included ""The 'In' Crowd"" in 1965, and ""Drift Away"", which was one of the biggest hits of 1973, sold over one million copies, and remains a staple of radio airplay.

Gray was born near Houston, Texas, by his own account in Simonton although some sources suggest the nearby town of Brookshire. <a href=""https://www.last.fm/music/Dobie+Gray"">Read more on Last.fm</a>",United States
Bersuit Vergarabat,241717,5906359,"Bersuit Vergarabat, formed in 1989 in Buenos Aires, Argentina, is one of the most important Argentine rock bands of the 1990s/2000s.

After 2 albums of underground transgressive rock, the band started mixing it with Latin American rhythms such a cumbia, chacarera, candombe and cuartetazo. The lyrics, though, remained acid and critical of political and social problems.

The current line-up is: Gustavo Cordera (voice), Juan Subirá (keyboards and voice) <a href=""https://www.last.fm/music/Bersuit+Vergarabat"">Read more on Last.fm</a>",United States
Charlie Brown Jr.,719863,67338712,"Charlie Brown Jr. was a Brazilian alternative rock band from Santos, São Paulo. The group was popular with disadvantaged youth because of their relatable commentary about social issues and the frequent use of skate punk and hip hop slang in their songs. The band won two Latin Grammy Awards and was one of the most-popular Brazilian bands of the late 1990s to mid-2000s. <a href=""https://www.last.fm/music/Charlie+Brown+Jr."">Read more on Last.fm</a>",Brazil
Stone Sour,2024178,68225064,"Stone Sour was an American rock band formed in Des Moines, Iowa, in 1992. The band performed for five years before disbanding in 1997. They reunited in 2000 and since 2015, the group has consisted of Corey Taylor (lead vocals, guitar), Josh Rand (guitar), Christian Martucci (guitar), Johny Chow (bass) and Roy Mayorga (drums). Longtime members Joel Ekman (drums, percussion) and Shawn Economaki (bass guitar) left the band in 2006 and 2011, respectively. Former lead guitarist Jim Root left in 2014. <a href=""https://www.last.fm/music/Stone+Sour"">Read more on Last.fm</a>",United States
Elefante,223707,3212510,"There are several artists with the same or similar names:  1. Elefante from Uruguay, 2. Elefante from Mexico, 3. Elephante, an American DJ (redirected).

1) Elefante was one of Uruguay's leading rock bands in the 90's, formed in Montevideo. The original lineup consisted of STELLA MARIS (voice), BESTIA (guitar), HARRY (bass), CHONIUK (drums), and MANECO (guitar and samplers).
Elefante was one of the most significative bands from that decade, mixing hip-hop, nü-metal and electronica in their music. <a href=""https://www.last.fm/music/Elefante"">Read more on Last.fm</a>",United States
Santana,2747906,50601445,"Santana is a Latin music and rock band formed in San Francisco, California in 1966 by Mexican-American guitarist Carlos Santana. The band came to public attention with their performance of ""Soul Sacrifice"" at Woodstock in 1969. This exposure helped propel their first album, also named Santana, into a hit, followed in the next two years by Abraxas and Santana III. Lineup changes were common. Carlos Santana's increasing involvement with guru Sri Chinmoy took the band into more esoteric music, though it never lost its Latin influence. <a href=""https://www.last.fm/music/Santana"">Read more on Last.fm</a>",
The Black Keys,3236130,192909650,"The Black Keys are an alternative rock  group from Akron, Ohio, United States which formed in 2001, consisting of singer and guitarist Dan Auerbach and drummer Patrick Carney. The band name was inspired by a schizophrenic artist and friend in Akron, who used the term ""black keys"" to describe things he disliked or people he did not trust. The Black Keys have roots in traditional blues and psychedelic rock stylings.

They released their first album, The Big Come Up, in 2002, followed by Thickfreakness in 2003, and Rubber Factory in 2004. <a href=""https://www.last.fm/music/The+Black+Keys"">Read more on Last.fm</a>",
Porcupine Tree,1074149,107276095,"Porcupine Tree is a British progressive rock band formed in Hemel Hempstead, Hertfordshire, United Kingdom in 1987. During the course of the band's history, it has at times incorporated psychedelic rock, alternative, ambient, electronic, and, most recently, metal and post-rock into its unique style of progressive rock. Since 2010, mainstay Steven Wilson has concentrated on his solo work. On November 1st, 2021, the band announced a new album and tour in the formation Gavin Harrison, Steven Wilson, and Richard Barbieri (without Colin Edwin). <a href=""https://www.last.fm/music/Porcupine+Tree"">Read more on Last.fm</a>",United Kingdom
Pepper,510394,8477612,"New self-titled Pepper album drops Fall 2013!! 

Facebook www.facebook.com/pepperlive; Twitter www.twitter.com/pepperlive; Instagram www.instagram.com/pepperlive

Kaleo Wassman – Vocals/Guitar
Bret Bollinger – Vocals/Bass
Yesod Williams – Drums

“It’s the hardest thing we’ve ever done as a band to make this record,” says guitarist/vocalist Kaleo Wassman of Pepper, in speaking on the recording process of their new self-titled album. “It <a href=""https://www.last.fm/music/Pepper"">Read more on Last.fm</a>",
Train,3264145,55570696,"Train is an American pop rock band from San Francisco that was formed in 1993. Since 2024, the band consists of Pat Monahan (lead vocals), Taylor Locke (guitar, vocals), Hector Maldonado (bass, vocals), Jerry Becker (keyboards, guitar), and Matt Musty (drums).

With a lineup that included original members Monahan, Rob Hotchkiss, Jimmy Stafford, Scott Underwood, and Charlie Colin, the band achieved mainstream success with their debut album Train. The album was released in 1998 with the hit ""Meet Virginia"". <a href=""https://www.last.fm/music/Train"">Read more on Last.fm</a>",United States
CÓMPLICES,36677,237054,"There are 2 bands sharing the same name:
1.)  80's punk band from Spain
2.)  90's pop-rock band from Spain

2.)'Cómplices' es un grupo músical clásico de los 90 y del pop-rock español creado en 1987 por Teo Cardalda y su pareja Maria Monsonis.

Después de dejar su anterior anterior agrupación (Golpes Bajos), Teo se une a su pareja Maria Monsonis, Tino DiGeraldo y Billy Villegas y juntos forman el grupo Cómplices; su primer trabajo discográfico <a href=""https://www.last.fm/music/+noredirect/C%C3%93MPLICES"">Read more on Last.fm</a>",
Bruce Springsteen,3429814,143749500,"Bruce Frederick Joseph Springsteen (born September 23, 1949) is an American rock singer, songwriter, and guitarist. Nicknamed ""the Boss"", he has released 21 studio albums during a career spanning six decades, most of which feature his backing band, the E Street Band. Springsteen is a pioneer of heartland rock, a genre combining mainstream rock music with poetic and socially conscious lyrics that feature narratives primarily concerning working class American life. <a href=""https://www.last.fm/music/Bruce+Springsteen"">Read more on Last.fm</a>",United States
Callejeros,68338,2625410,"Formada en Villa Celina, Buenos Aires, Argentina, por Patricio Rogelio ""Pato"" Santos Fontanet en la voz, Maximiliano Djerfy en Coros y Guitarra, Elio Delgado en Guitarra, Juan Alberto Carbone en Saxo, Eduardo ""Cabeza"" Vasquez en Bateria y Christian ""Dios"" Torrejón en el Bajo quienes después de lanzar discos demos como Solo por hoy (1997), Callejeros (1998) y Adelantos (2000) grabaron oficialmente los discos Sed (2001), Presión (2003), Rocanroles sin destino (2004), Señales (2006) y Disco Escultura (2008). <a href=""https://www.last.fm/music/Callejeros"">Read more on Last.fm</a>",
Keane,3894417,113636947,"Keane is an English alternative rock band from East Sussex, formed in 1995. They met while at Tonbridge School together. The band currently comprises Tom Chaplin (lead vocals, electric/acoustic guitar), Tim Rice-Oxley (piano, synthesisers, bass guitar, backing vocals), Richard Hughes (drums, percussion, backing vocals), and Jesse Quin (bass guitar, acoustic/electric guitar, backing vocals). Their original line-up included founder and guitarist Dominic Scott, who left in 2001. <a href=""https://www.last.fm/music/Keane"">Read more on Last.fm</a>",
Zoé,450244,25821949,"There are, at least, three artists known as Zoé: 1) A Mexican rock band. 2) An aka of Zoë Pollock (also, aka Zoë). 3) A French-speaking variétés françaises singer.

1) A Mexican rock band, that's not not afraid of experimenting, with a modern sound, an eclectic style, some British influences & overall, their music's sophisticated without loss of rock energy. Their lyrics cover many subjects / feelings, with the same level of sophistication that their music shows, plus honesty. <a href=""https://www.last.fm/music/+noredirect/Zo%C3%A9"">Read more on Last.fm</a>",Mexico
The Hives,2064576,56581620,"The Hives is a rock band from Fagersta, Sweden, formed in 1993. They gained recognition in their home country during the 1990s and achieved international success in the early 2000s as part of the garage rock revival movement. The band's original lineup included vocalist Howlin' Pelle Almqvist, lead guitarist and backing vocalist Nicholaus Arson, rhythm guitarist and backing vocalist Vigilante Carlstroem, bassist Dr. Matt Destruction, and drummer Chris Dangerous. <a href=""https://www.last.fm/music/The+Hives"">Read more on Last.fm</a>",
La Ley,231509,3938462,"La Ley (Spanish for ""The Law"") was a Grammy Award and two-time Latin Grammy Award-winning Chilean pop rock band formed by Andrés Bobe and Rodrigo Aboitiz with Mauricio Claveria, Beto Cuevas and Luciano Rojas in Santiago, Chile.

They were originally formed in 1987, and was meant to be a techno/new rave band led by a female vocalist. The original vocalist of the band was Lucía ""Shia"" Arbulu, female singer that returned to her hometown, Spain, in 1988, shortly after the release of the first EP of the group, which was entitled La Luna. <a href=""https://www.last.fm/music/La+Ley"">Read more on Last.fm</a>",Chile
Al Stewart,458583,5111819,"Al Stewart (born in Glasgow, Scotland on 5 September 1945) is a British songwriter and musician. He is best known for his 1976 single Year of the Cat and its 1978 follow-up Time Passages (both produced by Alan Parsons). Stewart's inspiration for his songs primarily comes from the past; indeed, he is credited with creating his own genre, ""historical folk rock"". At one time in his life, Stewart took guitar lessons from King Crimson guitarist Robert Fripp. <a href=""https://www.last.fm/music/Al+Stewart"">Read more on Last.fm</a>",United Kingdom
Richard Ashcroft,668014,8618968,"Richard Ashcroft (born Richard Paul Ashcroft, on September 11, 1971, in Billinge, Wigan, England) is best known as the front man of The Verve, which he helped form in 1989.

After that band's demise in 1999, Ashcroft began his solo career, releasing Alone with Everybody in 2000, Human Conditions in 2002 and Keys to the World in 2006. He performed vocals for the track Lonely Soul on UNKLE's 1998 release Psyence Fiction and his voice can also be heard on the The Chemical Brothers' album Come With Us track The Test. <a href=""https://www.last.fm/music/Richard+Ashcroft"">Read more on Last.fm</a>",
The Cure,5215096,370222456,"The Cure is an English gothic rock band formed in Crawley in 1976 by Robert Smith (vocals, guitar) and Lol Tolhurst (drums). The band’s current lineup consists of Smith, Simon Gallup (bass), Roger O'Donnell (keyboards), Perry Bamonte (guitar and keyboards), Jason Cooper (drums), and Reeves Gabrels (guitar). Smith has been the sole constant member throughout the group’s history, while Gallup has appeared on all but two of the band’s studio albums. <a href=""https://www.last.fm/music/The+Cure"">Read more on Last.fm</a>",
Drowning Pool,2050448,35677941,"There are 2 bands by this name:

1. Drowning Pool is a heavy metal/nu metal band from Dallas, Texas formed in 1997.5 that rose to prominence while playing along with Ozzy Osbourne during Ozzfest. Their 2001 debut album, Sinner, was certified platinum within six months and the video for its first single ""Bodies"" was frequently aired on various music video channels. After the September 11th attacks the song ""Bodies"" was infrequently heard on many radio stations due to the sensitivity of those families' loved ones who jumped from the towers. <a href=""https://www.last.fm/music/Drowning+Pool"">Read more on Last.fm</a>",
Skank,642032,21612722,"Skank is a pop/rock/reggae band in Brazil. The band started 1991, in Belo Horizonte, Minas Gerais.

The debut album, Skank (1993), was successful around the underground circuit. The second album, ""Calango"", came out in 1994 . “É Proibido Fumar”, “Te Ver”, “Pacato Cidadão”, “Jackie Teckila” and “Esmola” were the biggest hits.

In 1996, “Garota Nacional”, the single of ""O Samba Poconé"" gave Skank international success. The band travelled around the world, performing in Latin America, United States and Europe. <a href=""https://www.last.fm/music/Skank"">Read more on Last.fm</a>",
Electric Six,800544,23317417,"There are two artists that have used the name Electric Six
1. An alternative rock band from the United States
2. A musical group from South Africa

1. Electric Six is a six-piece Detroit-based rock band consisting of Dick Valentine (vocals), Tait Nucleus? (synthesizers), Johhny Na$hinal (guitar), Da Ve (guitar), Percussion World (drums), and Smorgasboard (bass) who play a mix of rock, funk and disco.

The band's first notorious formation comprised Valentine <a href=""https://www.last.fm/music/Electric+Six"">Read more on Last.fm</a>",
Los Auténticos Decadentes,246356,4615379,"Los Auténticos Decadentes (Spanish for ""The Authentic Decadents"") is an Argentine band that mixes ska with Latin American rhythms. The band was formed around 1986 by Cucho and Nito, who invited Gastón to join them.

Their first hit was Veni Raquel, which set the tone for their later lyrics' irreverence and ironic humor. Many of their songs are classic anthems of Argentinian nightlife, such as Corazón, Loco (Tu Forma de Ser), Entregá el Marrón, La Guitarra, Los Piratas, and El Murguero. <a href=""https://www.last.fm/music/+noredirect/Los+Aut%C3%A9nticos+Decadentes"">Read more on Last.fm</a>",Argentina
U2,4917766,225731240,"U2 is an Irish rock band formed in Dublin in 1976. The group comprises Bono (lead vocals and rhythm guitar), the Edge (lead guitar, keyboards, and backing vocals), Adam Clayton (bass guitar), and Larry Mullen Jr. (drums and percussion). Initially rooted in post-punk, U2's musical style has evolved throughout their career, yet has maintained an anthemic quality built on Bono's expressive vocals and the Edge's chiming, effects-based guitar sounds. Bono's lyrics <a href=""https://www.last.fm/music/U2"">Read more on Last.fm</a>",Ireland
Bunbury,145100,5172768,biografia no encontrada,
The Hellacopters,347982,11900554,"The Hellacopters is a Swedish garage rock band that was formed in 1994 by Nicke Andersson (vocals and guitar), Andreas Tyrone ""Dregen"" Svensson (guitar), Kenny Håkansson (bass), and Robert Eriksson (drums). Andersson (sometimes known as Nick Royale) had been the drummer for the death metal band Entombed, and Dregen was taking a break from his full-time band Backyard Babies. Dregen and Eriksson had been roadies for Entombed, while Håkansson was a childhood friend of Andersson's. <a href=""https://www.last.fm/music/The+Hellacopters"">Read more on Last.fm</a>",
The Dandy Warhols,1544520,33095769,"The Dandy Warhols is an American alternative rock band formed in Portland, Oregon in 1993. The band was founded by lead singer Courtney Taylor-Taylor, keyboardist Zia McCabe, guitarist Peter Holmström, and drummer Eric Hedford. Hedford left in 1998 to be replaced by Taylor-Taylor's cousin Brent DeBoer. The band's name is a play on the name of American pop artist Andy Warhol.

The Dandy Warhols are strongly influenced by The Brian Jonestown Massacre <a href=""https://www.last.fm/music/The+Dandy+Warhols"">Read more on Last.fm</a>",United States
Blur,4619908,186140427,"Blur is an English rock band formed in London in 1988, consisting of singer Damon Albarn, guitarist Graham Coxon, bassist Alex James, and drummer Dave Rowntree. Their debut album, ""Leisure"" (1991), incorporated elements of Madchester and shoegaze. Following a stylistic change influenced by British guitar pop groups such as the Kinks, the Beatles, and XTC, Blur released ""Modern Life Is Rubbish"" (1993), ""Parklife"" (1994), and ""The Great Escape"" (1995). <a href=""https://www.last.fm/music/Blur"">Read more on Last.fm</a>",United Kingdom
Los Piojos,115940,4339159,"Los Piojos was an argentine rock band born in 1987, originally formed in El Palomar, Buenos Aires. The band was lead by Andrés Ciro Martinez  (principal songwriting, harmonica, and vocalist). The line-up was completed by Gustavo Hernán ""Kupi"" Kupinsky (rhythm/lead guitar, backing vocals), Miguel Ángel ""Micky"" Rodríguez  (bass guitar, backing vocals) Daniel ""Piti"" Fernández (rhythm/lead guitar, backing vocals) and Daniel Buira (drums) [later, he was replaced by Sebastián ""Roger"" Cardero (drums)]. <a href=""https://www.last.fm/music/Los+Piojos"">Read more on Last.fm</a>",
Charly García,314851,18733823,"One of the most important rock and pop musicians in Latin America, Carlos Alberto García Moreno, better known as Charly García is a keyboardist, guitarist and singer-songwriter, born in Buenos Aires, Argentina in 1951. 

A former member of the legendary bands Sui Generis (1972-1975), Porsuigieco (1976), La Máquina de Hacer Pájaros (1977-1978) and Serú Girán (1978-1982), García has behind him a 40-year musical career that includes these bands -and his solo work- that carries on to this day. <a href=""https://www.last.fm/music/+noredirect/Charly+Garc%C3%ADa"">Read more on Last.fm</a>",
Skay Beilinson,24088,508445,"Guitarrista de Patricio Rey y sus Redonditos de Ricota, Skay editó su primer disco solista en el 2002, acompañado por Daniel Colombres en batería y Claudio Cuartero en bajo, con producción de la Negra Poly. ""A través del Mar de los Sargazos"" está conformado por canciones que fueron quedando afuera de los discos de los Redondos. «Son ideas muy ricas que, cuando las escuché, me seguían estimulando».

Con Colombres, Cuartero, Oscar Reyna (guitarra) y Javier Lecumberry (teclados) avanzó sobre ""Talismán"" (2004) <a href=""https://www.last.fm/music/Skay+Beilinson"">Read more on Last.fm</a>",
Molotov,456946,12676889,"Molotov is a Mexican rock and hip hop band formed on September 23, 1995 in Mexico City. Their lyrics feature a mixture of Spanish and English, rapped and sung by all members of the group. Musically, Molotov blends heavy basslines, flamenco guitar riffs and turntable scratches. Molotov is often regarded the Latin response to Rage Against The Machine. Many songs, such as ""Gimme Tha Power"" and ""Frijolero"", are politically inspired. Addressing issues such as disenfranchisement within Mexico and immigration in the United States. <a href=""https://www.last.fm/music/Molotov"">Read more on Last.fm</a>",Mexico
Rata Blanca,185115,3579136,"Rata Blanca was founded in 1985 by Walter Giardino after he left V8. Rata Blanca played together for about two years before their debut on August 15, 1987 in the theater ""Luz y Fuerza"" in Buenos Aires, Argentina. They later took part in the ""Halley en Obras"", along with other bands: Alakrán (""Skorpion""), JAF and Kamikaze, in 1988. That year they made their debut album with two hits: ""Chico Callejero"" (""Street Boy"") and ""El Sueño de la Gitana"" (""Gypsy Woman's Dream""). <a href=""https://www.last.fm/music/Rata+Blanca"">Read more on Last.fm</a>",
Nek,255906,4368359,"1. Filippo Neviani (born 6 January 1972), known by his stage name Nek, is an Italian singer-songwriter and musician. Nek is popular in Italy and throughout the Spanish-speaking world, and has performed and released most of his albums in both Italian and Spanish.

Nek first gained international success in 1997, when he took part in the Sanremo Music Festival in the Big Artists section, and although he didn't win, the song ""Laura non c'è"" (in Spanish: <a href=""https://www.last.fm/music/Nek"">Read more on Last.fm</a>",Italy
Engenheiros Do Hawaii,420080,28213288,"Engenheiros do Hawaii (""Engineers from/of Hawaii"", a.k.a. Engenheiros) is a Brazilian rock band formed in 1985 in the city of Porto Alegre. Their style crosses a variety of genres including progressive rock, alternative rock, folk rock, new wave, post-punk and pop rock.

They achieved great popularity with their ironic, critically charged songs with heavily semantic lyrics often relying on wordplays. The last formation includes: Humberto Gessinger (Guitar <a href=""https://www.last.fm/music/Engenheiros+Do+Hawaii"">Read more on Last.fm</a>",Brazil
Foo Fighters,6179334,351113330,"Foo Fighters is an American rock band formed in Seattle in 1994. Foo Fighters was initially formed as a one-man project by former Nirvana drummer Dave Grohl. Following the success of the eponymous debut album, Grohl (lead vocals, guitar) recruited a band consisting of Nate Mendel (bass guitar), William Goldsmith (drums), and Pat Smear (guitar). After a succession of lineup changes, including the departures of Goldsmith and Smear, the band formed its core lineup in 1999 consisting of Grohl <a href=""https://www.last.fm/music/Foo+Fighters"">Read more on Last.fm</a>",United States
Inspector,132903,2250608,"There are 2 bands with this name:

1. Mexican ska revival ensemble Inspector comprises singer Javier Sánchez aka Big Javi, drummer David Martínez aka Tribi, bassist Arnoldo Ortega aka Lolo, sax players Jaime González aka Jimmy and Jesús Arriaga aka Padrino, guitarist Alejandro Ortega aka Güero, keyboardist Homero Ontiveros aka Marango and trumpeter Jesús Lemo. The band debuted in 1995 with the independently produced Misión Ska, featuring five original songs. <a href=""https://www.last.fm/music/Inspector"">Read more on Last.fm</a>",Mexico
Counting Crows,2967681,58607068,"Counting Crows is an American rock band originating from Berkeley, California. Formed in 1991, the group gained fame in 1993 following the release of their debut album, titled 'August and Everything After', when track ""Mr. Jones"" became a big hit. Known for their melancholic yet melodic songwriting, the band started when singer Adam Duritz (previously of The Himalayans and Sordid Humor) teamed up with guitarist David Bryson (local producer and former member of the band Mr. <a href=""https://www.last.fm/music/Counting+Crows"">Read more on Last.fm</a>",United States
Lordi,571554,18099456,"Lordi is a Finnish hard rock band, formed in 1992 by the band's lead singer, songwriter and costume maker, Mr Lordi (Tomi Petteri Putaansuu). In addition to their melodic metal music, Lordi are also known for wearing monster masks and using horror elements with pyrotechnics during concerts and music videos. The band rose to fame in 2002 with their hit single ""Would You Love a Monsterman?"", and won the Eurovision Song Contest 2006 with their song ""Hard Rock Hallelujah"". <a href=""https://www.last.fm/music/Lordi"">Read more on Last.fm</a>",
R.E.M.,4240439,151310064,"R.E.M. was an American alternative rock band from Athens, Georgia, formed in 1980 by drummer Bill Berry, guitarist  Peter Buck, bassist/backing vocalist  Mike Mills, and lead vocalist  Michael Stipe. One of the first alternative rock bands, R.E.M. was noted for Buck's ringing, arpeggiated guitar style, Stipe's distinctive vocal quality and obscure lyrics, Mills's melodic bass lines and backing vocals, and Berry's tight, economical style of drumming.  <a href=""https://www.last.fm/music/R.E.M."">Read more on Last.fm</a>",United States
The Goo Goo Dolls,2425904,47053654,"The Goo Goo Dolls are an alternative rock band that formed in 1986 in Buffalo, New York. They are perhaps most famous for the hit ""Iris,"" featured on the soundtrack to the 1998 film City of Angels. Currently, the band consists of three members:

    * Johnny Rzeznik - Vocals, guitar (Founding member)
    * Robby Takac - Vocals, bass (Founding member)
    * Mike Malinin - Drums (Hired in 1995, made official member in 1998)

Founded in Buffalo, New York <a href=""https://www.last.fm/music/+noredirect/The+Goo+Goo+Dolls"">Read more on Last.fm</a>",
Pixies,4124392,207487202,"Pixies is an American alternative rock band which formed in Boston, Massachusetts, United States in 1986. The band consists of Charles (Black Francis) Thompson IV (vocals, guitar; also known as ''Frank Black''), Joey Santiago (lead guitar),   David Lovering (drums) and Emma Richardson (bass, vocals). Until 2013, the band also featured  Kim Deal on bass and vocals. From 2016 until 2024 the band also featured Paz Lechantin on bass and vocals.   The band officially split in 1993  and reunited in 2004. <a href=""https://www.last.fm/music/Pixies"">Read more on Last.fm</a>",United States
Orleans,259263,1643448,"Orleans is an American pop-rock band best known for its hits Dance With Me (1975), Still the One (1976), and Love Takes Time (1979). Orleans began as a trio in 1972 in Woodstock NY. Guitarist John Hall, drummer Wells Kelly and multi-instrumentalist Larry Hoppen played tirelessly all over the Northeast and up / down the Eastern “corridor” for nine months, then added Lance Hoppen (Larry’s brother) fresh out of high school on bass to form the quartet that would record its debut LP in 1973 at the legendary Muscle Shoals Studio in Alabama.  <a href=""https://www.last.fm/music/Orleans"">Read more on Last.fm</a>",United States
Miguel Ríos,38565,286237,"Ríos was born in La Cartuja, a neighborhood of Granada. The youngest of seven children, he went to work in a local bar at the age of fifteen after little formal education. His interest in rock and roll led him to participate in a song contest at Cenicienta 60 radio station, in which he and his friends won a prize for singing the Paul Anka song ""You Are My Destiny"".

With his mother's permission (his father died a few months earlier), he moved to Madrid in 1961 at the age of sixteen, where he recorded his first four songs. <a href=""https://www.last.fm/music/+noredirect/Miguel+R%C3%ADos"">Read more on Last.fm</a>",
Turf,80736,1187400,"Turf is a rock band from Argentina. It was formed in December 1995 & since then they been playing all around in Buenos Aires. 

Their first album was edited in August 1997 and it was called ""Una pila de vida"". In this album Charly García participated in the song ""Despiole generacional"". In that year they played with Los Ratones Paranoicos in the festival Buenos Aires Vivo. The two promo songs for this album were ""Casanova"" y ""Crónica Te Ve"".

In 1998 they played supporting The Rolling Stones in their concert in River Plate Stadium <a href=""https://www.last.fm/music/Turf"">Read more on Last.fm</a>",
The Beautiful Girls,381378,4583319,"The Beautiful Girls are an Australian band from the New South Wales coast composed of Mat McHugh on vocals and guitar, Paulie B on bass and Bruce Braybrooke on drums.

TBG have released five full length albums: Learn Yourself, We're Already Gone, Ziggurats, Spooks and Dancehall Days; as well as one EP, Morning Sun, TBG have an eclectic style of their own, with smatterings of rock, acoustic, reggae, pop and folk all through their music. Many people find elements of artists such as Ben Harper <a href=""https://www.last.fm/music/The+Beautiful+Girls"">Read more on Last.fm</a>",Australia
Serani Poji,310754,6223318,"Serani Poji (セラニポージ) is a Japanese pop group, describing themselves as ""made from happiness, miracle, mysterious, cake, strawberry, candy, funny, sweet drink, twinkle-star, perfume, teenage, youth, love, lover, milk tea, cafe au lait...and many many wonderful thing!""

Serani Poji was originally created in 1999 to provide songs for the Sega game ROOMMANIA＃203, in which ""Serani Poji"" is the name of a fictional pop singer. Tomoko Sasaki (ササキトモコ) handles composition, keyboards, and lyrics. <a href=""https://www.last.fm/music/Serani+Poji"">Read more on Last.fm</a>",Japan
Mägo de Oz,288240,13345164,"Mägo de Oz is a Folk Metal band from Madrid, Spain, formed in 1989 by drummer Txus. It was one of the earliest bands to perform Folk metal, combining celtic and Spanish folk music with heavy/power metal since their first releases. Their lyrics (always written in Spanish) combine supernatural stories and drinking escapades with a biting satire.

In 1992, the band became a finalist in the ""Villa de Madrid"" contest. They achieved great success in their country, and became Revelation Rock band in various media in 1995. <a href=""https://www.last.fm/music/+noredirect/M%C3%A4go+de+Oz"">Read more on Last.fm</a>",Spain
Aerosmith,4584189,127044499,"Aerosmith is an American rock band formed in Boston, Massachusetts, in 1970. The group consists of lead vocalist Steven Tyler, bassist Tom Hamilton, drummer Joey Kramer, and guitarists Joe Perry and Brad Whitford. Their musical style is primarily rooted in blues-based hard rock and also incorporates elements of pop rock, heavy metal, glam metal, and rhythm and blues. The band’s primary songwriting partnership between Tyler and Perry is often referred to as the Toxic Twins. <a href=""https://www.last.fm/music/Aerosmith"">Read more on Last.fm</a>",United States
Ben Harper,1549561,30771181,"Ben Harper (born in Pomona, CA, on 28 October 1969) is an American  Grammy-winning singer and songwriter. As well as solo albums, he has recorded as Ben Harper and Tom Freund, Ben Harper & The Innocent Criminals, Ben Harper And The Blind Boys Of Alabama, Ben Harper and Relentless7, Ben Harper & Charlie Musselwhite, and Ben & Ellen Harper. 

Harper grew up listening to blues, folk, soul, RnB, and reggae. Harper's blend of groove-laden funky soul and <a href=""https://www.last.fm/music/Ben+Harper"">Read more on Last.fm</a>",United States
Coti,197262,1601090,"1)Coti:
Argentinian singer & songwriter which has composed many great songs, like ""Color Esperanza"", the song that made Diego Torres a big star.  His 2005 collaboration with Latin singers Paulina Rubio and Julieta Venegas produced the international smash hit ""Nada Fue Un Error""  (which approximately means ""None of it was a Mistake"").

2)Coti:
Costantino Luca Rolando Kiriakos, born in Milan, Italy in 1966, moved to Greece at the age of 6, where, since the mid-eighties, better known simply as Coti (or Coti K. <a href=""https://www.last.fm/music/Coti"">Read more on Last.fm</a>",
Thanya Paredes Aymara,197,1677,biografia no encontrada,
Jóvenes Pordioseros,15400,142376,"Los Jóvenes Pordioseros es una banda que se formó inicialmente en el barrio de Lugano, en 1993. Sus primeros integrantes tenían en ese momento entre 15 y 16 años y estaban dando sus primeros pasos en la música. Ni siquiera contaban con instrumentos propios, por lo que los ensayos dependían de conseguirlos prestados. Ese año debutan en el Teatro Arpegios, y siguen por Arlequines, el Manicomio, el Circo, varios pubs y reuniones.
La influencia musical se basó en el rock and roll, y como exponentes principales los Rolling Stones. <a href=""https://www.last.fm/music/+noredirect/J%C3%B3venes+Pordioseros"">Read more on Last.fm</a>",
Wilco,1908515,99315798,"Wilco is an American alternative rock band which formed in 1994 in Chicago, Illinois, United States by the remaining members of alternative country group Uncle Tupelo following singer Jay Farrar's departure from that group. Wilco's lineup has changed frequently, with only singer Jeff Tweedy and bassist John Stirratt remaining from the original incarnation. The other current members are guitarist Nels Cline, multi-instrumentalists Pat Sansone and Mikael Jorgensen, and drummer Glenn Kotche. <a href=""https://www.last.fm/music/Wilco"">Read more on Last.fm</a>",United States
Lifehouse,2137041,54487515,"Lifehouse is an alternative rock band pioneered by lead singer and songwriter  Jason Wade . In the last 20 years, Lifehouse has released seven albums, debuting with the multi-platinum album No Name Face in the year 2000. The group includes Jason Wade (lead vocals, guitar), Rick Woolstenhulme Jr. (drums, percussion) and Bryce Soderberg (vocals, bass guitar). They have sold upwards of fifteen million singles and albums worldwide to date.

The band holds its roots in California <a href=""https://www.last.fm/music/Lifehouse"">Read more on Last.fm</a>",
Placebo,3370545,268588593,"There are at least four artists with the name Placebo:

1) Placebo is a British alternative rock duo formed in London in 1994 by vocalist-guitarist Brian Molko and bassist-guitarist Stefan Olsdal. Drummer Robert Schultzberg joined in late 1994 but left in 1996 shortly after the release of the band's eponymous debut album due to conflicts with Molko. He was replaced the same year by Steve Hewitt. Molko was born in Belgium, and Olsdal and Schultzberg were born in Sweden. <a href=""https://www.last.fm/music/Placebo"">Read more on Last.fm</a>",United Kingdom
Los Amantes De Lola,57894,422514,"Mexican band from Mexico City, formed in ends 80's. <a href=""https://www.last.fm/music/Los+Amantes+De+Lola"">Read more on Last.fm</a>",Mexico
Limp Bizkit,3936100,163185784,"Limp Bizkit is an American  alternative metal band from Jacksonville, Florida. Their lineup consists of Fred Durst (lead vocals), Sam Rivers (bass, backing vocals), John Otto (drums, percussion), DJ Lethal (turntables), and Wes Borland (guitars, vocals). Their music is marked by Durst's angry vocal delivery and Borland's sonic experimentation. Borland's elaborate visual appearance, which includes face and body paint, masks and uniforms, also plays a large role in the band's live shows. <a href=""https://www.last.fm/music/Limp+Bizkit"">Read more on Last.fm</a>",United States
Lionel Richie,1681261,18142364,"Lionel Brockman Richie, Jr. (born June 20, 1949 in Tuskegee, Alabama) is an American R&B singer, songwriter, composer, and occasional actor.  He got his start as the front man for the Commodores, a nationally popular Motown band during the 70's. They had several hits such as Easy, Three Times A Lady, and probably the Commodores' most famous hit, Brick House. 

Richie quit the band in 1981 for a solo career. He released his self-titled debut in 1982. <a href=""https://www.last.fm/music/Lionel+Richie"">Read more on Last.fm</a>",United States
Franz Ferdinand,4729023,175356077,"Franz Ferdinand is a Scottish alternative rock  band that formed in Glasgow, Scotland, United Kingdom, in 2002 and played an important part in the post-punk revival of the 2000s. The band was composed of Alex Kapranos (lead vocals and guitar), Bob Hardy (bass guitar), Nick McCarthy (rhythm guitar, keyboards and backing vocals) and Paul Thomson (drums, percussion and backing vocals) until 2016 when McCarthy left them. The next year  Julian Corrie (keyboards <a href=""https://www.last.fm/music/Franz+Ferdinand"">Read more on Last.fm</a>",
Black Rebel Motorcycle Club,1562526,46693949,"Black Rebel Motorcycle Club is a rock band from San Francisco, United States. The band formed in 1998. Influences include The Brian Jonestown Massacre, The Verve, The Rolling Stones, Oasis, T. Rex, The Velvet Underground, Love and Rockets, Daniel Ash, and The Jesus and Mary Chain.

The band's second album 'Take Them On, On Your Own' featured several songs ('Generation' and 'US Government') which were critical of the United States' foreign policy and George Bush in particular.  <a href=""https://www.last.fm/music/Black+Rebel+Motorcycle+Club"">Read more on Last.fm</a>",
La Unión,223957,2086864,"LA UNIØN grupo formado por Rafa Sánchez (cantante), Luis Bolín (bajo), Mario Martínez (guitarra) e Íñigo Zabala (teclados) a finales del año 82 en Madrid, al calor de “La Movida”. Su música influida, llena de personalidad, romanticismo, referencias literarias y cinematográficas pronto se hace notar. ""Lobo Hombre en París"", basada en un cuento de Boris Vian.  
 <a href=""https://www.last.fm/music/+noredirect/La+Uni%C3%B3n"">Read more on Last.fm</a>",
Travis,2089114,54378019,"Travis is a Scottish alternative band formed in Glasgow in 1990, composed of Fran Healy (lead vocals, rhythm guitar), Dougie Payne (bass guitar, backing vocals), Andy Dunlop (lead guitar, banjo, backing vocals) and Neil Primrose (drums, percussion). The band's name comes from the character Travis Henderson (played by Harry Dean Stanton) from the film Paris, Texas (1984).

The band released their debut album, Good Feeling (1997), to moderate success <a href=""https://www.last.fm/music/Travis"">Read more on Last.fm</a>",
Semisonic,1309896,12230022,"Semisonic is a power pop/alternative rock band formed in Minneapolis, Minnesota, U.S.A. Known for their signature song ""Closing Time"", the band members are Dan Wilson (guitar/vocals), John Munson (bass), and Jacob Slichter (drums). Although on hiatus since the early-00s, sporadic reunions have occurred.

After the breakup of Trip Shakespeare, Dan Wilson and John Munson joined up with drummer Jacob ""Jake"" Slichter to form Semisonic in 1995. An E.P. <a href=""https://www.last.fm/music/Semisonic"">Read more on Last.fm</a>",
The Killers,6715948,366858292,"There are multiple artists using this name:

1. The Killers is an American rock band from Las Vegas, Nevada, formed in 2001. 
They got the name from the fictional band The Killers in the video for New Order's song Crystal. 
As of 2021, the band has released six studio albums, which have sold 28 million records worldwide. 

The Early Years
Initially, The Killers played at large clubs in Las Vegas. With the band's line-up stable and their repertoire of songs expanding <a href=""https://www.last.fm/music/The+Killers"">Read more on Last.fm</a>",United States
Tommy february6,319308,11580388,"In 2001, 川瀬智子 (Tomoko Kawase) (born February 6, 1975, in Kyoto, Japan) launched her solo career under the name of Tommy february6, a character named from a combination of her nickname and birthdate. Vastly different from the japanese rock / japanese pop sound of the brilliant green for which she is also lead singer, Tommy february6's persona and sound are that of a generic Stock Aitken Waterman style 1980s pop icon. Her eponymous debut album was released on the day of her 27th birthday. <a href=""https://www.last.fm/music/Tommy+february6"">Read more on Last.fm</a>",Japan
Los Rodriguez,152218,2751698,biografia no encontrada,
Celso Piña,88396,813688,"Celso Piña (Monterrey, Nuevo León, México, 6 April 1953 - August 21, 2019) was a Mexican singer, composer, arranger, and accordionist, mainly in the genre of Cumbia, being one of the most important musicians in the style of ""Cumbia rebajada"".  

Piña was a pioneer in the mixture and fusion of tropical sounds with many of his works having elements of cumbia, regional mexicano, cumbia sonidera, ska, reggae, rap/hip-hop, R&B, etc. Piña is also known as El Rebelde del acordeón or the Cacique de la Campana. <a href=""https://www.last.fm/music/+noredirect/Celso+Pi%C3%B1a"">Read more on Last.fm</a>",Mexico
Chris de Burgh,814819,8264346,"Christopher John Davison (born 15 October 1948), known professionally as Chris de Burgh, is a British-Irish singer, instrumentalist, and songwriter. He started out as an art rock performer but subsequently started writing more pop-oriented material. He has had several top 40 hits in the UK and two in the US, but he is more popular in other countries, particularly Norway and Brazil. His 1986 love song ""The Lady in Red"" reached number one in several countries. De Burgh has sold over 45 million albums worldwide. <a href=""https://www.last.fm/music/Chris+de+Burgh"">Read more on Last.fm</a>",
The Strokes,5516586,452178236,"The Strokes is an American indie rock band, known for their distinctive sound and cultural impact, particularly in the early 2000s.

Members
Julian Casablancas (vocals), Nick Valensi (guitar), Albert Hammond Jr. (guitar), Nikolai Fraiture (bass), and Fabrizio Moretti (drums)

Formation
The founding process of The Strokes was a serendipitous convergence of childhood connections and a shared musical vision. Julian Casablancas, Fabrizio Moretti, and Nick Valensi, childhood friends with varying musical experiences, came together in the late '90s. <a href=""https://www.last.fm/music/The+Strokes"">Read more on Last.fm</a>",United States
Alvin Lee,74346,823253,"Alvin Lee (19 December 1944 - 6 March 2013) was famous as the guitarist in the seminal seventies rock band Ten Years After.

Born Graham Barnes in Nottingham England, Alvin Lee took up guitar at the age of thirteen. By the age of fifteen he had formed the group Jaybirds. Following in the footsteps of earlier beat groups such as the Beatles, the Jaybirds played the clubs in Hamburg, Germany to great local acclaim. On returning to London in 1966, the group changed its name to Ten Years After. <a href=""https://www.last.fm/music/Alvin+Lee"">Read more on Last.fm</a>",
Eagle-Eye Cherry,1074929,8421588,"Eagle-Eye Lanoo Cherry (born 7 May 1968 in Scania, Sweden) is a Swedish singer-songwriter known best for his hit ""Save Tonight"", the lead single from his 1997 debut album, 'Desireless'. Cherry comes from a musical family that includes sister Neneh Cherry, father Don Cherry, and half-sister on his Swedish side Titiyo. Soon after he was born, he moved to New York with his father, where he began acting and playing music.

After Don Cherry's death in 1995, Eagle-Eye moved to Stockholm with his girlfriend, and he began to focus on songwriting. <a href=""https://www.last.fm/music/Eagle-Eye+Cherry"">Read more on Last.fm</a>",
La Renga,94391,3129200,"Argentinean hard rock band formed in 1988. They're one of the most important argentinan band ever,  characterized by their independenet style, without appearing in the mainstream media and not appearing in festivales unless it's for a benefic cause. They are followed by a very loyal audience that travels throughout Argentina and even other countries like Chile and Uruguay. 
Originated in Mataderos, a humble quartier of Buenos Aires, they started playing small gigs in the neighbourhood. <a href=""https://www.last.fm/music/La+Renga"">Read more on Last.fm</a>",
Radiohead,7927652,1273007059,"Radiohead is an English rock band formed in Abingdon, Oxfordshire, in 1985. The band consists of Thom Yorke (vocals, guitar, piano, keyboards); brothers Jonny Greenwood (guitar, keyboards, other instruments) and Colin Greenwood (bass); Ed O'Brien (guitar, backing vocals); and Philip Selway (drums, percussion). Since 1994, they have frequently collaborated with producer Nigel Godrich and cover artist Stanley Donwood. Radiohead are noted for their experimental approach, which has influenced the development of alternative rock. <a href=""https://www.last.fm/music/Radiohead"">Read more on Last.fm</a>",
Phil Collins,3096738,62024933,"Philip David Charles Collins (born 30 January 1951) is an English singer, musician, songwriter, record producer and actor. He was the drummer and lead singer of the rock band Genesis and also has a career as a solo performer. Between 1982 and 1990, Collins scored three UK and seven US number-one singles as a solo artist. When his work with Genesis, his work with other artists, as well as his solo career is totalled, he had more US top 40 singles than any other artist during the 1980s. <a href=""https://www.last.fm/music/Phil+Collins"">Read more on Last.fm</a>",
Pedro Suárez-Vértiz,33660,929022,"Pedro Suárez-Vértiz Alva (13 February 1969 – 28 December 2023) was a Peruvian singer-songwriter and guitarist. He founded the rock band Arena Hash in 1987 alongside his brother Patricio Suárez-Vértiz, Arturo Pomar, and Christian Meier. Following the band's disbandment a few years later, he launched a successful solo career.

In 2004, Suárez-Vértiz was recognized with the Orgullosamente Latino (Proudly Latin) award and was named Best Latin Soloist of the Year in Mexico. <a href=""https://www.last.fm/music/+noredirect/Pedro+Su%C3%A1rez-V%C3%A9rtiz"">Read more on Last.fm</a>",Peru
Mick Jagger,414206,3508361,"Sir Michael Philip ""Mick"" Jagger (26 July 1943) is an English singer, songwriter and actor, best known as the lead singer and a co-founder of the Rolling Stones.

Jagger's career has spanned over 50 years, and he has been described as ""one of the most popular and influential frontmen in the history of Rock & Roll"". Jagger's distinctive voice and performance, along with Keith Richards' guitar style, have been the trademark of the Rolling Stones throughout the career of the band. <a href=""https://www.last.fm/music/Mick+Jagger"">Read more on Last.fm</a>",
Creed,2319938,52885239,"There are multiple artists with this name:
1. An American rock band.
2. An American blues rock band from the 1970s.
3. A German metal band.

Creed is an American rock band from Tallahassee, Florida formed in 1994. Creed was prominent in the post-grunge movement of the late 1990s and early 2000s, releasing three consecutive multi-platinum albums; their second, Human Clay (1999), received diamond (11x platinum) certification by the Recording Industry Association of America (RIAA). <a href=""https://www.last.fm/music/Creed"">Read more on Last.fm</a>",Germany
Queen,6984252,406384268,"Queen is a British rock band formed in London in 1970 by Freddie Mercury (lead vocals, piano), Brian May (guitar, vocals), and Roger Taylor (drums, vocals), later joined by John Deacon (bass). Their earliest works were influenced by progressive rock, hard rock, and heavy metal, but the band gradually ventured into more conventional and radio-friendly styles by incorporating elements of arena rock and pop rock.

Before forming Queen, May and Taylor had played together in the band Smile. <a href=""https://www.last.fm/music/Queen"">Read more on Last.fm</a>",United Kingdom
Deftones,3987854,506981232,"Deftones is an American metal band from Sacramento, California, formed in 1988, consisting of Chino Moreno (lead vocals and guitar), Stephen Carpenter (guitar), Frank Delgado (keyboards and turntables), and Abe Cunningham (drums and percussion). Vega (formerly of Quicksand) took on bass duties from mid-2009 to ca. 2021 in substitution for Chi Cheng, who was seriously injured in an automobile accident in Santa Clara, California on November 4, 2008. <a href=""https://www.last.fm/music/Deftones"">Read more on Last.fm</a>",United States
Los Caballeros De La Quema,31585,410372,"Los Caballeros de la Quema, es una banda de rock alternativo, oriunda de la ciudad de Morón, Provincia de Buenos Aires, Argentina, que se formó a mediados de 1990 y en 1991 publicó su primer trabajo titulado: “Primavera negra”.

Salieron al ruedo comercial con un buen álbum en 1993 (""Manos vacías""), que tras un pequeño tiempo de éxito, desapareció de las radios comerciales. Joaquín Sabina quedó impresionado con este disco y los contactó para abrir su show en el estadio de Ferro. <a href=""https://www.last.fm/music/Los+Caballeros+De+La+Quema"">Read more on Last.fm</a>",
3 Doors Down,3461286,87056498,"3 Doors Down is an American rock band from Escatawpa, Mississippi, formed in 1996. Their music has been described as post-grunge, alternative rock, and hard rock.

The band achieved mainstream popularity with their 2000 debut single ""Kryptonite"", which reached number three on the Billboard Hot 100. It was followed by their debut album ""The Better Life"" (2000), which became the 11th-best-selling album of that year, was certified septuple platinum by the Recording Industry Association of America (RIAA) <a href=""https://www.last.fm/music/3+Doors+Down"">Read more on Last.fm</a>",United States
Journey,3131692,60060779,"There is more than one artist with this name, including: 
1) Journey is an American rock band formed in San Francisco, California in 1973; 
2)  Journey is UK-based psychedelic trance producer Giampiero ""Jay"" Mastino; 
3) Journey is an underground hip hop artist.

1) Journey is an American rock band formed in San Francisco, California in 1973. The band has gone through several phases since its inception by former members of Santana. The band's greatest <a href=""https://www.last.fm/music/Journey"">Read more on Last.fm</a>",United States
10cc,1490160,17323471,"10cc is an English art rock and pop band. Initially comprised of four musicians - Graham Gouldman, Eric Stewart, Kevin Godley and Lol Creme - who had written and recorded together for some three years, before assuming the ""10cc"" name in 1972 - two strong song-writing teams, injected sharp wit to lyrically-dextrous songs. 
Stewart and Gouldman were straight pop-song-writers, who created the band’s most accessible songs; Godley and Creme were the experimental half of 10cc, featuring an Art School sensibility and cinematic writing. <a href=""https://www.last.fm/music/10cc"">Read more on Last.fm</a>",
Dover,171649,4330071,"Dover may refer to:
1) a Spanish alternative-pop-rock band which was founded in [year formed]1992[/year formed]. The Band currently consists of the sisters Christina Llanos (guitar/vocals) and Amparo Llanos (guitar), Jesús Antúnez (drums), and Samuel Titos (bass) who recently replaced former bassist Álvaro Díez. Their music ranges from heavy to sweet, shouting to dreaming, but always with a groovy drive.

Dover originated in the outskirts of Madrid <a href=""https://www.last.fm/music/Dover"">Read more on Last.fm</a>",Spain
Jaguares,194427,2819925,"Jaguares is a Grammy and Latin Grammy winning Mexican alternative rock band formed by former Caifanes lead singer Saúl Hernández, after that band's break-up in 1995, because of personal differences with the Guitarist Alejandro Marcovich. He started the band along with former Caifanes co-member Alfonso André (drums); and two long time friends Federico Fong (bass guitar) and José Manuel Aguilera (lead guitar).

Soon after the release of their first album <a href=""https://www.last.fm/music/Jaguares"">Read more on Last.fm</a>",Mexico
Talk Talk,1135661,22822691,"Talk Talk were an English band formed in 1981, led by Mark Hollis (vocals, guitar, piano), Lee Harris (drums), and Paul Webb (bass). Initially a synth pop group, Talk Talk's first two albums, The Party's Over (1982) and It's My Life (1984), reached top 40 in the UK and produced the international hit singles ""Talk Talk"", ""Today"", ""It's My Life"", and ""Such a Shame"". They achieved widespread critical success in Europe and the UK with the album The Colour of Spring (1986) and its singles ""Life's What You Make It"" and ""Living in Another World"". <a href=""https://www.last.fm/music/Talk+Talk"">Read more on Last.fm</a>",
JAY-Z,5409084,223474345,"Shawn Corey Carter (born December 4, 1969 in Brooklyn, New York, United States), is an American rapper and former president and CEO of Roc-A-Fella Records. He is more commonly known by a variety of stage names including Shawn Corey Carter, Jay-Hova, Jiggaman, Young Hov, Shawn C. Carter, Hov, Shawn Carter, The Carter Administration. He is regarded as one of the most prolific and successful American blend artists of the mid-90s and early 2000s and is known for his use of metaphors <a href=""https://www.last.fm/music/JAY-Z"">Read more on Last.fm</a>",United States
Robert Palmer,917503,8355945,"Robert Allen Palmer (January 19, 1949 – September 26, 2003), born in Batley, Yorkshire, England, was a British singer. He was known for his soulful voice and the eclectic mix of musical styles on his albums, combining soul, jazz, rock, reggae, blues, and even yodeling. 

His eighties hits were promoted by particularly striking award winning videos, featuring an all-female, black-clad backing band. The memorable videos, directed by Terence Donovan, featured heavily on MTV and played a large part in his transatlantic success. <a href=""https://www.last.fm/music/Robert+Palmer"">Read more on Last.fm</a>",United Kingdom
AC/DC,4387891,205043065,"AC/DC is an Australian rock band formed in Sydney in 1973. Their music has been described as hard rock, blues rock, and heavy metal, though the band refers to it simply as ""rock and roll."" They are regarded as a significant influence on the new wave of British heavy metal and were inducted into the Rock and Roll Hall of Fame in 2003. With more than 200 million records sold worldwide, they are among the best-selling music artists in history.

AC/DC were founded by brothers Angus Young (lead guitar) and Malcolm Young (rhythm guitar) <a href=""https://www.last.fm/music/AC%2FDC"">Read more on Last.fm</a>",Australia
Staind,2118800,49233400,"Staind is a nu metal band formed on November 24, 1995 in Springfield, Massachusetts, United States. After meeting through friends and covering pop hits of the day in smalltime clubs for a year and a half, Staind self-released their debut album, Tormented, in November 1996, citing influences in brutal latin thrash metal. Until recently, the album was difficult to obtain, as only four thousand copies were originally sold. Since then, the band's official website has released the album to meet the demand from fans. <a href=""https://www.last.fm/music/Staind"">Read more on Last.fm</a>",
Metallica,4983811,512861776,"Metallica is an American heavy metal band. The band was formed in 1981 in Los Angeles by vocalist/guitarist James Hetfield and drummer Lars Ulrich, and has been based in San Francisco for most of its career. The band's fast tempos, instrumentals and aggressive musicianship made them one of the founding ""big four"" bands of thrash metal, alongside Megadeth, Anthrax and Slayer. Metallica's current lineup comprises founding members and primary songwriters Hetfield and Ulrich, longtime lead guitarist Kirk Hammett and bassist Robert Trujillo. <a href=""https://www.last.fm/music/Metallica"">Read more on Last.fm</a>",United States
The Darkness,1295014,20451045,"There are at least six artists with this name:
1. A popular hard rock band from the United Kingdom
2. A death metal band from Germany
3. An alternative rock band from Poland
4. A Eurodance group
5. A thrash metal band from the Czech Republic

1. The Darkness is a hard rock band which formed in Lowestoft, England in 2000. The band consists of Justin Hawkins (vocals, guitar, keyboards), Dan Hawkins (guitar, vocals), Frankie Poullain (bass) and Ed Graham (drums). <a href=""https://www.last.fm/music/The+Darkness"">Read more on Last.fm</a>",
Memphis La Blusera,28234,384131,"""Memphis La Blusera"" es una banda argentina de blues y rock nacida en el barrio porteño de La Paternal el 5 de mayo de 1978. Comenzaron a tocar como banda con temáticas muy sociales y trabajadoras, saliéndose de esa línea con el disco ""Tonto Rompecabezas"", donde se van al grano de lo que es las letras sobre el amor. Para su grabación en vivo de 25º aniversario en Luna Park, se revivió parte de la fama de la banda, que además visitó otros países como Chile. <a href=""https://www.last.fm/music/Memphis+La+Blusera"">Read more on Last.fm</a>",
Viejas Locas,95764,3002689,"Viejas Locas es una banda de Buenos Aires, Argentina, formada en 1990. La banda está actualmente constituida por por Pity Álvarez en voz y guitarra, Fabián ""Fachi"" Crea en el bajo, y Abel Meyer y Sergio ""Peluca"" Hernández en la batería y guitarra respectivamente. Siendo calificados por el Sí de Clarín como «una de las bandas más populares del nuevo rock stone argentino», Viejas Locas logró su debut discográfico en 1996 con el hit ""Intoxicado"". <a href=""https://www.last.fm/music/Viejas+Locas"">Read more on Last.fm</a>",
Cake,2302905,69128262,"At least 3 bands have the name Cake:

1.) 90s alternative rock band
2.) Underground 70s pop/funk band
3.) 60s Girl pop band

1.) Best-known for their ubiquitous hit ""The Distance,"" Cake epitomized the postmodern, irony-drenched aesthetic of '90s geek rock. Their sound freely mixed and matched pastiches of widely varying genres -- white-boy funk, hip-hop, country, new wave pop, jazz, college rock, and guitar rock -- with a particular delight in the clashes that resulted. <a href=""https://www.last.fm/music/Cake"">Read more on Last.fm</a>",
The Arrows and Friends,14703,59871,biografia no encontrada,
Los Tipitos,89757,1088613,"Los Tipitos is an Argentinian rock band, founded in 1994 in Mar del Plata (province of Buenos Aires). Although they call themself a group from Mar del Plata, they are not really originated in this place. Raúl comes from the province of Chaco, Walter and Fede come from the capital Buenos Aires.

In 1996 they decided to go to Buenos Aires. In the previous winter León Gieco (one of the most eminent musicians from Argentina) had discovered them and invited them to produce a record under his management. <a href=""https://www.last.fm/music/Los+Tipitos"">Read more on Last.fm</a>",Argentina
Neil Young,2614825,106900271,"Neil Percival Young (born November 12, 1945) is a Canadian singer, guitarist, songwriter, and social activist who is widely regarded as one of the most influential musicians of his generation, particularly as Neil Young & Crazy Horse. Young was born in Toronto, but he moved to the family home of Winnipeg as a child, which is where his music career began. Young began performing as a solo artist in Canada in 1960, before moving to California in 1966, where he co-founded the band Buffalo Springfield along with Stephen Stills and Richie Furay. <a href=""https://www.last.fm/music/Neil+Young"">Read more on Last.fm</a>",Canada
Seether,2328571,73661329,"Seether is a rock band founded in May 1999 in Pretoria, Gauteng, South Africa. The band originally performed under the name Saron Gas until 2002, when they moved to the United States and changed it to Seether to avoid confusion with the deadly chemical known as sarin gas.

Seether gained mainstream popularity in 2002 with their US Active Rock number one single ""Fine Again"", and their success was sustained in 2004 with the single ""Broken"", which peaked at number 20 on the Billboard Hot 100. <a href=""https://www.last.fm/music/Seether"">Read more on Last.fm</a>",
Marilyn Manson,3106265,192617255,"Marilyn Manson is an American rock band formed in Fort Lauderdale, Florida, in 1989 by vocalist Marilyn Manson and guitarist Daisy Berkowitz. Initially performing under the name Marilyn Manson & the Spooky Kids, the group gained a local following in South Florida during the early 1990s through their theatrical and provocative live performances. In 1993, they became the first act signed to Trent Reznor’s Nothing Records label. Until 1996, each band <a href=""https://www.last.fm/music/Marilyn+Manson"">Read more on Last.fm</a>",United States
Lenny Kravitz,2854066,51651382,"Leonard Albert ""Lenny"" Kravitz (born May 26, 1964. New York, USA) is an American singer-songwriter, record producer, guitarist and actor whose retro amalgam of rock, pop, funk, and even techno is inspired by such music icons as David Bowie, Jimi Hendrix and John Lennon. Like Prince and Sly Stone before him, Kravitz uses a multi-ethnic, mixed-gender backing band.

Kravitz plays guitar, bass, drums, keyboards, percussion, and sitar. He often plays these instruments on each recorded track <a href=""https://www.last.fm/music/Lenny+Kravitz"">Read more on Last.fm</a>",United States
The Greenhornes,362369,3125808,"The Greenhornes are a rock band from Cincinnati, Ohio, United States, formed in 1996, and featuring Craig Fox on lead vocals and guitar, Jack Lawrence on bass, and Patrick Keeler on drums. The band has released several full-length albums and singles. Their most recent release is 2010's ""****"" (""Four Stars""), the first recorded by the band since their pursuit of other musical projects, such as The Raconteurs and The Dead Weather. The band's collaboration with Holly Golightly <a href=""https://www.last.fm/music/The+Greenhornes"">Read more on Last.fm</a>",
Evanescence,4263451,205233637,"Evanescence is a rock band founded in Little Rock, Arkansas, United States in 1995 by singer/pianist Amy Lee and guitarist Ben Moody (who left in 2003). 

After recording private albums, the band signed to Wind-up Records and released their first full-length album, Fallen, in 2003, which sold more than 15 million copies worldwide and helped the band win two Grammy Awards. A year later, they released their first live album, Anywhere But Home, which sold more than one million copies worldwide. <a href=""https://www.last.fm/music/Evanescence"">Read more on Last.fm</a>",
Nickelback,4223850,145539303,"Nickelback is a Canadian rock band which formed in Hanna, Alberta, Canada in 1995. Nickelback is one of the most commercially successful Canadian groups, having sold 50 million records worldwide. Nickelback ranks as the 7th best selling music act of the 2000s and the 2nd best selling foreign act in the US behind The Beatles for the 2000s.

The band consists of Chad Kroeger (vocals, guitar), Ryan Peake (guitar, vocals), Mike Kroeger (bass) and Daniel Adair (drums). <a href=""https://www.last.fm/music/Nickelback"">Read more on Last.fm</a>",Canada
Los Abuelos de la Nada,311406,4478810,"Los Abuelos de la Nada is a band from Buenos Aires, Argentina formed orginally in 1967 by Miguel Abuelo but disbanded in 1969. After a long journey through Europe, Miguel Abuelo returns to Argentina and reforms the band in 1981. The new band had Abuelo as lead singer, Cachorro López on bass, Andrés Calamaro on vocals and keyboards, Gustavo Bazterrica on guitar, Daniel Melingo on sax, and Polo Corbella on the drums.
Charly García took the band under his wing after dissolving Serú Girán <a href=""https://www.last.fm/music/Los+Abuelos+de+la+Nada"">Read more on Last.fm</a>",
Incubus,3610429,165965027,"There are multiple artists using this name:
Incubus is an alternative rock band formed in 1991, based in Calabasas, California. Members include Brandon Boyd (vocals and percussion), Mike Einziger (guitar), Ben Kenney (bass), Jose Pasillas II (drums) and DJ Chris Kilmore (turntables). Former members of the band include Gavin Koppel (a.k.a. DJ Lyfe) (turntables) and Alex Katunich (a.k.a. Dirk Lance) (bass). The band's name may seem a peculiar choice to fans <a href=""https://www.last.fm/music/Incubus"">Read more on Last.fm</a>",
Crazy Town,1193242,11277363,"Crazy Town, also known as CXT, was an American rap rock band formed in Los Angeles in 1995 by Bret ""Epic"" Mazur and Seth Brooks Binzer, known as Shifty Shellshock. The band gained mainstream success with the 2000 single ""Butterfly"", which reached number one on the US Billboard Hot 100 and significantly boosted sales of their debut album ""The Gift of Game"", released in 1999. The album sold over 1.6 million copies.

Their second studio album, ""Darkhorse"" <a href=""https://www.last.fm/music/Crazy+Town"">Read more on Last.fm</a>",United States
Roger Hodgson,100568,972395,"Roger Hodgson (born Charles Roger Pomfret Hodgson on 21 March 1950 in Portsmouth, Hampshire) is an English musician, singer and songwriter, best known as the former co-frontman and co-founder member of progressive rock band Supertramp. His most recent solo album, Open the Door, was released in 2000. His most recent tour was in 2017.

Hodgson is widely regarded as a gifted composer and lyricist.  He is the singer/songwriter of such globally successful <a href=""https://www.last.fm/music/Roger+Hodgson"">Read more on Last.fm</a>",
Starsailor,956750,14107525,"Starsailor is an English post-Britpop band, formed in 2000. Since their formation, the band have included guitarist and vocalist James Walsh, drummer Ben Byrne, bassist James Stelfox, and keyboardist Barry Westhead. They are best known for their 2003 single ""Silence Is Easy"", which reached number 9 in the UK, and ""Four to the Floor"", which reached number one in France as well as the top five in Australia.

The band have released five studio albums and scored ten Top 40 hit singles in the UK. <a href=""https://www.last.fm/music/Starsailor"">Read more on Last.fm</a>",
Joe Bonamassa,475168,13844136,"Joe Bonamassa (born May 8, 1977) is an American blues rock  guitarist, singer and songwriter.

Bonamassa was born in Utica, New York. He started playing guitar at age four, encouraged by his father, who was an avid music fan and exposed him to British blues rock records by Eric Clapton and Jeff Beck, greatly inspiring him. At 11 years old Joe was mentored and trained by American guitar legend, Danny Gatton. When he was 12 years old, he had his own band called Smokin' Joe Bonamassa <a href=""https://www.last.fm/music/Joe+Bonamassa"">Read more on Last.fm</a>",United States
Matchbox Twenty,1912670,39773650,"Matchbox Twenty, originally Matchbox 20 and typeset as matchbox twenty on most official merchandise, is a rock band formed in Orlando, Florida, who have sold in excess of 39 million albums worldwide. The band have been well received in many countries.

The current members of the band are Rob Thomas (vocals, piano), Paul Doucette (drums, now guitar), Kyle Cook (lead guitar, vocals) and Brian Yale (bass). Adam Gaynor (rhythm guitar), who has left the band, performed on their first three albums, as well. <a href=""https://www.last.fm/music/Matchbox+Twenty"">Read more on Last.fm</a>",
Maná,805033,18364015,"There is more than one artist with this name:

1) Maná (note the accent) is a Mexican  rock  group that had its origins near the end of the 1970s in Guadalajara, Jalisco, México. Their sound has strong influences from hard rock and more mellow pop sounds with additional influences from calypso and reggae. They started with the name ""Sombrero Verde"", but in the late 80's it was changed to the current name. They have a long trajectory as musicians and the band underwent two lineup changes in the 90's. <a href=""https://www.last.fm/music/+noredirect/Man%C3%A1"">Read more on Last.fm</a>",Mexico
Duncan Dhu,250455,2719070,"Duncan Dhu was a Spanish pop-rock group of the 1980s.  The group was founded in San Sebastian, Spain in 1984 by singer Mikel Erentxun (Aristogatos), and Diego Vasallo, and Juan Ramón Viles (Los Dalton). The name Duncan Dhu comes from the book ""Kidnapped: The adventures of David Balfour"" by Robert Louis Stevenson where there is a character named Duncan Dhu, who is a lover of music. 

Their style was based on an acoustic and simple pop-rock with a touch of rockabilly in great contrast with the more radical rock played in the area at the time. <a href=""https://www.last.fm/music/Duncan+Dhu"">Read more on Last.fm</a>",Spain
Kula Shaker,496469,8738314,"Kula Shaker is a britpop/psychedelic rock band that formed in London, England in 1995, disbanded in 1999 and then reformed in 2004, widely known for their international top 40 hits ""Hey Dude"" (in 1996) and ""Hush"" (in 1997). The band's original line-up was Crispian Mills (vocals, guitar), Alonza Bevan (bass, vocals), Jay Darlington (organ, vocals) and Paul Winterhart (drums), When they reformed in 2004, Darlington was replaced by Harry Broadbent.  <a href=""https://www.last.fm/music/Kula+Shaker"">Read more on Last.fm</a>",
Cock Robin,184666,1443576,"Cock Robin is an american band formed in the early 80s in California. It originally consisted of Peter Kingsbery (vocals, keyboards, bass), Anna LaCazio (vocals, keyboards), Clive Wright (guitars) and Louis Molino III (drums). By 1987, Cock Robin's line-up only included Kingsbery and LaCazio.

Their first album was released in 1985. It was very successful in Europe, particularly in France. The album included the two hits ""When Your Heart Is Weak"" and ""The Promise You Made"".  <a href=""https://www.last.fm/music/Cock+Robin"">Read more on Last.fm</a>",United States
Pappo,59266,700451,"Pappo (Buenos Aires, March 10th, 1950 - Luján, Buenos Aires province, February 24th, 2005), born Norberto Napolitano, is definitely one of the most relevant icons on the heavy rock and blues mainstream of over the last 30 years in Argentina's musical showbiz, if not the one and only representative guitarist/songwriter of the genre all across South America.

A native of the middle-class La Paternal neighborhood in Buenos Aires, Pappo started playing the guitar at the age of ten <a href=""https://www.last.fm/music/Pappo"">Read more on Last.fm</a>",
Red Hot Chili Peppers,7019881,535497353,"The Red Hot Chili Peppers are an American rock band formed in Los Angeles in 1982, consisting of Anthony Kiedis (vocals), Flea (bass), John Frusciante (guitar), and Chad Smith (drums). Their music blends elements of alternative rock, funk, punk rock, hard rock, hip hop, and psychedelic rock, and they have influenced genres such as funk metal, rap metal, rap rock, and nu metal. With over 120 million records sold worldwide, the Red Hot Chili Peppers are among the best-selling bands in history. <a href=""https://www.last.fm/music/Red+Hot+Chili+Peppers"">Read more on Last.fm</a>",United States
Design19,64165,324771,"Desing19 is Finnish band that plays alternative/rock/metal/nu metal. There´s not much to tell about the band, just that they have this one album, Trigger. Design19 has much in common with Deftones. Just listen Deftones´ first album ""Adrenaline"" and second ""Around the fur"" and you´ll have great picture what Design19 is. the end <a href=""https://www.last.fm/music/+noredirect/Design19"">Read more on Last.fm</a>",
Illya Kuryaki & The Valderramas,95100,1679344,"Illya Kuryaki and the Valderramas was an Argentinian rap/rock duet formed by Dante Spinetta and Emmanuel Horvilleur.

The group was formed in 1991. In 2001 Dante and Emmanuel split up to pursue their solo careers. <a href=""https://www.last.fm/music/+noredirect/Illya+Kuryaki+&+The+Valderramas"">Read more on Last.fm</a>",Argentina
Alaska y Dinarama,158915,1787921,"A rock/pop band from Madrid, Spain led by Alaska, Nacho Canut and Carlos Berlanga, former members of two previous and succesful spanish bands: Kaka De Luxe and Alaska y los Pegamoides. They recorded their first album, ""Canciones profanas"" in 1983, under the name, Dinarama + Alaska. The subsequent year, under pressure from their record label, they changed their name to Alaska y Dinarama, becoming one of Spain's huge record selling acts during the mid eighties. <a href=""https://www.last.fm/music/Alaska+y+Dinarama"">Read more on Last.fm</a>",Spain
Mancha De Rolando,37002,443587,biografia no encontrada,
Arcade Fire,3047583,221703098,"Arcade Fire is a Canadian indie rock band formed in Montreal, Quebec, Canada in 2001. The band consists of Win Butler (vocals, guitar, piano), Régine Chassagne (vocals, accordion, keyboards, hurdy gurdy, drums), Richard Reed Parry (bass, guitar), Tim Kingsbury (bass), and Jeremy Gara (drums). Montreal percussionist Dane Mills performed on the EP and in early live shows.  Will Butler (keyboards, guitar) left the band in 2022 to focus on his solo career. The touring band includes horn players and violinists. <a href=""https://www.last.fm/music/Arcade+Fire"">Read more on Last.fm</a>",Canada
MARIA DE LOS ANGELES,1272,15027,biografia no encontrada,
Libido,41710,1129135,"There are multiple artists using this name:

1. Peruvian Band Formed in 1996
2. Norwegian Band. Formed in 1995
3. South African Band
4. Polish band
5. Japanese goth/new wave band from the 1980's
6. Swedish synth artist and procuder

1. A peruvian rock band formed in 1996. Band members are Salim Vera (vocals, guitars), Antonio Jauregui (bass), Manolo Hidalgo (lead guitar) Jeffry Fischman (drums). They released their self-titled album Líbido in 1998. It included hit singles like ""Como un perro"" and ""Sed"". Líbido <a href=""https://www.last.fm/music/Libido"">Read more on Last.fm</a>",Japan
Orquesta Mondragon,14721,99039,"La Orquesta Mondragón, es un grupo musical español creado en el año 1976 alrededor de la personalidad del presentador y cantante Javier Gurruchaga. Está considerada una de las formaciones musicales pioneras en la fusión de la música y el teatro en España. La banda se sustentaba en sus inicios sobre dos grandes pilares escénicos: el cantante, Javier, divertido y excéntrico y Popotxo Ayestaran, cómico que valiéndose únicamente de la mímica convertía cada canción en un pequeño gag humoristíco. <a href=""https://www.last.fm/music/+noredirect/Orquesta+Mondragon"">Read more on Last.fm</a>",
The Beatles,6293427,1046098607,"The Beatles was an English rock band formed in Liverpool, Lancashire in 1960. With the line-up comprising John Lennon, Paul McCartney,  George Harrison, and Ringo Starr, they are regarded as the most popular and influential band of all time. The group were integral to the development of 1960s counterculture and popular music's recognition as an art form. Rooted in skiffle, beat and 1950s rock and roll, their sound incorporated elements of classical <a href=""https://www.last.fm/music/The+Beatles"">Read more on Last.fm</a>",
Muse,6176420,552008807,"Muse is an English rock band from Teignmouth, Devon, formed in 1994. The band consists of Matt Bellamy (lead vocals, guitar, keyboards), Chris Wolstenholme (bass guitar, backing vocals), and Dominic Howard (drums, percussion).

Muse released their debut album, ""Showbiz,"" in 1999, which featured Bellamy's falsetto and a melancholic alternative rock style. Their second album, ""Origin of Symmetry"" (2001), incorporated wider instrumentation and classical influences and contributed to their reputation for energetic live performances. <a href=""https://www.last.fm/music/Muse"">Read more on Last.fm</a>",
Desert Sessions,399119,7989732,"The Desert Sessions are a musical improv series ""that cannot be defined."" Founded by Josh Homme in 1997. Artists such as PJ Harvey, Jeordie White, Dave Catching, Nick Oliveri, Mark Lanegan, Chris Goss, Alain Johannes, Dean Ween, Gene Trautmann, and many others have contributed as songwriters and musicians.

The Sessions began in August 1997 at a place called Rancho de la Luna in Joshua Tree, California, when Homme brought together musicians from the bands Monster Magnet, Goatsnake, earthlings?, Kyuss and Soundgarden. <a href=""https://www.last.fm/music/Desert+Sessions"">Read more on Last.fm</a>",
No Te Va Gustar,196084,6047745,"No Te Va Gustar, also known by its initials NTVG, is a rock band from Uruguay. The members are: Emiliano Brancciari (vocals and guitar), Guzmán Silveira (bass and backup vocals), Diego Bartaburu (drums), Gonzalo Castex (percussion), Martín Gíl (trumpet and backup vocals), Denis Ramos (trombone), Mauricio Ortiz (tenor saxophone), Marcel Curuchet (keyboards) and Pablo Coniberti (guitar).

No Te Va Gustar was formed in 1994, when most of its members were around the age of 16. <a href=""https://www.last.fm/music/No+Te+Va+Gustar"">Read more on Last.fm</a>",
Pink Floyd,5344169,583362534,"Pink Floyd was an English rock band formed in London in 1965. Gaining an early following as one of the first British psychedelic groups, they were distinguished by their extended compositions, sonic experimentation, philosophical lyrics and elaborate live shows. They became a leading band of the progressive rock genre, cited by some as the greatest progressive rock band of all time.

Pink Floyd were founded in 1965 by Syd Barrett (guitar, lead vocals) <a href=""https://www.last.fm/music/Pink+Floyd"">Read more on Last.fm</a>",United Kingdom
Audioslave,3181163,90585958,"Audioslave was an American hard rock supergroup that formed in Los Angeles, CA in 2001. It consisted of Soundgarden frontman and rhythm guitarist Chris Cornell and the former instrumentalists of Rage Against the Machine: Tom Morello (lead guitar), Tim Commerford (bass and backing vocals) and Brad Wilk (drums). 

Audioslave released three successful albums, received three Grammy nominations, sold more than eight million records worldwide, and became the first American rock band to perform an open-air concert in Cuba. <a href=""https://www.last.fm/music/Audioslave"">Read more on Last.fm</a>",United States
Peter Frampton,676739,6128675,"Peter Frampton (born 22 April 1950 in Beckenham, Kent) is a British musician, best known today for his multi-platinum selling solo work in the mid-70s when he was  an ""arena rocker"". He originally became famous, however, as a young member of psychedelic era band The Herd and became a teen idol in Britain. Steve Marriott reportedly wanted to bring the 18-year-old Frampton into the Small Faces lineup but ended up starting Humble Pie with Frampton instead. <a href=""https://www.last.fm/music/Peter+Frampton"">Read more on Last.fm</a>",United Kingdom
Elvis Presley,4308795,144666438,"Elvis Aaron Presley (January 8, 1935 – August 16, 1977) was an American singer and actor. Regarded as one of the most significant cultural icons of the 20th century, he is often referred to as the ""King of Rock and Roll"" or simply ""the King"".

Presley was born in Tupelo, Mississippi, and relocated to Memphis, Tennessee, with his family when he was 13 years old. His music career began there in 1954, recording at Sun Records with producer Sam Phillips, who wanted to bring the sound of African American music to a wider audience. <a href=""https://www.last.fm/music/Elvis+Presley"">Read more on Last.fm</a>",United States
Los Animalitos,1140,3922,biografia no encontrada,
Alter Bridge,1135968,44757617,"Alter Bridge is an American rock band from Orlando, Florida. The band was formed in 2004 by vocalist and rhythm guitarist Myles Kennedy, lead guitarist Mark Tremonti, bassist Brian Marshall and drummer Scott Phillips. After their former band Creed became inactive in 2003, Tremonti and Phillips formed a new band with former bandmate Marshall and new member Kennedy; Alter Bridge was formally unveiled in January 2004, months before Creed's official breakup in June. <a href=""https://www.last.fm/music/Alter+Bridge"">Read more on Last.fm</a>",United States
Catupecu Machu,100229,1993443,"Catupecu Machu is an Argentine rock band. Its current band members are Fernando Ruíz Díaz in voices and guitar; Gabriel Ruíz Díaz in bass guitar, special effects, samplers, voices and production; Javier ""Il Grosso"" Herrlein in drums and accordion; and Macabre (Martín Gonzalez) in keyboards and samplers.

On March 31, 2006 Gabriel Ruíz Díaz crashed his car against a tree. He suffered severe head trauma and loss of brain matter. He is now stable, but his future as a member of the band is still unknown. <a href=""https://www.last.fm/music/Catupecu+Machu"">Read more on Last.fm</a>",
The Cult,893213,17032850,"The Cult is an English rock band formed in 1983 in Bradford, West Yorkshire. Before settling on their current name in January 1984, the band performed under the name Death Cult, which was an evolution of the name of lead singer Ian Astbury's previous band Southern Death Cult. They gained a dedicated following in the United Kingdom in the mid-1980s as a post-punk/gothic rock band, with singles such as ""She Sells Sanctuary"", before breaking into the <a href=""https://www.last.fm/music/The+Cult"">Read more on Last.fm</a>",
Shinedown,1725618,62639398,"Shinedown is a Hard Rock band from Jacksonville, Florida. Shinedown was formed in early 2002 by Brent Smith, Jasin Todd, Brad Stewart, and Barry Kerch. They have released seven albums on Atlantic Records: ""Leave a Whisper"" (2003),""Us and Them"" (2005), ""The Sound of Madness"" (2008), ""Amaryllis"" (2012), ""Threat to Survival"" (2015) , ""Attention Attention"" (2018) and 
""Planet Zero"" (2022). As of 2018, the band has had 23 Top 5 hits on Mainstream Rock radio, including 12 number one singles, and a Top 10 hit on the Hot 100 with ""Second Chance"". <a href=""https://www.last.fm/music/Shinedown"">Read more on Last.fm</a>",
Jet,2608205,38473237,"Jet found international popularity during the early 2000s, a period in which the band's mix of Exile on Main St. swagger and brash, AC/DC-styled stomp dovetailed nicely with America's garage rock revival. Hailing from Melbourne and comprising guitarist Cameron Muncey, drummer Chris Cester, bassist Mark Wilson, and frontman Nic Cester, the foursome formed just as the new millennium was beginning. They quickly self-released 2002's Dirty Sweet, a vinyl-only EP that proved to be quite popular in Australia. <a href=""https://www.last.fm/music/Jet"">Read more on Last.fm</a>",
Fleetwood Mac,4617403,265922639,"Fleetwood Mac is a British-American rock band, formed in London in 1967. Fleetwood Mac was founded by guitarist Peter Green, drummer Mick Fleetwood and guitarist Jeremy Spencer, before bassist John McVie joined the lineup for their self-titled debut album. Danny Kirwan joined as a third guitarist in 1968. Keyboardist Christine Perfect (later known as Christine McVie), who contributed as a session musician from the second album, married McVie and joined in 1970. <a href=""https://www.last.fm/music/Fleetwood+Mac"">Read more on Last.fm</a>",
ASIAN KUNG-FU GENERATION,665682,42405099,"ASIAN KUNG-FU GENERATION (アジアン・カンフー・ジェネレーション Ajian Kanfuu Jenereeshon) is a Japanese alternative/indie rock band formed in Yokohama in 1996.

Members:
Vocals & Guitar: 後藤正文 (Masafumi Gotoh)
Guitar & Vocals: 喜多建介 (Kensuke Kita)
Bass & Vocals: 山田貴洋 (Takahiro Yamada)
Drums: 伊地知潔 (Kiyoshi Ijichi)


History:

Starting out as a college band, Asian Kung-Fu Generation released a series of independent EPs featuring lyrics mostly sung in English. <a href=""https://www.last.fm/music/ASIAN+KUNG-FU+GENERATION"">Read more on Last.fm</a>",Japan
Bon Jovi,4084991,119745044,"Bon Jovi is an American rock band formed in 1983 in Sayreville, New Jersey. It consists of singer Jon Bon Jovi, keyboardist David Bryan, drummer Tico Torres, guitarist Phil X, and bassist Hugh McDonald. Original bassist Alec John Such quit the band in 1994, and longtime guitarist and co-songwriter Richie Sambora left in 2013. The band has been credited with ""[bridging] the gap between heavy metal and pop with style and ease"".

In 1984 and 1985, Bon <a href=""https://www.last.fm/music/Bon+Jovi"">Read more on Last.fm</a>",United States
Green Day,6354891,421039794,"Green Day is an American punk rock band formed in the East Bay of California in 1987 by lead vocalist and guitarist Billie Joe Armstrong together with bassist and backing vocalist Mike Dirnt. For most of the band's career, they have been a power trio with drummer Tré Cool, who replaced John Kiffmeyer in 1990 before the recording of the band's second studio album, Kerplunk (1991). Before taking its current name in 1989, Green Day was called Blood Rage, then Sweet Children. <a href=""https://www.last.fm/music/Green+Day"">Read more on Last.fm</a>",United States
Spandau Ballet,1281144,12778001,"Spandau Ballet are a popular British pop band most prominent during the 80s, at the beginning of which they were forerunners of the British new romantic movement. Its members are singer-songwriter Tony Hadley on vocals, brothers Gary Kemp and Martin Kemp on guitar and bass respectively, with Gary also supplying background vocals, Steve Norman on saxophone, and John Keeble on the drums. Gary Kemp also wrote or co-wrote most of the group's music and lyrics. <a href=""https://www.last.fm/music/Spandau+Ballet"">Read more on Last.fm</a>",United Kingdom
Simon & Garfunkel,3425240,108336400,"Paul Simon and Art Garfunkel was an American folk rock duo, songwriters, and singers known collectively as Simon & Garfunkel. They formed the group Tom and Jerry in 1957 in Queens, New York, and had their first taste of success with the minor hit ""Hey Schoolgirl"". As Simon and Garfunkel, the duo rose to fame in 1965 backed by the hit single ""The Sound of Silence"". Their music was featured in the landmark film The Graduate, propelling them further into the public consciousness. <a href=""https://www.last.fm/music/Simon+&+Garfunkel"">Read more on Last.fm</a>",United States
Manic Street Preachers,1348393,53241118,"Manic Street Preachers is an alternative rock band from Blackwood, Wales, formed in 1986. Often referred to as ""the Manics"", they are James Dean Bradfield (vocals, guitars), Nicky Wire (bass, occasional vocals) and Sean Moore (drums, backing vocals, occasional trumpet). The band were originally a quartet: lyricist and rhythm guitarist Richey Edwards mysteriously vanished on 1 February 1995. He was declared presumed deceased in November 2008.

The Manics released their debut album Generation Terrorists in 1992. <a href=""https://www.last.fm/music/Manic+Street+Preachers"">Read more on Last.fm</a>",
David Bowie,5387128,385438363,"David Robert Jones (8 January 1947 – 10 January 2016), known professionally as David Bowie, was an English singer-songwriter and actor. A leading figure in the music industry, he is regarded as one of the most influential musicians of the 20th century. Bowie was acclaimed by critics and musicians, particularly for his innovative work during the 1970s. His career was marked by reinvention and visual presentation, and his music and stagecraft had a significant impact on popular music. <a href=""https://www.last.fm/music/David+Bowie"">Read more on Last.fm</a>",
Vicentico,213697,2918747,"Gabriel Julio Fernández Capello ""Vicentico"" (24 of July of 1964, Buenos Aires,  Argentina) , is a musician and composer. Co-founder and vocals of the ""Fabulosos Cadillacs"" with Flavio Cianciarullo. He stayed with this band from 1984 to 2001 until he left the band to become a Soloist.

On his first album, Vicentico displays rythms from his past with the 'Cadillacs', Bossa Nova to gypsy and ballads. With strong drums in all his tracks, his voice and identity are hard to mistake. With 12 tracks, 11 of which are by him. <a href=""https://www.last.fm/music/Vicentico"">Read more on Last.fm</a>",
Cypress Hill,2231341,52978227,"Cypress Hill is an American hip-hop group from South Gate, California. Cypress Hill was the first latino group to have platinum and multi-platinum albums and one of the first rap groups to gain a following with fans of hard rock and metal. The band was originally called DVX, but the name was changed after Mellow Man Ace left in 1988.

Their first album, which was self-titled, was released in August 1991. Its single was ""Phuncky Feel One"", but it was <a href=""https://www.last.fm/music/Cypress+Hill"">Read more on Last.fm</a>",United States
Intoxicados,121284,3514146,"Banda de Cristian 'el Pity' Alvarez, formada al finalizar Viejas Locas. Mas alla del Rock Stone caracteristico, tambien exploran en el hip-hop, reggae o con bases electronicas <a href=""https://www.last.fm/music/Intoxicados"">Read more on Last.fm</a>",
Eric Clapton,3343441,79804379,"Eric Patrick Clapton CBE (born 30 March 1945) is an English rock and blues guitarist, singer, and songwriter. He is regarded as one of the most successful and influential guitarists in rock music. He ranked second in Rolling Stone's list of the ""100 Greatest Guitarists of All Time"" and fourth in Gibson's ""Top 50 Guitarists of All Time"". In 2023, Rolling Stone named Clapton the 35th best guitarist of all time. He was also named number five in Time magazine's list of ""The 10 Best Electric Guitar Players"" in 2009. <a href=""https://www.last.fm/music/Eric+Clapton"">Read more on Last.fm</a>",
System of a Down,5622068,481959536,"System of a Down is an Armenian American metal band, formed in 1994 in Los Angeles, California, USA. All four members are of Armenian descent, and are widely known for their views expressed in many of their songs confronting the Armenian Genocide of 1915 by the Ottoman Empire and the ongoing War on Terror by the US government. The band consists of Serj Tankian (vocals), Daron Malakian (vocals, guitar), Shavo Odadjian (bass, vocals) and John Dolmayan (drums). <a href=""https://www.last.fm/music/System+of+a+Down"">Read more on Last.fm</a>",United States
Billy Joel,3859977,118388715,"Billy Joel (born William Martin Joel on May 9, 1949 in Bronx, New York, USA) is an American pianist, singer-songwriter, and composer. Since releasing his first hit song, ""Piano Man,"" in 1973, Joel has become a multi-million-selling recording artist. Joel recorded many popular hit songs and albums from 1971 until he stopped recording pop/rock music in 1993. He is one of the very few rock (or even pop) artists to have Top 10 hits in the '70s, '80s, and '90s. <a href=""https://www.last.fm/music/Billy+Joel"">Read more on Last.fm</a>",United States
Gary Moore,948112,17221499,"Gary Moore (born April 4, 1952 as Robert William Gary Moore in Belfast, Northern Ireland, United Kingdom; died February 6, 2011 in Malaga, Spain) is acknowledged as one of the finest guitarists to have originated in Ireland. He was a virtuoso guitarist and is considered by his fans to be one of the best guitar players ever.

In a career dating back to the 1960s he has played with bands including Thin Lizzy, Colosseum II, Greg Lake and Skid Row as well as having a successful solo career. <a href=""https://www.last.fm/music/Gary+Moore"">Read more on Last.fm</a>",
The Verve,3205261,57659097,"
The Verve (originally Verve) was an English alternative rock band. The band was formed in 1989 at Winstanley College, Wigan, Greater Manchester, England, by vocalist Richard Ashcroft, guitarist Nick McCabe, bassist Simon Jones and drummer Peter Salisbury. Simon Tong later became a member. The band originally split in 1995, but reunited in 1996 to great commercial success. They split once more in April 1999. The band reunited once more in June of 2007 <a href=""https://www.last.fm/music/The+Verve"">Read more on Last.fm</a>",
Calvin Russell,42087,466909,"Russell was born in Austin, Texas, on 1 November 1948. At age 12, Russell began learning guitar and at 13 joined a band called The Cavemen. In 1989, he met Patrick Mathe of the French record label, New Rose Records, while at a party in Austin and gave him a demo tape intended for noted Austin guitarist and producer, Charlie Sexton. 

He would go on to sign with the label releasing his first solo album in 1990 entitled A Crack In Time. In promotion of the album <a href=""https://www.last.fm/music/Calvin+Russell"">Read more on Last.fm</a>",France
Attaque 77,148538,3826049,"Formed in 1987 as a group of friends that joined to play their favorite songs, most of them by The Ramones, their favorite band and the one that most influenced them, they went into stage with the same punk style, lyrics with proletarian contents (about exploited factory workers, etc.) and the jean jackets that were one of their signatures in their beginnings. Though is difficult to recognize them now, because they have changed in many aspects and grown with their music <a href=""https://www.last.fm/music/Attaque+77"">Read more on Last.fm</a>",
Las Pelotas,95601,1818048,"Las Pelotas is an Argentinian rock band that originated from the separation of an older and pioneer band called Sumo. It is an alternative rock band that currently holds one of the top spots in popularity throughout Argentina.
Formed in 1988 in Buenos Aires.

First line-up
Germán Daffunchio (guitar)
Alejandro Sokol (main vocals)
Alberto ""Superman"" Troglio (drums)
Willy Robles (bass)

Second line-up
Germán Daffunchio (guitar and backing vocals)
Alejandro ""Bocha"" Sokol (main vocals) <a href=""https://www.last.fm/music/Las+Pelotas"">Read more on Last.fm</a>",Argentina
Babasonicos,165009,8533658,"Babasónicos' name is based on a tribute to Hindu prophet Baba combined with the name of a popular cartoon from the '70s. Singer Adrián Rodríguez, keyboardist Uma-T, guitarist Mariano Roger Sónico, bassist Gabo, percussionist Diego Uma, and drummer Diego Castellano recorded Pasto in 1992. That album included their hit song called ""De-generación."" As the popularity of this Latin rock group was growing, chances to play along with major bands came soon. <a href=""https://www.last.fm/music/+noredirect/Babasonicos"">Read more on Last.fm</a>",
Daryl Hall & John Oates,2356622,49165995,"From their first hit in 1974 through their heyday in the '80s, Daryl Hall and John Oates' smooth, catchy take on Philly soul brought them commercial success — including six number one singles and six platinum albums. Hall & Oates' music was well-constructed and produced; at their best, their songs were filled with strong hooks and melodies that adhered to soul traditions without being a slave to them by incorporating elements of new wave and hard rock. <a href=""https://www.last.fm/music/+noredirect/Daryl+Hall+&+John+Oates"">Read more on Last.fm</a>",
Lamp,1003910,64501158,"There is more than one artist with the name Lamp.

1. Lamp  (ランプ)  are a Japanese band formed in 2000. There are three members:

Taiyo Someya (染谷大陽; born 13 November 1979) - guitar, synthesizer, vibraphone
Yusuke Nagai (永井祐介; born 22 July 1980) – vocals, guitar, bass, keyboard
Kaori Sakakibara  (榊原香保里; born 17 November 1979) – vocals, flute, accordion

Formation
Someya started playing guitar in middle school. In the folk club during high school <a href=""https://www.last.fm/music/Lamp"">Read more on Last.fm</a>",Japan
Donavon Frankenreiter,789918,10378427,"Donavon Frankenreiter (born December 10, 1972, Downey, California) is an American musician and surfer. A long-time friend of musician Jack Johnson, his debut self-titled album was released in 2004 on Johnson's Brushfire Records through Universal Music. It made the Australian ARIA Top-40 charts in April 2004. In live shows he has performed as the Donavon Frankenreiter Band.

Frankenreiter started playing in the group, Peanut Butter and Jam, at the age of 18. <a href=""https://www.last.fm/music/Donavon+Frankenreiter"">Read more on Last.fm</a>",Australia
Aterciopelados,292018,4278608,"One of the first contemporary successful rock bands in Colombia, Los Aterciopelados is among the Latin American countries' top groups. Formed in 1992 in Bogotá, Colombia, the band has fused its own sound by combining a rock-solid approach and electronics with a variety of Latin American musical traditions including mariachi, bolero, tropical and flamenco. 

Aterciopelados, whose name translates as ""The Velvety Ones,"" was formed by former members of Delia Y Los Aminoacidos -- Andrea Echeverri <a href=""https://www.last.fm/music/Aterciopelados"">Read more on Last.fm</a>",United States
Pearl Jam,4209544,243334473,"Pearl Jam is an American grunge/alternative rock band formed in Seattle, Washington, in 1990. The band's lineup consists of founding members Jeff Ament (bass guitar), Stone Gossard (rhythm guitar), Mike McCready (lead guitar), and Eddie Vedder (lead vocals, guitar), as well as Matt Cameron (drums), who joined in 1998. Keyboardist Boom Gaspar has also been a touring/session member with the band since 2002. Drummers Jack Irons, Dave Krusen, Matt Chamberlain, and Dave Abbruzzese are former members of the band. <a href=""https://www.last.fm/music/Pearl+Jam"">Read more on Last.fm</a>",United States
PJ Harvey,2111896,101042390,"Polly Jean ""PJ"" Harvey, born 9 October 1969, is an English singer-songwriter. She is known primarily as a vocalist and guitarist, and is skilled in playing multiple instruments.

Harvey started her music career in 1988 by joining the local band Automatic Dlamini as a vocalist, guitarist, and saxophonist. John Parish, the band's frontman, has remained a long-term collaborator with her. In 1991, she formed a trio called PJ Harvey, marking the beginning of her career under that name. <a href=""https://www.last.fm/music/PJ+Harvey"">Read more on Last.fm</a>",
HIM,1524164,91805517,"There are multiple artists with this name;

1) HIM (sometimes stylized as H.I.M.) were a Finnish gothic rock band from Helsinki, Finland. Formed in 1991 by vocalist Ville Valo and bassist Mikko ""Mige"" Paananen under the name His Infernal Majesty, the band broke up in 1993, before being reformed in 1995 by Valo and guitarist Mikko ""Linde"" Lindström. After being rejoined by Mige, as well as new additions keyboardist Antto Melasniemi and drummer Juhana ""Pätkä"" Rantala, the band, now called HIM, released their debut album Greatest Lovesongs Vol. <a href=""https://www.last.fm/music/HIM"">Read more on Last.fm</a>",
Jack Johnson,3595949,182661851,"Jack Hody Johnson (born May 18, 1975 in North Shore, Oahu, Hawaii) is a singer, professional surfer, composer, and filmmaker who has achieved critical and commercial success and a dedicated following since he first appeared on G. Love & Special Sauce's album Philadelphonic. The release of his 2001 debut album, Brushfire Fairytales, further cemented his popularity and he has since released four more successful albums including 2003's On and On, 2005's In Between Dreams, 2008's Sleep Through the Static and 2010's To The Sea. <a href=""https://www.last.fm/music/Jack+Johnson"">Read more on Last.fm</a>",
The Vines,1353154,22410409,"Vines, the solo project of New York-based multi-instrumentalist and composer Cassie Wieland, offers a window into her inner world through expansive swaths of sound. She pieces together a celestial mix of synths, percussion, strings, and vocoded voice, making music that is at once deeply personal and cinematic in scope. This diaristic approach first took shape with her 2023 EP Birthday Party, and is crystallized on her debut LP, I'll be here. With the sweeping and vulnerable I'll be here <a href=""https://www.last.fm/music/The+Vines"">Read more on Last.fm</a>",
Sigur Rós,2379762,150198843,"Sigur Rós is an Icelandic post-rock band. The name is derived from the name of lead vocalist Jónsi Birgisson's little sister, Sigurrós. They hail from the same creative and vibrant Icelandic music scene as múm and Amiina. They released their first-ever foray into film-making with their tour documentary, Heima in late 2007. 

Jón Þór Birgisson (Jónsi), Georg Hólm, and Ágúst Ævar Gunnarsson formed the group in Reykjavík, Iceland in August 1994. <a href=""https://www.last.fm/music/+noredirect/Sigur+R%C3%B3s"">Read more on Last.fm</a>",
La-33,30529,252625,"La 33 is a Salsa Group from Bogota, Colombia. The Name refers on a name of a street in Bogota, where the band is located. The Group members are:

Sergio Mejía, Santiago Mejía, Guillermo Celis, David Cantillo, Diego Sánchez, Cipriano Rojas, Juan David Fernández, Roland Nieto, Felipe Cárdenas, Vladimir Romero, Jóse Miguel Vega

The website of the band www.la-33.com <a href=""https://www.last.fm/music/La-33"">Read more on Last.fm</a>",
Citizen Cope,673824,11504564,"Citizen Cope is a pseudonym of Clarence Greenwood, keyboardist, guitarist, singer, DJ, and record producer. Citizen Cope now lives in Brooklyn, New York.

Born in Memphis, Tennessee, Greenwood started his musical career as a DJ for the hip hop act Basehead, a group that would have a significant impact on his style as a solo-musician. Citizen Cope blends many genres of music, such as folk, blues, hip hop, rock, and R & B.

Greenwood first released a demo tape under the name Cope Citizen in the late '90s. <a href=""https://www.last.fm/music/Citizen+Cope"">Read more on Last.fm</a>",
Madrugada,284113,9819182,"Madrugada
«Chimes at Midnight»

When Madrugada regrouped to celebrate the 20th Anniversary of their classic debut album «Industrial Silence» in 2019, they quickly realised that interest in the band had not waned in their absence. It had, in fact, increased, not least on the European continent.

What’s more, they realised that they loved being back together. Being in Madrugada had never been quite this much fun.

Says vocalist and guitarist Sivert Høyem: «It was if as the last piece of the puzzle had snapped into place. <a href=""https://www.last.fm/music/Madrugada"">Read more on Last.fm</a>",
Cheap Trick,1359184,16397362,"Cheap Trick is an American power pop/rock n roll band from Rockford, Illinois that's played for over four decades, and in 2016 was inducted into the Rock & Roll Hall of Fame. Having gained popularity in the late-70s centered within the Midwest and within Japan, the band members are Rick Nielsen (guitarist and main songwriter), Bun E. Carlos (born Brad Carlson) (drums), Robin Zander (vocals and guitars), and Tom Petersson (bass guitar). Though they <a href=""https://www.last.fm/music/Cheap+Trick"">Read more on Last.fm</a>",United States
Linkin Park,6669017,684106461,"Linkin Park is an American alternative rock band from Agoura Hills, California. The band's current lineup comprises of vocalist/rhythm guitarist/keyboardist Mike Shinoda, lead guitarist Brad Delson, bassist Dave Farrell, DJ/turntablist Joe Hahn, drummer Colin Brittain, and lead vocalist Emily Armstrong. Shinoda, Delson, Farrell and Hahn are founding members. Vocalists Mark Wakefield, Chester Bennington & drummer Rob Bourdon are former members of the band. <a href=""https://www.last.fm/music/Linkin+Park"">Read more on Last.fm</a>",United States
Avenged Sevenfold,2767399,212894781,"Avenged Sevenfold (often abbreviated to A7X) is a heavy metal/hard rock band which formed in 1999 in Huntington Beach, California, United States. The band consists of vocalist M. Shadows, lead guitarist Synyster Gates, rhythm guitarist Zacky Vengeance, bassist Johnny Christ, and former Bad Religion and Suicidal Tendencies drummer Brooks Wackerman (2016-present). Heartbreakingly, the band's best friend and original drummer James ""The Rev"" Sullivan passed away in 2009. <a href=""https://www.last.fm/music/Avenged+Sevenfold"">Read more on Last.fm</a>",
The White Stripes,4723419,194845348,"The White Stripes was an alternative rock band, formed in 1997 in Detroit, Michigan, United States. They disbanded in 2011. The group consisted of songwriter Jack White (vocals, piano/keyboards, guitar) and Meg White (drums, vocals).

After releasing several singles and three albums within the Detroit independent music underground, The White Stripes rose to prominence in 2002, as part of the garage rock revival scene. Their successful albums White <a href=""https://www.last.fm/music/The+White+Stripes"">Read more on Last.fm</a>",
Five for Fighting,1001944,12457597,"Five for Fighting is the stage name of U.S. singer-songwriter John Ondrasik. His latest work being 2013's 'Bookmarks', his breakout into international success came with his 2000 album 'America Town', which went platinum in the U.S. due to the widespread acclaim of his song ""Superman (It's Not Easy)"" in late 2001. His 2004 album 'The Battle For Everything' has also enjoyed considerable chart success in the U.S. Ondrasikhas released a DualDisc of his 2004 album as well <a href=""https://www.last.fm/music/Five+for+Fighting"">Read more on Last.fm</a>",
Gustavo Cerati,497364,37096254,"Gustavo Adrián Cerati Clarke, (Buenos Aires - Argentina: August 11th, 1959 --- September 4th, 2014: Buenos Aires - Argentina) better known as Gustavo Cerati was an Argentinean guitarist, producer, occasional bass player, dj, lyricist, and vocalist. During the 1980's and until the mid-1990's he was the visible leader of Soda Stereo, -arguably one of Latin America's most important rock bands. 

Cerati was in a coma for over four years, after suffering a stroke on May 15 <a href=""https://www.last.fm/music/Gustavo+Cerati"">Read more on Last.fm</a>",
Robbie Williams,2767784,69627507,"Robert Peter Williams (born 13 February 1974) is an English singer and songwriter. He found fame as a member of the pop group Take That from 1990 to 1995, and achieved commercial success after launching a solo career in 1996. His debut studio album, Life thru a Lens, was released in 1997, and included his signature song, ""Angels"". His second album, I've Been Expecting You, featured the songs ""Millennium"" and ""She's the One"", his first number one singles. <a href=""https://www.last.fm/music/Robbie+Williams"">Read more on Last.fm</a>",
Panchiko,1001231,66524330,"Panchiko are an English alternative rock band formed in Nottingham, England in 1997, originally consisting of lead vocalist and guitarist Owain Davies, guitarist and keyboardist Andrew ""Andy"" Wright, bassist Shaun Ferreday, and a drummer named John. Panchiko's members were childhood friends with cheap equipment, who founded the band in 1997 as teenagers. On 21 July 2016, a 4chan user reported that they had found a copy of D>E>A>T>H>M>E>T>A>L in an Oxfam charity store in Sherwood, Nottingham. <a href=""https://www.last.fm/music/Panchiko"">Read more on Last.fm</a>",
