Artista,Género,Tipo,Nombre,Año,ID
Greg Brown,blues,track,Blue Car,2000.0,3gIRDIOGmLc1WBhlcv35O5
James Intveld,blues,track,Love Calls,2000.0,3x5EuJxLpjk0vIV5iMpd1i
Murali Coryell,blues,track,Softly Let Me Kiss Your Lips,2000.0,5cDIbJtehjhImG8eytKwGw
Joe Bonamassa,blues,track,"Miss You, Hate You",2000.0,270fcAQl6cPF3S3ZQiPNon
Sean Costello,blues,track,Double Trouble,2000.0,0DeGKiRiCK6Hv8ivuojSdH
The White Stripes,blues,track,Death Letter,2000.0,78ZPgT0agDUG95ByxpTNBP
Freddie King,blues,track,Five Long Years - Remastered,2000.0,56cQKq9cveZtNl2c284ttH
Freddie King,blues,track,Me And My Guitar,2000.0,0QpxUzXEI3ZjJeo6dDFgV7
Joe Bonamassa,blues,track,A New Day Yesterday,2000.0,1vm3dobPEhe6ZVhhbtiaWO
Johnny & The Jailbirds,blues,track,Roll On (Clickety Clack),2000.0,3Lez3vHWLiqZkfUZjbstXz
Peter Green Splinter Group,blues,track,I'm A Steady Rollin' Man - Studio,2000.0,2695otTpDzVxoWa0BDZmoD
Chris Smither,blues,track,Link Of Chain,2000.0,16N2lpCidTNYdNq2YZhE98
Mark Selby,blues,track,You're Gonna Miss My Love,2000.0,0jZJc4oCRBBHvzK3cd4342
Chris Smither,blues,track,I Am The Ride,2000.0,5DFNZIBtwTmcEjZNuovJQ9
Jimmy Rogers,blues,track,You're Sweet,2000.0,1yvTGo5neAri7tdlc0zhOf
Coco Montoya,blues,track,"Good Days, Bad Days",2000.0,66YScT9ixRBmW6wFoYjQJj
Blue Stew,blues,track,Bringing Home The Blues,2000.0,3DmVpgHrFO7VNAC3RHXe6Y
Lonnie Brooks,blues,track,Two Guitars Shuffle - Take 2,2000.0,46uYtQlZwFZ1RdJYRblEwM
Lucky Lloyd,blues,track,I Feel The Pain,2000.0,2xO8Qjuf11PmyDG367E7qC
Eric Clapton,blues,track,Days of Old,2000.0,0FSYTwx4rU8zXbDotK08MN
The White Stripes,blues,track,Little Bird,2000.0,7uYoO8Jt7BUib2teUpLFLZ
Eddy Wilsons Blues Band,blues,track,I Just Can't Wait No More,2000.0,2xLbcLVaPhswWtf8rkBa51
Gomez,blues,track,Machismo,2000.0,53YV9igWx2KDJDaByNru3S
Eric Clapton,blues,track,I Wanna Be,2000.0,2JfEpNSiHz7X0lT3RlcUuL
Calvin Russell,blues,track,That Woudn't Be Enough,2000.0,546IGaq08nvVxVSMUQta82
George Thorogood & The Destroyers,blues,track,If You Don't Start Drinkin' (I'm Gonna Leave),2000.0,1XV97m6mzheMHFbF9XlnMP
R.L. Burnside,blues,track,Bad Luck City,2000.0,1n9PUTUa3NkYqkUHQ11rwm
Mark Selby,blues,track,Kink In The Chain,2000.0,0FSwHcnyYV4MQeJNGLWqn9
Blues Company,blues,track,My Little Angel,2000.0,7pl3bhnRrfYEcw0kg5cHjv
Chris Thomas King,blues,track,Hard Time Killing Floor Blues,2000.0,3rlPaBlRjyNKHzJsvKV6dP
Solomon Burke,blues,track,Proud Mary,2000.0,1DoB9qQAEHwV9s5BWofgUm
Deborah Coleman,blues,track,I'm A Woman,2000.0,0HPazJXESVCimRyMggplg5
Julian Sas,blues,track,Blues for J,2000.0,7ATNFqcr0pTZuFendjxtpk
B.B. King,blues,track,How Blue Can You Get?,2000.0,1zuVsc5gf2S2Fp5achygUi
Solomon Burke,blues,track,I'll Be Doggone,2000.0,50v0EN7BuMhNTyYqA41adj
Guru,blues,track,Plenty,2000.0,6zSe7ZKNjb6Zl5AP78y5QN
The White Stripes,blues,track,Hello Operator,2000.0,7zPxIh1c3kJaNwmjdZ3GQX
Calvin Russell,blues,track,Crossroads,2000.0,06jV48CGewrRuHeVIUA4ze
Eric Clapton,blues,track,Marry You,2000.0,3izCarsX6zxJ216lnid5qR
Eric Clapton,blues,track,Worried Life Blues,2000.0,2fdhU7kBO3WVYkWJnYAlO3
Eric Clapton,blues,track,Hold On I'm Coming,2000.0,0XFJaXsCH4sSni128GpPls
Eric Clapton,blues,track,Come Rain or Come Shine,2000.0,2Z7U506Agti2s9uxP564LE
Eric Clapton,blues,track,Help the Poor,2000.0,1zdJVsBmTNavn5u2GSqWkW
Eric Clapton,blues,track,When My Heart Beats Like a Hammer,2000.0,7cBSTKsHmyjqp5euTS5yCM
Mark Selby,blues,track,Don't You Throw That Mojo On Me,2000.0,54KR62xO0Z7OF77FpcjGGo
Eric Clapton,blues,track,Ten Long Years,2000.0,2bykT1h4Tb2Scaw0QcqYBA
Etta James,blues,track,Miss You,2000.0,4JVeqfE2tpi7Pv63LJZtPh
Eric Clapton,blues,track,Three O'Clock Blues,2000.0,6lWxIJH0CyUtmFaIAeVmTQ
Eric Clapton,blues,track,Key to the Highway,2000.0,1a0CDu5jpwW2arT34HbwUP
Eric Clapton,blues,track,Riding With the King,2000.0,0U6wNkZaQUTBrCLbhbbRgS
Rascal Flatts,blues,track,I'm Movin' On,2000.0,7gpuC3rLKkI7PoJcEnSIO6
Johnny & The Jailbirds,blues,track,Rockin' the Blues Away,2000.0,1myqk2BTZIfAvGJY8C0Lrl
Mojo Blues Band,blues,track,Wee Baby Blues,2000.0,0VziYoppHx4lOJQUDOqDl1
R.L. Burnside,blues,track,Got Messed Up,2000.0,3J8D4mxkDl7YBJu0cCVbNI
Nappy Brown,blues,track,Love Locks,2000.0,0uE00jXki2CKFcIZRfCZ53
Coco Montoya,blues,track,Nothing But Love,2000.0,3uU9xb3RmfQEwbnlikdKJM
Mississippi John Hurt,blues,track,Coffee Blues,2000.0,16GdiwewBf99MhUSVsxUBe
Joe Bonamassa,blues,track,Colour and Shape,2000.0,4vWeqYSux6JHbcRDBknsRa
Sonny Rollins,blues,track,Sonnymoon For Two,2000.0,58auzrd6rwCLuWleG4bCAy
James Intveld,blues,track,Modern Don Juan,2000.0,1iufJsYASeY1I57AosUBhC
Wes Montgomery,blues,track,D-Natural Blues,2000.0,5fxPh44pYzAR5M5KW5SdMk
John Littlejohn,blues,track,Sweet Little Angel,2000.0,0eNlLMGiQcQRcUClHYiicl
Tadg Galleran,blues,track,Stagger Lee,2000.0,0pZHA4QJjCl1n4EFkpuepb
Chris Smither,blues,track,No Love Today,2000.0,6KmJfZCd5f4P11vuglbIrN
Chris Smither,blues,track,Slow Surprise,2000.0,4AVuDNWohEaQQZJ3fSt9M8
Mississippi John Hurt,blues,track,Pay Day,2000.0,29Q6NQ4WsPYTsZ8nhdAhfo
Steve Vaus,blues,track,Everybody Told Me,2000.0,3vAU4lGghbyWGYqFQFPxCB
Joe Bonamassa,blues,track,If Heartaches Were Nickels,2000.0,017d9sEiXW5QsPhlFOE7TG
La Mississippi,blues,track,Un Poco Mas,2000.0,3nM4VFUnGA9rT3Smk1WFJ0
Jools Holland,blues,track,I'm In The Mood For Love,2000.0,1K2mskoYmN2Z05e6colFcr
Joe Bonamassa,blues,track,Head Aches to Heart Breaks,2000.0,20XTWISYlgsJ0b35cKB1TO
B.B. King,blues,track,I Like To Live The Love,2000.0,65k1tfjXmOYbc3aLB3wliS
Dr. John,blues,track,Solitude,2000.0,1ViGgioq3zeIkA9B95j0Wo
Walter Trout and The Free Radicals,blues,track,Let Me Know - Live,2000.0,6VfK8MlwXtfKZEGCpE1OLk
Mark Selby,blues,track,Smoked,2000.0,4syOaApfBfZeTIv5XcP584
Johnny & The Jailbirds,blues,track,Too Much,2000.0,6REZePiAWXdIk1sYvUChal
Jimmy Thackery And The Drivers,blues,track,Chained To The Blues Line,2000.0,4Bv1m8dBj1E94sxBfPlN7x
Johnny & The Jailbirds,blues,track,Shake It Up,2000.0,4xYkTCChNbbNigOSSSc9vt
Julian Sas,blues,track,Working Man's Blues,2000.0,7hDksuyOEN9trOQm7QyU0T
Lonnie Brooks,blues,track,Sweet Home Chicago,2000.0,6IIngEBJRQQumwt1MA3Y6y
Peter Green Splinter Group,blues,track,Sweet Home Chicago - Studio,2000.0,0znXZlsMDXLiTeK1IoG0XD
Mark Selby,blues,track,What Am I Doin',2000.0,6CDjI2pTAxgGe7GSfppPi1
Denise LaSalle,blues,track,Trapped By a Thing Called Love,2000.0,6T3TfV8M5drXuQ35TgdGVL
The Robert Cray Band,blues,track,Love Gone to Waste,2000.0,0tMr3kcYlbktwHdfpBZmL0
Blues Company,blues,track,Run Your Finger Through My Hair,2000.0,0TEsHUsXothgvoHyZlx6wO
Calvin Russell,blues,track,Where the Blues Get Born,2000.0,1auCKIkY3Doo3me3WRI36z
Chris Smither,blues,track,Killing the Blues,2000.0,76CtO0Xm5paZVEVRxoG9rz
Freddie King,blues,track,Going Down - Remastered 2000,2000.0,0JmzkCi9xu32A1idZ6ROBX
Joe Dassin,blues,track,Si Tu Me Extranas (Si Tu Penses A Moi)-(Now Woman No Cry) - Version Espagnole,2000.0,6gzjxUXZ1LW82onjWwzlEI
Nappy Brown,blues,track,"Well, Well, Well Baby LA",2000.0,26wbI9PC17C8AszrgaaxJi
Johnny & The Jailbirds,blues,track,Real Gone Rocker,2000.0,2N3xtEsA1CX7cst2zqVqlY
Big Mama Thornton,blues,track,Gonna Leave You,2000.0,1dEkRQ2ASVMTLF7Ig5Mud7
B.B. King,blues,track,I Know,2000.0,1LSC4TKKoJCbpAEsyvRmkQ
Wes Montgomery,blues,track,Four On Six,2000.0,2Mq2Fzc9HBgvsijVFdSXUl
Solomon Burke,blues,track,Uptight Good Woman,2000.0,13AUYiz7PWyjeWdJQW21wD
Ellis Hall,blues,track,Flip Flop and Fly,2000.0,4Oh9rODvqWz9kfT5FeXZqy
Julian Sas,blues,track,Blues for the Lost and Found,2000.0,2MLkhRevYCibfPpHxlIAq6
Dr. Feelgood,blues,track,You Gotta Help Me,2000.0,24LEsorak3E3tyIW0LLFpX
The White Stripes,blues,track,Truth Doesn't Make a Noise,2000.0,4cuKwDw7T3JELdePWwa3hZ
Jimmy Thackery And The Drivers,blues,track,Blues 'Fore Dawn - Instrumental,2000.0,0ddS9gxgh8EECW1wemruyi
R.L. Burnside,blues,track,Too Many Ups,2000.0,1uPvVSSe0u55thfPeNMdBI
Chris Smither,blues,track,Cave Man,2000.0,7Ev2BC5iwtLVqOFEOxkaWg
Keb' Mo',blues,track,Gimme What You Got,2000.0,0jwAYxpZTG7i7b0kJwncwQ
Wes Montgomery,blues,track,West Coast Blues,2000.0,5vooXq1F3SrYJl8TGtMsHA
Nappy Brown,blues,track,Skidy Woe,2000.0,7dQAOrvHztTE0ONRKeVr1W
The White Stripes,blues,track,Why Can't You Be Nicer to Me?,2000.0,2mcIqH8wKpaRr554Tj4tFM
Patrick Yandall,blues,track,Blues On 5th Avenue,2000.0,2AmEPE041ByXKpMuNGlfPf
Jimmy Rogers,blues,track,Gold Tailed Bird,2000.0,1SgQhS2rBcpPM41hABnSap
R.L. Burnside,blues,track,Nothin' Man,2000.0,4jiYgkhW4duSaylPxCWrLS
Freddie King,blues,track,Big Legged Woman - Remastered,2000.0,2DQNcMIYVQwpShcFU9GZfV
Sam Cooke,blues,track,Movin' and Groovin',2000.0,4jaLgfNiPUQKpMfdTUG00J
Calvin Russell,blues,track,Rats and Roaches,2000.0,04jcKEKasC0Za3Lwij8Qs3
Johnny & The Jailbirds,blues,track,Pretending,2000.0,2MfCuw9W2aBtamGmCCcNtE
Ten Years After,blues,track,Good Morning Little Schoolgirl - Live,2000.0,3mqtOBDCacrTc5wwpvaqIn
The White Stripes,blues,track,"Sister, Do You Know My Name?",2000.0,1h1CncaFyTssQ9zGiHy1Ez
Sista Monica,blues,track,Honey It's Your Fault,2000.0,5YpqRyGuBn5etkcVncz6fv
B.B. King,blues,track,I Got Some Help I Don't Need,2000.0,3hOhranovtYFweLwF5UHaU
Freddie King,blues,track,Reconsider Baby - Remastered,2000.0,5Avx6u0cFb5P0fL4qzijGC
Blues Company,blues,track,Invitation to the Blues,2000.0,6KgCVYAl7OUOlsKy3k7Ajj
B.B. King,blues,track,Never Trust A Woman,2000.0,4IISGbUpoUAXqDdZews1ve
Johnny & The Jailbirds,blues,track,She Can Blow It,2000.0,0PBUMWVAhjcAWmCVD0nCVh
Calvin Russell,blues,track,I Gave My Soul to You,2000.0,11aV4H2ByFqHmeqptCRfed
Shemekia Copeland,blues,track,Beat Up Guitar,2000.0,5MXGqDBmhnHELueZgK6ypP
Mississippi John Hurt,blues,track,Spike Driver Blues,2000.0,0QcYseQfUmZpjXGoXDT9z4
Gov't Mule,blues,track,Bad Little Doggie,2000.0,0J7W6f3S8CienuTyjZOGzh
Status Quo,blues,track,Sweet Home Chicago,2000.0,4PH13VJJov8vDEvtZXmMO1
Mark Selby,blues,track,More Storms Comin',2000.0,1jX7dfgIhSxeKN0tsF4Qd5
Sista Monica,blues,track,You're Only Good For One Thang Baby,2000.0,0CLPTSldV2Dp016RKyBUqi
Son House,blues,track,Grinnin' In Your Face,2000.0,1JIIvzT8aX6v7LmZ1FolCM
Chris Smither,blues,track,Hold On I,2000.0,5hN4Rb80cAYgzl48f0r8ED
R.L. Burnside,blues,track,Wish I Was in Heaven Sitting Down,2000.0,23Ry7IvrU6JBcxkpdqsPaw
Joe Bonamassa,blues,track,Walk In My Shadow,2000.0,6d9qqpoy4h5jaxLqtXTPp5
James Intveld,blues,track,One Sweet Letter,2000.0,6MAk3v3dnzC4PefLYb2Khk
Rusty Zinn,blues,track,Just Like A Fish,2000.0,70ip0BmVSrmwxhWHOj58uf
Etta James,blues,track,Hound Dog,2000.0,52auP9OuR9q0qR2OQxM5l0
Tommy Johnson,blues,track,Canned Heat Blues,2000.0,1Uk2MppskA0wnHUj8JwYfC
R.L. Burnside,blues,track,Chain of Fools,2000.0,3KnL2z3TlXXXR8FajWlMKC
Heidi Hauge,blues,track,Seven Spanish Angels,2000.0,5HUAeWErePG0lltQXvIFdi
R.L. Burnside,blues,track,Hard Time Killing Floor,2000.0,6gQ9gDBM2FZ7sOtkxWL59B
Etta James,blues,track,Gotta Serve Somebody,2000.0,3znc6Qz7GFhxpCIunARAuq
Julian Sas,blues,track,A Light in the Dark,2000.0,4Qwp0cKTBpzTkDJ7irbA33
B.B. King,blues,track,Makin' Love Is Good For You,2000.0,3V4cXvtMvp38DRAa666XRp
The Robert Cray Band,blues,track,All the Way,2000.0,4AdSZ9NCONM50Nu4xGCAO3
The Brian Setzer Orchestra,blues,track,Jumpin' East Of Java,2000.0,7lEB9zJVSZjohbGGfiFsc6
Big Bill Broonzy,blues,track,"Hey, Hey Baby",2000.0,2GOztq545KfhVtznk79MXP
The Refreshments,blues,track,55 Ford,2000.0,167hNam1NEEAks9trHWRzu
Calvin Russell,blues,track,A Crack in Time,2000.0,4WiQ1wfIirxX7a45PvZ0TV
Sue Foley,blues,track,Two Trains,2000.0,1E6zG7BknaI9FQPIhb7o9r
Rusty Zinn,blues,track,The Chill,2000.0,2NaenrM8Lt2WkuoPgHNG5D
The White Stripes,blues,track,I'm Bound to Pack It Up,2000.0,6OqZHxZHTJ1PHgK7KQZDLw
Gary Moore,blues,track,Picture of the Moon,2001.0,4p5JmnN6CJfJC0qv1l3ZOr
Eric Clapton,blues,track,Come Back Baby,2001.0,2E6vBwXFzoGkKwzhU5QXfc
Delbert McClinton,blues,track,Gotta Get It Worked On,2001.0,5HdzX6cYAE5njMzJ3N4nHD
Jimmy Smith,blues,track,Strut,2001.0,4p136B1BNOfPvupfTV9JpS
Gary Moore,blues,track,Drowning in Tears,2001.0,6h6LeK8crumuIk9411mzeN
"Clarence ""Gatemouth"" Brown",blues,track,Going Back To Louisiana,2001.0,5JHcdhriOeUkjXlgEIO1o4
Marcia Ball,blues,track,Let The Tears Roll Down,2001.0,5jGTsMUMWHXrgcTHyJrLho
Peter Green Splinter Group,blues,track,Burglar,2001.0,5C1FrXg3jpHH96FnQjaaqz
Mario Bradley,blues,track,She's Got Me Hypnotised,2001.0,3jf7xQhSIfhFhutNzIbosj
Otis Taylor,blues,track,My Soul's in Louisiana,2001.0,6nF41yFBkDcx1BYJqtj8Na
John Hammond,blues,track,Get Behind The Mule,2001.0,360iblLqhydYEtT2vKWGIG
Tommy Castro,blues,track,Lucky In Love,2001.0,5crPehKsHQaZdZZECCHk1p
Luther Allison,blues,track,It's Been A Long Time,2001.0,5IJL01MoZVwVr0J8IWfWii
Eric Clapton,blues,track,Travelin' Light,2001.0,0ZEMhVzomYyGJfag75ucU4
The Hoodoo Kings,blues,track,Hard Times,2001.0,6fCbc4NrOEU96KtdPTupuS
Eric Clapton,blues,track,Believe in Life,2001.0,2KPdHHPl7od6KsmuZs1d7u
Eric Clapton,blues,track,Broken Down,2001.0,0XCzXOlId8XJvtcYq7NmLc
Gov't Mule,blues,track,Banks Of The Deep End,2001.0,1b2S3hshRyAQw26g5ZwAUv
Alicia Keys,blues,track,A Woman's Worth,2001.0,0rimetBQIYXE3uMCbuXBUa
Jools Holland,blues,track,Horse To The Water,2001.0,5d4s9ZtVK61HcaxLAFoOpa
Saffire-The Uppity Blues Women,blues,track,Ain't Gonna Hush,2001.0,62Zws2ATx9MYalkQ5O5Jvw
John Hammond,blues,track,Jockey Full Of Bourbon,2001.0,444K26ZZpRg8kFlVK0vLZ1
The Bellfuries,blues,track,Gonna Make It Alone,2001.0,1g5nF1Kafdr4654nPVlGHn
Johnny Nicholas,blues,track,Rockin' My Blues To Sleep,2001.0,2lCkGtlugyFeYIkE1FfsA1
Zucchero,blues,track,I Lay Down,2001.0,1ZNcJrNdX4HbO6NGj8tlaL
Eric Clapton,blues,track,Don't Let Me Be Lonely Tonight,2001.0,6oSUeW4gAMJb35uxAZqzUd
Zucchero,blues,track,Ali D'Oro,2001.0,0U2g0D3nV8oS6qdEAqYZqT
Delbert McClinton,blues,track,When Rita Leaves,2001.0,3TpDYJXdWXQ3wpJce5hzwV
The White Stripes,blues,track,Little Room,2001.0,1ltf1XEP18QMCMRRQtFbAl
Eric Sardinas,blues,track,8 Goin' South,2001.0,6MTpSIDkEeWFhrKXcv0qCf
Eric Clapton,blues,track,Got You on My Mind,2001.0,1XvZ0c0feXwjHnWxUS0Bb4
Elmore James,blues,track,Dust My Broom,2001.0,60Xj5mdE068zva3Kjdn0xQ
Elmore James,blues,track,Dust My Broom,2001.0,7tRSn74Vk4VJyROCOGuqr2
Magic Sam,blues,track,All Your Love,2001.0,73GEVn1tqk9bn0KbtWsiqj
Jools Holland,blues,track,I Put a Spell on You,2001.0,7tH23Db7LJCwk3kMqcEPqo
Peter Green Splinter Group,blues,track,Feeling Good,2001.0,01xVkxfBdFjCs81ulJLzK4
Tony Bennett,blues,track,Evenin' (with Ray Charles),2001.0,3BYcF3H1qbzBPkuhXNbC9z
Elmore James,blues,track,The Sky Is Crying,2001.0,1cRTAPP2FG9h2WiYMOIVIK
Marcia Ball,blues,track,Louella,2001.0,6KM7FlnvLrETbLpoNCjxYE
Gary Moore,blues,track,Enough of the Blues,2001.0,0GpmhLZAjrf2lFetUDfQow
Etta James,blues,track,I'd Rather Go Blind,2001.0,6BXSDzTAXk5JyfkKJTLWlq
Michael Burks,blues,track,Don't Let It Be A Dream,2001.0,7e2vzOJwlC5sGsqRXC8dvq
Tony Bennett,blues,track,Let the Good Times Roll (with B.B. King),2001.0,2Pw5vIumO9PGcvtbHXQ3rZ
David Gogo,blues,track,This Is A Man's World,2001.0,5BMR9VI6UhtSvxcMTiSkev
Jimmy Smith,blues,track,I Just Wanna Make Love To You,2001.0,1uxasgAnJi3jZZkGuJWQFk
Gary Moore,blues,track,The Prophet,2001.0,7cOHoi3w2GhckxsC3L5pAC
Elmore James,blues,track,Dust My Broom,2001.0,0fM0mFxHP1R4KPX1PB8tWU
Michael Burks,blues,track,Make It Rain,2001.0,01MWMVIJ5PDKOLuoZm3AL7
Elmore James,blues,track,The Sky Is Crying,2001.0,0qRz3AYteD6VX65GkBqcel
Luther Allison,blues,track,Bad News Is Coming,2001.0,1TRIYxcVJYPki5AX2hZzZT
The Robert Cray Band,blues,track,Baby's Arms,2001.0,25bi0JLX3oebqZgiyrzEWg
Ivory Joe Hunter,blues,track,Are you hep,2001.0,6WFMM1Dnwm4tik2VVgYJgE
Ray Collins' Hot Club,blues,track,Get a Move on It,2001.0,0I7BInPdI4yioiigNZmcmQ
Luther Allison,blues,track,Evil Is Going On,2001.0,7jOuA32z463sDZCyEnK6A7
Randy Crawford,blues,track,Merry Go Round,2001.0,3mC6DyVMcCHbR6N1c1KBxw
Big Bill Broonzy,blues,track,Get Back,2001.0,4267BjujPBkzhdlbXYHQHG
Luther Allison,blues,track,Rock Me Baby,2001.0,0scWSN8g0AQXGUbK4pDw3I
Eric Clapton,blues,track,Son & Sylvia,2001.0,7tThPtjp4B9hRI5ZoyfVDF
Jools Holland,blues,track,Seventh Son,2001.0,3bKVTZwrJyalKOroXBNIM2
Elmore James,blues,track,Shake Your Money Maker,2001.0,2VxnY6jbl0SckkZp9wrNF7
Alicia Keys,blues,track,A Woman's Worth,2001.0,66rIQM8JtcI49wf1vrqN2k
Chick Willis,blues,track,Someday Baby,2001.0,2SSqOWVTbKN0pTTKjgy6dg
Bessie Smith,blues,track,Empty Bed Blues,2001.0,5rubCi6Y0QoLez4nQLkRBf
John Hammond,blues,track,Clap Hands,2001.0,4JjeL9HhpXjH40d965F18X
Debbie Davies,blues,track,Can't Find The Blues,2001.0,5gn7xWrc0Dws208wn6Lk0T
Michael Burks,blues,track,What Can A Man Do?,2001.0,03mq9rVxvMrzu7qBQQZ588
Lucky Peterson,blues,track,Smooth Sailing,2001.0,261GMd9xUJErnkH7nUNHEd
Jimmy Smith,blues,track,Three O'Clock Blues,2001.0,62jmnpYqNTenUL1axFeJK8
Eric Clapton,blues,track,Superman Inside,2001.0,7hFUJwvYz0XJHI9etxUFYK
John Mayall,blues,track,So Many Roads,2001.0,5sa9L0Vn6Fjy7tjq4uVGhF
Bessie Smith,blues,track,Baby Doll,2001.0,3NJhYRshQrxPmQeRNwL0i6
Johnny Boyd,blues,track,Comin' Home To You,2001.0,7hH2vD7mrfgwrXoAn2Swb9
Luther Allison,blues,track,Sweet Home Chicago,2001.0,4R4gKKq06GNityZMTHGdVo
Dany Brillant,blues,track,Tu vuo' fa l'americano,2001.0,70YCgu6nMGMH807WnUA5IZ
Mario Bradley,blues,track,Chicago Jive,2001.0,2gfVgRtveeiNoD7C4LJcGz
Sister Swing,blues,track,Choo Choo Cha Boogie,2001.0,3rBghq0BHeC4ntkOPXh1Z7
Mighty Sam McClain,blues,track,Standing In The Wings,2001.0,0GPkIcpZbx8c79jUA72UfG
Buddy Guy,blues,track,Baby Please Don't Leave Me,2001.0,7JECM65zNFrYIHdvxj8NbO
Jimmy Smith,blues,track,Only In It For The Money,2001.0,5UpW3ppFemyjWjO43HIoaw
Eric Bibb,blues,track,I Heard the Angels Singing,2001.0,2XL9WCOhengbLmrE6zK2Yg
John Mayall,blues,track,If I Don't Get Home,2001.0,6TY8v89HSW0krknn0KNk1M
Elmore James,blues,track,Standing At The Crossroads,2001.0,1e6qkPMUiaWZfVk7WdRByQ
Elmore James,blues,track,Standing At The Crossroads,2001.0,6gEtsBtaAe82Qd9obiTEAB
Eric Clapton,blues,track,Modern Girl,2001.0,2VEpnVQHYk4vtpNBnYfpz9
Howlin' Wolf,blues,track,Smokestack Lightnin',2001.0,2qkpzlS8qvQOezmnlMkedv
Gov't Mule,blues,track,Worried Down With The Blues,2001.0,3OQWmRTZbP8CuqBrH1o3qP
Peter Green Splinter Group,blues,track,Big Change Is Gonna Come,2001.0,7bcsuLTqUOotR4P3ybnFWH
"Clarence ""Gatemouth"" Brown",blues,track,Grape Jelly,2001.0,4PW5Z078Y99stLoNZCdc5S
Eric Clapton,blues,track,I Want a Little Girl,2001.0,2FbQ5dRqwiqgzeUjPfCTT9
Howlin' Wolf,blues,track,Spoonful,2001.0,6vCzTfUgMn7UiUR7Jd53Xq
John Hammond,blues,track,2:19,2001.0,2uQfgaV796QLHJCVOP4bn1
Eric Clapton,blues,track,Find Myself,2001.0,0sShW3aifkh0hTD3ohBlLe
Jools Holland,blues,track,"Say Hello, Wave Goodbye",2001.0,7x8TTgMc5JK6NePieMK3VM
John Hammond,blues,track,Shore Leave,2001.0,68Uzds0GkP6TmFJv5q0SOQ
Jools Holland,blues,track,Mademoiselle Will Decide,2001.0,6BAJLlhM9FmVyBeBb05VdF
Gov't Mule,blues,track,Beautifully Broken,2001.0,4Q8JkGO6EnyAz0GHugMigw
Gary Moore,blues,track,Stormy Monday,2001.0,58QmMyJ2w7dyRWTNpTf2dz
Michael Burks,blues,track,Got A Way With Women,2001.0,194PZerSFAOdqU7dl8yumg
Eric Clapton,blues,track,Second Nature,2001.0,4pFSTSTNW1c0jspIfMWiYt
Benny Neyman,blues,track,Crying Time,2001.0,0K2yX5bNS5U2VbUE4wncvR
Ana Popovic,blues,track,Love Fever,2001.0,2dVpVeNchAV4qmDKW9LQjk
Ray Collins' Hot Club,blues,track,Bopland,2001.0,43trMQPFOFN8wLdAwnikWv
Luther Allison,blues,track,Little Red Rooster,2001.0,4gTnd1Y3Dv6ut3EORWRBw7
Peter Green Splinter Group,blues,track,You'll Be Sorry Someday,2001.0,2WQEd0Exa2DKg6OVPxR7dX
Doyle Bramhall II,blues,track,Green Light Girl,2001.0,1kJYJIRMh17rYAnQpMD5um
Ray Collins' Hot Club,blues,track,You're My Gal,2001.0,1ab9HIdDPSsyWho6DE2cYz
R.L. Burnside,blues,track,Skinny Woman,2001.0,5hNAgHMZW4paZc9nNLw4dh
Jimmy LaFave,blues,track,Never Is a Moment,2001.0,1bOp9ko9VC1xKu7W3tYyN6
Jimmie Vaughan,blues,track,Dirty Girl,2001.0,5UVy5HRF7Gu5lCz645f13P
The Bel-Aires,blues,track,White Port and Lemon Juice,2001.0,0dqvR4MBxIbCRPhbix6wA8
Luther Allison,blues,track,Luther's Blues,2001.0,4G9M87EmtFi7YewZUimz1I
John Hammond,blues,track,Heartattack And Vine,2001.0,4ssh1aSjE8Sv0FaDBP2UtY
Simon Crashly & The Roadmasters,blues,track,Honky Tonk Women,2001.0,4MtuTf5inJp43koL6vFgpz
Jools Holland,blues,track,Nobody but You,2001.0,0Hjq6FeekK4dn1m6TwpmQ2
The Quantic Soul Orchestra,blues,track,"Super 8, Pt. 1",2001.0,7sHHcerCElk4E5cK6FXHB6
Tommy Castro,blues,track,Nasty Habits,2001.0,5doy0CoAN1Ju4UHzt9AQ1G
Big Bill Broonzy,blues,track,See See Rider,2001.0,2fAQfBOPkg1oOK8lqUObKW
Ray Collins' Hot Club,blues,track,Daddy's Coming Back Home,2001.0,1NYeXdwWwAbpuLlVNUYFyo
Peter Green Splinter Group,blues,track,Black Magic Woman,2001.0,2UOocqHuYvR3CHvI7nKtZv
Benny Neyman,blues,track,You Needed Me,2001.0,6McVrGiYHwUIrw8d3JSBUw
The Beat Daddys,blues,track,After the Mystery,2001.0,1wVxwuaS7FXiP4IcYe19Ds
Marcia Ball,blues,track,You Make It Hard,2001.0,0Er1BUpwCz0JCqugjFmEfd
Mike Sanchez,blues,track,Someday,2001.0,5lht5SugNmoYJ7ZOl2LpN9
Lucky Peterson,blues,track,When My Blood Runs Cold,2001.0,0NwajUAN1SePABy4nuNdiX
Zucchero,blues,track,Ali D'Oro,2001.0,7D2Heg2e8nSU4duxIGbBoL
Ray Collins' Hot Club,blues,track,Shaking That Boogie,2001.0,5YHQAwaUzkPSPvDEHC64Gp
Doyle Bramhall II,blues,track,So You Want It to Rain,2001.0,5Tbcm1ag6BHdZW16jz8GJM
Art Blakey & The Jazz Messengers,blues,track,"Yesterdays (Live) - Live At Cafe Bohemia, NY, 1955 / Remastered 2001",2001.0,3261Vks4j8VomrwDXph9zB
Billie Holiday,blues,track,When a Woman Loves a Man,2001.0,4ZVLo9AvcrOvIG6dYmvBsv
Deborah Coleman,blues,track,You’re With Me,2001.0,4G1IWiSHdLkFsv4OX5Wqx3
"David ""Honeyboy"" Edwards",blues,track,Further On up the Road,2001.0,7n4zQp0b3vnsmcjmEfLo2r
Jools Holland,blues,track,Oranges and Lemons Again,2001.0,3aU36U6RUM88POEO5sD6Nz
Mem Shannon,blues,track,Doing The Best That I Can,2001.0,4ev5BVuQ2q9mc4kujCsLB0
Gary Moore,blues,track,Cold Black Night,2001.0,4s7k8tIhUG5ITHq0wfffR4
Michael Burks,blues,track,Thank God For Fools,2001.0,691rJaC2NcDMjZCD636LcF
Doyle Bramhall II,blues,track,Green Light Girl,2001.0,4QrRVjWJUVITpenAh113jL
Andy Lee Lang,blues,track,We Wanna Boogie,2001.0,7HInZNUIlAy1MXtDx9PhID
Billie Holiday,blues,track,These Foolish Things (Remind Me of You) (with Teddy Wilson & His Orchestra),2001.0,4y1s41f6vWjDk5KrFM0uv6
John Hammond,blues,track,'Till The Money Runs Out,2001.0,0XNcZdLhpqrn2BVCJ6SmGT
The Crew Cuts,blues,track,Sh-Boom,2001.0,7I774iZM4QkJK6gFPEEmS0
Jimmy Smith,blues,track,C C Rider,2001.0,2Czlqq50fOOJbOIRtYYr7K
Gary Moore,blues,track,You Upset Me Baby,2001.0,1qvGhnOz70BwBMLXKf39Fd
Billie Holiday,blues,track,Your Mother's Son-In-Law (with Benny Goodman & His Orchestra),2001.0,3CagY2CVUPn1gGAI9JC0jx
Otis Taylor,blues,track,Ain't No Cowgirl,2001.0,6pOZTHffpitgzhDNqTpxoZ
Champion Jack Dupree,blues,track,Junker's Blues,2001.0,2xwnaEAK5cvrjcx7Nm1lCp
Monkey Beat,blues,track,Sure As The Sun Rises,2001.0,4VKHV4dIqgU81PQpXqqVlJ
SEATBELTS,blues,track,Is It Real?,2001.0,02W1htXQiEqnVuPJneksKF
Gov't Mule,blues,track,Effigy,2001.0,02SlaIdfJnCBVmDxPlPzeA
Mitch Woods and His Rocket 88‘S,blues,track,Swingin' At The Savoy,2001.0,4tQxGAafxVZ0Oqt3D6efmb
Sean Costello,blues,track,Good Advice,2001.0,07CqkGRbpcXEarpxxGydxR
Eric Clapton,blues,track,Wonderful Tonight - Live,2002.0,41er1m9f0njINzwuOIKhri
Ms. Lauryn Hill,blues,track,I Gotta Find Peace of Mind - Live,2002.0,6ocxCGYgcmZhCeTT1yuNkt
Robert Cray,blues,track,Right Next Door (Because Of Me),2002.0,23YyyUiEZYlT3MkzpZhRbW
J. B. Hutto,blues,track,Lulu Belle's Here,2002.0,2UVK8Qe3NmTxBJD14zUomJ
Eric Clapton,blues,track,My Father's Eyes - Live,2002.0,7nGLJZMQf7Un3Z18cQD7hc
Eric Clapton,blues,track,Cocaine - Live,2002.0,0PkXL3nHpr2IXbSc8mEfPv
Stevie Ray Vaughan,blues,track,Texas Flood,2002.0,6MvGg9X7lIt64WW28Nxfxo
Eric Clapton,blues,track,Badge - Live,2002.0,3dwN0oh759SmT65cVifC7m
Alvin Lee,blues,track,My Baby's Come Back to Me - Remastered,2002.0,6CmUu7A83j7et8J2wNBPC5
Jamie Cullum,blues,track,I Can't Get Started - Remastered,2002.0,1koaigmrZEI4T0pu4PfM1P
Elmore James,blues,track,Dust My Broom,2002.0,3LGB6BkiSmzP8IHo03rZMo
Koko Taylor,blues,track,Voodoo Woman,2002.0,0nko6BnrANIqS303Ynl53p
Ms. Lauryn Hill,blues,track,Mr. Intentional - Live,2002.0,67spVDaPSaWeoKMzWmlR7l
Ms. Lauryn Hill,blues,track,Mr. Intentional - Live,2002.0,74F3s25Zo99d3Ze4qztSPu
Son Seals,blues,track,I Believe To My Soul,2002.0,16dHEsd9r7CKOwjlI54tXI
Gary Moore,blues,track,Since I Met You Baby,2002.0,3thfUd9cPTFzy6yEmAiT98
Snowy White,blues,track,Blues Is the Road,2002.0,1pSDXFb4WES9POi0laRdTT
Guy Davis,blues,track,Loneliest Road That I Know,2002.0,63MtBTGU73iy7FRd8nRMN6
Eric Clapton,blues,track,River of Tears - Live,2002.0,2n6uDmFnyUBqXk652GUGNl
Eric Clapton,blues,track,Sunshine of Your Love - Live,2002.0,34m0KbX7eW9sZektEy1ptx
Gary Moore,blues,track,The Thrill Is Gone - Live From The United Kingdom/1993,2002.0,0DwjKNligWQRkgXpS3Mnou
Albert Lee & Hogan's Heroes,blues,track,Back In The USA,2002.0,4Znz9jKTkZvCzW6CkBIhHK
Solomon Burke,blues,track,Fast Train,2002.0,3691NKQMCy4TQTcdDMVeWL
J. B. Hutto,blues,track,Leave Your Love In Greater Hands,2002.0,5YZjWHqtjMig2yXpquWJFH
Coco Montoya,blues,track,Back In A Cadillac,2002.0,19aE9JrFOAlIgHWPm8ni37
Luther Allison,blues,track,You Can't Always Get What You Want,2002.0,6wnF9JvSa2AqjztZ1PpKIS
Santana,blues,track,Sideways (feat. Citizen Cope),2002.0,34DdiMOZFVqMHu0uJ2Vd8a
Shemekia Copeland,blues,track,When A Woman's Had Enough,2002.0,6BouDfZTJhdO9E0RnwyvV0
Wynonie Harris,blues,track,Bloodshot Eyes,2002.0,4w873lwWDABniYU2MOaXYQ
The Band,blues,track,Further on up the Road (feat. Eric Clapton) - Concert Version,2002.0,5BqDxx1udS4QhUriDrSJzt
Barbra Streisand,blues,track,Cryin' Time (feat. Ray Charles),2002.0,7ukKSwsBuk85fJeHTSKfMw
Shemekia Copeland,blues,track,Don't Whisper,2002.0,54cBgXR1KPwEIuynp1qnKs
Jamie Cullum,blues,track,Devil May Care - Remastered,2002.0,4GaNA2tvsG8X798L58UDJ7
The Black Keys,blues,track,Heavy Soul,2002.0,5GZq8P4Iy2smHngL07Pcuo
Wynonie Harris,blues,track,Lovin' Machine,2002.0,3UV8u4aqSU60xR4l7wYzYX
The Black Keys,blues,track,Busted,2002.0,5qnOCQW9EwKd6kG6HVecHo
Snowy White,blues,track,The Time Has Come,2002.0,1hWt1X8hLHvVfaA33jYnGS
De-Phazz,blues,track,Cut the Jazz,2002.0,269JUksuCnNvhsN7f6bcMe
Santana,blues,track,Feels Like Fire (feat. Dido),2002.0,2RcI8jjtu50lmWuXHkumt8
Tom Waits,blues,track,All The World Is Green,2002.0,4mBEFc7XQuJa9w4mNLIZNp
Snowy White,blues,track,You Can't Break My Heart,2002.0,2TY8vrIoa6d7MZhQ57KO31
Solomon Burke,blues,track,None Of Us Are Free,2002.0,1MBgaJoraHR7RHgAV58QU4
The Black Keys,blues,track,I'll Be Your Man,2002.0,7ve0nLuGlLfqw0EbL2UZEV
RJD2,blues,track,Smoke & Mirrors,2002.0,2C1nOw1nRxJaBWb9I1x05A
Elvis Presley,blues,track,Stuck On You,2002.0,7bA1DHtoJAvqyL42gHwOLa
Joe Cocker,blues,track,Never Tear Us Apart,2002.0,6Zcy1NbwQZUv8WAzMLLe9a
John Mayall & The Bluesbreakers,blues,track,The Mists of Time,2002.0,4ZcHERcSAgQRRicG2zNzH4
Alvin Lee,blues,track,The Bluest Blues - Remastered,2002.0,1SfdzhXyrw84Hs0oMLaeEC
Solomon Burke,blues,track,Don't Give Up On Me,2002.0,4A11HoXH8oIUfWtJaTE34T
Lighthouse Family,blues,track,Ain't No Sunshine,2002.0,435rQGMojc5C6xJbtjeynu
Stevie Ray Vaughan,blues,track,Superstition - Live,2002.0,4OaTSHT0NYViNOgjpIAXpv
Santana,blues,track,Nowhere to Run,2002.0,3cPLBe4mT2K9o7k9KR4Hal
Eric Clapton,blues,track,Reptile - Live,2002.0,2HPcdvgYmQtYeYL1TNyRTg
Koko Taylor,blues,track,Born Under A Bad Sign,2002.0,2dkdv8XcCNZZiHUIB1nxB0
Koko Taylor,blues,track,Hey Bartender,2002.0,4jaGWybHGJASBIq2OJxGiR
Gary Moore,blues,track,Jumpin' At Shadows,2002.0,4xs7ILMA9MKcWhNhVMWtfw
Alabama 3,blues,track,Woke Up This Morning,2002.0,1AxM2Yrl6mRnVt0Y26tsvs
Solomon Burke,blues,track,Flesh And Blood,2002.0,5eXEWqDoP6RgnlOQgti12v
R.L. Burnside,blues,track,Everything Is Broken,2002.0,1H6Ab75XpLkkfvZePgk8fT
Stevie Ray Vaughan,blues,track,Lenny,2002.0,1MIDCw2NTW3Dtn9c6ohSC8
Gary Moore,blues,track,Too Tired,2002.0,6HNoHt1mMWxuWZjY9lbXm5
Wynonie Harris,blues,track,Wasn't That Good,2002.0,6FVGT2n4zf6R0uWN9av41V
The Black Keys,blues,track,"She Said, She Said",2002.0,2ZTHcoY4zAaNe0D0gHjGZt
Sammy Price,blues,track,Riffin' Boogie,2002.0,5MMzKVAiFHhwP8BIZKOYQt
Eric Clapton,blues,track,Got You on My Mind - Live,2002.0,53vQpcmHa7ap45FOyeFUEP
Ms. Lauryn Hill,blues,track,Adam Lives In Theory - Live,2002.0,4ER4wjup2235bo63RU4KvS
Rob Tognoni,blues,track,Shakin' the Devil's Hand,2002.0,6hQiHEgEUgIHXpT2XqV3Xu
Stevie Ray Vaughan,blues,track,Life by the Drop,2002.0,4baw6m9OhZ1W8fPqWinZ3L
Eric Clapton,blues,track,Goin' Down Slow - Live,2002.0,6v25XPKCMEoLW6IExmgLov
Stevie Ray Vaughan,blues,track,Look at Little Sister,2002.0,5He3kbhG04jAioqHVEytHq
Stevie Ray Vaughan,blues,track,Crossfire,2002.0,5bAOP88AnFD11mTj0HisF2
Solomon Burke,blues,track,Diamond In Your Mind,2002.0,0LzKSYLuYZ4v30iEqcmC9J
Son Seals,blues,track,Bad Axe,2002.0,1HZ2vpt77v6yycE41O1jV6
Koko Taylor,blues,track,Come To Mama,2002.0,3j3pLudjSCN0kaXH0YCps8
The Black Keys,blues,track,Do the Rump,2002.0,0AI2ExhKcfI2i9SDVGRAAr
Eric Clapton,blues,track,She's Gone - Live,2002.0,1yHdw5fW11AFjR1wOoU8PE
The Black Keys,blues,track,Brooklyn Bound,2002.0,4qI7AwulrYhRSVoXJht8U6
The Black Keys,blues,track,Countdown,2002.0,41sMIRH4WBcDKIDw8RJUlc
Los DelTonos,blues,track,Listo,2002.0,44Z0h1OtPiFNdUaFCotBW6
Juicy Lucy,blues,track,Who Do You Love?,2002.0,078TqqyJ2vNKBsgpOm6rZr
Alvin Lee,blues,track,Real Life Blues - Remastered,2002.0,6CM9PVuzdNRcsAQ2Ov5oCY
Santana,blues,track,You Know That I Love You,2002.0,2rtZCQ6ZTfRgi6JrQK9edD
Dr. Feelgood,blues,track,Hong Kong Money - 2002 Remaster,2002.0,3glpzGxKEWbTpwxvaxDSce
Santana,blues,track,Veracruz,2002.0,1erQIThlrQDm94C5ZBKbDk
Alvin Lee,blues,track,Play It Like It Used to Be - Remastered,2002.0,0c4WbbJnhYjx620W3bfws5
Solomon Burke,blues,track,Only A Dream,2002.0,5Einzxx7I1BC5iFWgqv91X
The Band,blues,track,Caldonia (feat. Muddy Waters) - Concert Version,2002.0,2AU5y0y0mGPkwTt0znU7P5
Nitty Gritty Dirt Band,blues,track,"Will The Circle Be Unbroken (Glory, Glory)",2002.0,2dXLLtSIYyPvLNDBl8zWGN
Sammy Price,blues,track,Salute To Basie,2002.0,0Bd0w77yt8R3Q4ATVCVxKc
Mr. Airplane Man,blues,track,Sun Sinking Low,2002.0,3wWc47YS5Esh0bMBK76tHT
Magic Slim & The Teardrops,blues,track,I'm A Bluesman,2002.0,1U6FHV1xmxGXIXobnVJzTu
Eric Clapton,blues,track,Key to the Highway - Live,2002.0,2melA0S80IDgFJNGLdnQt3
The Band,blues,track,Mannish Boy (feat. Muddy Waters) - Concert Version,2002.0,1iL5y9axvIm4Hel8OSYsOr
"Clarence ""Gatemouth"" Brown",blues,track,Ventilator Blues,2002.0,6b6UMqPedWI2oOvPfEP7I6
The Black Keys,blues,track,The Breaks,2002.0,3pyTeNilPDFq10Ce60WROE
Wynonie Harris,blues,track,Quiet Whiskey,2002.0,14iq9kxSNrcTDKvV7tv0ug
Eric Clapton,blues,track,Hoochie Coochie Man - Live,2002.0,2zFS3w3KB42MYkhaQ1Ga6r
Eric Clapton,blues,track,Have You Ever Loved a Woman - Live,2002.0,6RQyk6t9YpnGcsijdtO4IB
Elmore James,blues,track,Shake Your Money Maker,2002.0,3JPC78sNlPaiZ1NgztXW2Q
Alvin Lee,blues,track,Keep on Rockin' - Remastered,2002.0,1hdQaYsoqFO2rQ2FOlPidE
Stevie Ray Vaughan,blues,track,Voodoo Child (Slight Return) - Live,2002.0,3eZaA3p7lMJjOD3BnKsj1U
Grant Green,blues,track,Blues For Willarene,2002.0,18Rt4272J5ngkGAWUtWBzk
Charlie Parker,blues,track,Cool Blues,2002.0,6h4gPB7uPnmRowr9chBnc4
Sammy Price,blues,track,West End Boogie,2002.0,5WFIHT2ZJh02hBSElyKOf9
Los DelTonos,blues,track,"Bien, mejor",2002.0,2hoJsAquZIDcOJIfy2NOb0
Little Milton,blues,track,Guitar Man,2002.0,1RFyA8YvsZOCNTQ5eVW2ni
W.C. Clark,blues,track,Snatching It Back,2002.0,16sH99xkGayPVztk9m5IJV
Lil Ed & The Blues Imperials,blues,track,I Love My Baby,2002.0,4zChkM6VwtW1DUHy8Gibor
Lil Ed & The Blues Imperials,blues,track,Natural Man,2002.0,7Gxp9syMrso1YHPYxpxf0E
Gary Moore,blues,track,Still Got The Blues,2002.0,4yG8Kuw0ZSO2jevO9mueoO
Joe Bonamassa,blues,track,Lie #1,2002.0,2QFxIl38nhrwRqGlmxsMiC
Robert Cray,blues,track,Smoking Gun,2002.0,5tRu8kA4d17uwGVT7I3YIR
Delbert McClinton,blues,track,Blues About You Baby,2002.0,0SXYe8AbNLGFwLFzrDIpo7
Lucky Peterson,blues,track,Under My Thumb,2002.0,2rJnWhDGKpWQOXqHy5tF1V
Jamie Cullum,blues,track,Well You Needn't - Remastered,2002.0,6Ixp4CeinjKNAOk1c3c8aU
Stevie Ray Vaughan,blues,track,Life Without You,2002.0,6Z8prosDCmjU3hkgEnyId6
Joe Bonamassa,blues,track,Never Say Goodbye,2002.0,2K4m76yaFL8Mh9N5nfgGST
Shemekia Copeland,blues,track,Livin' On Love,2002.0,012eGP4EqQ7hkgoL19Jp0u
The Derek Trucks Band,blues,track,Joyful Noise,2002.0,21Y0fegBPWM255E2KxsGqJ
Joe Bonamassa,blues,track,Waiting For Me,2002.0,6IIO5vDY9bGaeq9AavbKzm
W.C. Clark,blues,track,Got Me Where You Want Me,2002.0,73mHoWicIB5D08tGJiuruJ
Ann Nesby,blues,track,Put It On Paper - Album Version/Without Intro,2002.0,1oUDL9IIe61Eo1YK2ypRS1
The Black Keys,blues,track,Them Eyes,2002.0,2nAWURSru31Cbaul6to7QY
Joe Bonamassa,blues,track,My Mistake,2002.0,6pubbj5vYyg3YOTHTg5b0f
Joe Bonamassa,blues,track,"So, It's Like That",2002.0,0Xr38KLMrZk9pISwes7B83
Etta James,blues,track,Something's Got A Hold On Me,2002.0,39YXNVSlHO98J0VtdefGJa
Free,blues,track,Mr Big - Live At Sunderland / 1970,2002.0,1UYLV9P8uamZidOEA2GLA2
J. B. Hutto,blues,track,Lone Wolf,2002.0,0e1EMnOjzrwmUoEPEdkejw
Son Seals,blues,track,Telephone Angel (You're On My Mind),2002.0,5Ccx5gIcRJV448xqhlkH2N
Gary Moore,blues,track,Parisienne Walkways - Live From United Kingdom/1993,2002.0,6VvCiImf1174Gupk9pjnMR
The Black Keys,blues,track,Leavin' Trunk,2002.0,5fc4y5RBH6K26lwUuQ0Ibx
Cave Catt Sammy,blues,track,Sticky Fingers,2002.0,5Qb7kprf0njFz6FjGltkuj
Johnny Winter,blues,track,"Rock and Roll, Hoochie Koo",2002.0,4lkeB9a3NmLM38zXaQhuHz
Ms. Lauryn Hill,blues,track,I Gotta Find Peace of Mind - Live,2002.0,3QVlJ073oeCkTlp5Bcwa9a
Stevie Ray Vaughan,blues,track,Give Me Back My Wig,2002.0,61DnwvyCzQXWLK29HVfgJO
"Arthur ""Big Boy"" Crudup",blues,track,Rock Me Mama,2002.0,2klvIQb1m0faNZ83PoFB7x
The Black Keys,blues,track,Run Me Down,2002.0,3EJgmtW7zLsXqSEqwxqE86
Eric Clapton,blues,track,I Want a Little Girl - Live,2002.0,07pK391aoV7o06EIZLDNga
The Black Keys,blues,track,Yearnin',2002.0,1KM2EzSWf8YVAZptQaTG6a
Charlie Parker,blues,track,Bluebird,2002.0,6HEVgL5tuuLB7lxcoA8PXc
Joe Bonamassa,blues,track,Mountain Time,2002.0,1vOItvBND9iOTGLK3aqafA
Stevie Ray Vaughan,blues,track,Tin Pan Alley (AKA Roughest Place in Town),2002.0,7dTuqrk8YYal7Z9TdLDUf1
Magic Slim & The Teardrops,blues,track,Goin' To Mississippi,2002.0,7GpjVNPkAM97ATmjgJkFX8
Solomon Burke,blues,track,Soul Searchin',2002.0,10O40HVnpxWPs8cpe84i5y
Mighty Mo Rodgers,blues,track,The Boogie Man,2002.0,6kiVaD3HnAPQHCLVL6iA4T
Junior Wells,blues,track,(I Can't Get No) Satisfaction,2002.0,1I5jLwvivYrmAwgjCmlUki
Shemekia Copeland,blues,track,Should Have Come Home,2002.0,0k6YV1dH3v9ykL1XATPwsE
Sammy Price,blues,track,Back Home Again To France,2002.0,5VxJbLEb3LaSeJn8fxLmUR
Magic Slim,blues,track,When The Levee Breaks (Part One),2002.0,5JVhaY1gFw5f1XssmroTr1
Stevie Ray Vaughan,blues,track,"Shake for Me - Live at Steamboat 1874, Austin, TX - April 1980",2002.0,0LFsHodEUTDEvoRlreOaRe
Billie Holiday,blues,track,Gloomy Sunday,2003.0,4i8PXOWQsOCas5iTE1Eyvd
Rory Gallagher,blues,track,Wheels Within Wheels,2003.0,5dqF3cSlSpqgFb1lpz9Bgs
Joe Bonamassa,blues,track,Burning Hell,2003.0,48sF2RpuNbsHok1EEBucuv
Ruth Brown,blues,track,I Want to Do More,2003.0,6JccfO24mKJDCvg5dH21Wz
Nina Simone,blues,track,Here Comes the Sun,2003.0,549dZdC2ESYuYCZDzIu1Gs
Ray Bonneville,blues,track,Tomorrow's Yesterday,2003.0,0wigBtrvoOygCjMweOqvdx
Nina Simone,blues,track,To Love Somebody,2003.0,5IcnGJFrl4Zk4ptbujIoVH
The Black Keys,blues,track,Have Love Will Travel,2003.0,46XzvI0GXvRwK7LV6vdn2v
Luther Johnson,blues,track,Rock Me Baby,2003.0,3KiY2M7rSpWBxEKNHg24Xq
The Limp Twins,blues,track,Another Day in the Life of Mr Jones,2003.0,2sTZXWoZzWyX6Hn7yG5jqK
Michael Burks,blues,track,I Smell Smoke,2003.0,51P1PUV2yFHatkj68gjVwd
Nina Simone,blues,track,Mr. Bojangles,2003.0,59RJ9hBNhwRVLmgqyd9OFJ
Earl King,blues,track,Mother's Love,2003.0,29xsqdZuvzAfa6BZ2vlDiG
The Black Keys,blues,track,Set You Free,2003.0,4BohKS6VyfB9JGnLhutkG9
Robert Cray,blues,track,Times Makes Two,2003.0,6m7fBw6zBanK64dR77JP4Q
George Thorogood & The Destroyers,blues,track,It Wasn't Me,2003.0,5ypaFYztojGiCCfrXK5lf8
Michael Burks,blues,track,One More Chance,2003.0,12EpCgniMUD9aNKXtzcLUF
Twelve Bar Blues Band,blues,track,The Blues Has Got Me,2003.0,6vrTbTLYso5QCBSeWevRhw
Robert Cray,blues,track,Phone Booth,2003.0,5QzYvmgT1BWnhoY3mQAf28
Slim Harpo,blues,track,Mailbox Blues - Single Version,2003.0,6pWT1u30gUtYvUlCJJFa8A
The White Stripes,blues,track,The Air Near My Fingers,2003.0,7FvSjeL3svbbiPo2Rgirny
Amy Winehouse,blues,track,Fuck Me Pumps,2003.0,6efhuc3AsgEKF0XZiEocQY
Joe Bonamassa,blues,track,Long Distance Blues,2003.0,1GUmP2TjLWuXoegwnrPYsg
Luther Johnson,blues,track,Born In Georgia,2003.0,7jHpxyflqOJcmD9sRVAeDk
Nina Simone,blues,track,"Ain't Got No - I Got Life (From the Musical Production ""Hair"") - Live",2003.0,00JGtuWOorFCZHWpYdmLu6
Michael Bublé,blues,track,Fever,2003.0,17Syv0SV6ThWwgZM3umr1E
Slim Harpo,blues,track,I'm Your Bread Maker Baby - Single Version,2003.0,68fQ0nbtABiGqTcdxyPwzW
Doyle Bramhall,blues,track,Life by the Drop,2003.0,3qXcnzcNx45bXlWJzD730w
Michael Bublé,blues,track,Moondance,2003.0,25Yzff59UGjz7wNWmjM39h
Robben Ford,blues,track,Cannonball Shuffle - Album Version (For Freddie King),2003.0,51yKxDkT2MIuw9andSQW9g
The White Stripes,blues,track,Ball and Biscuit,2003.0,0O2SYh5AZ0y8MAPOVC4Mxz
The Black Keys,blues,track,Hard Row,2003.0,6D6xygnjsY8hxZ01QH2ovP
Gary Moore,blues,track,The Sky Is Crying - 2002 Remaster,2003.0,5dKdYh4IzpYXeNAXhltoa7
The White Stripes,blues,track,"In The Cold, Cold Night",2003.0,0U3iqYVmE62HzF50ydBd05
"Arthur ""Big Boy"" Crudup",blues,track,That's All Right,2003.0,4C6KfxHdNt7x4LaqVa5pkD
Joe Bonamassa,blues,track,Blues Deluxe,2003.0,2O7OjNCjqflzWOTVg9UlEm
Rod Stewart,blues,track,Smile,2003.0,1PvMYkeOUAwbiue0Mf2F5O
Joe Bonamassa,blues,track,You Upset Me Baby,2003.0,47UTDQeXdd6JkDCwF9vxWU
The Black Keys,blues,track,Thickfreakness,2003.0,4m6uJViB1sb3OXErHUkkWk
Amy Winehouse,blues,track,Intro / Stronger Than Me,2003.0,2ZGdEqZwffOzdBt5s8Xm29
Jimmie Vaughan,blues,track,Dengue Woman Blues,2003.0,4OGyibX2nayDVCUfFN4u8x
The Quantic Soul Orchestra,blues,track,Hold It Down,2003.0,1DDzG9odVh2epdODSIs3V2
The Limp Twins,blues,track,Sunday Driver,2003.0,3fLQw9Kv809AeGVlcNUjaw
Jimmie Vaughan,blues,track,Six Strings Down,2003.0,0C7mriFxQZ24xpDXgSfIc8
Michael Bublé,blues,track,Come Fly with Me,2003.0,2Cakl6tRkLxccrnqJdvGpu
Brad Paisley,blues,track,Whiskey Lullaby (feat. Alison Krauss),2003.0,6iblnklMzUKIXAtjk5lzIy
Ruth Brown,blues,track,I Don't Know,2003.0,047Ip9c6dijAJfuwloV3NF
Amy Winehouse,blues,track,Intro / Stronger Than Me,2003.0,2qPwYT63eEx3JNWdVE6bb0
Amy Winehouse,blues,track,Fuck Me Pumps,2003.0,1FLzTxrNNgqrAEsQvHJ9Gx
Jamie Cullum,blues,track,What A Difference A Day Made,2003.0,5PbSvsljhgxijSYV5cG5xU
Dick Brave & The Backbeats,blues,track,Get the Party Started,2003.0,3XgA97ymI5m16FsU6UkjXA
Nina Simone,blues,track,Since I Fell for You,2003.0,5qoBfR8yVRkonQ9RUbI5Rr
Vargas Blues Band,blues,track,Buenos Aires Blues,2003.0,76qHq9UAEqk6RlHgqMjW8t
Luther Johnson,blues,track,Please Give Me That Love,2003.0,2Re9MHeyFXHhXA1LXTK5Uv
Nick Moss & The Flip Tops,blues,track,Ain't Times Hard,2003.0,7L5U6eRJEFQbjqUUTwDVPu
Nina Simone,blues,track,Suzanne,2003.0,5ySfE5Pr6MICDdcCtAdU1l
Nina Simone,blues,track,In The Morning,2003.0,05XLRgtyi3rhXJ13pBELWt
Joe Bonamassa,blues,track,I Don't Live Any Where,2003.0,1xFua1EOtJ7Xgtfl3HtDxI
Nina Simone,blues,track,Compensation,2003.0,1gmjDUxFYaJL7gTnBKRXBy
Sister Rosetta Tharpe,blues,track,Nobody's Fault But Mine,2003.0,3z5JS5NmUSb8llmXl8QZiq
Joe Bonamassa,blues,track,Man of Many Words,2003.0,6hhe7LQXLdkzHx3wShTsau
Nina Simone,blues,track,Turn Me On,2003.0,5qaVJXBTFqDfvTOQBKfnND
Ray Bonneville,blues,track,Under the Bridge,2003.0,3B3AuXxop0zXYaDz3JT8z7
Joe Cocker,blues,track,Never Tear Us Apart,2003.0,0aB2Fctba5Qjg6Ij0MqKHj
Tab Benoit,blues,track,Darkness,2003.0,3wewa5eAOjEFtlpoXAz4Kc
Nina Simone,blues,track,The Look of Love,2003.0,4ertdJkTWV7cjhVc6Gqkf4
Joe Bonamassa,blues,track,Walking Blues,2003.0,6ERW0bEXNLGG5YRh59HeFT
J.B. Lenoir,blues,track,When I Am Drinking,2003.0,6O44bbk7y9V9dZ1PLcXE26
Luther Johnson,blues,track,Everyday I Have the Blues,2003.0,3LqWVtrVmKcGHZDXXfP1WZ
Robert Cray,blues,track,Bad Influence,2003.0,05lsXraQZAbxO86lRzdKYg
The Black Keys,blues,track,Midnight in Her Eyes,2003.0,2l8qA0PtOz6JLMzxMnKOaO
Nina Simone,blues,track,Just Like a Woman,2003.0,5NRUL2s4P15Ae9rGsJtXrl
Nina Simone,blues,track,My Way,2003.0,5Ti79Ed0PwGaTRuQtMGp49
Nina Simone,blues,track,Do What You Gotta Do,2003.0,6WiDe7IDEr1QEWslblSZVh
Luther Johnson,blues,track,You Told Me You Love Me,2003.0,363fTsQnJhqdcDaL21tewb
Allman Brothers Band,blues,track,Old Friend,2003.0,5TX4HB4ndwJCxoD3FWEIQx
B.B. King,blues,track,Always On My Mind,2003.0,3WwEIvuYWaP68sA9t65Xaj
Muddy Waters,blues,track,Champagne & Reefer - Live,2003.0,2PatEYrrVBNx5LPjTL2ruP
Michael Burks,blues,track,"Good Man, Bad Thing",2003.0,4HUkd5HNHlja9YRP1UxTF1
Slim Harpo,blues,track,Shake Your Hips - Single Version,2003.0,5H28g1Be16hLJaz3RrWCpQ
Esther Phillips,blues,track,The Storm (01-16-52),2003.0,5ulCLAV5XwfdzrQj53xDyT
Slim Harpo,blues,track,Mohair Sam - Single Version,2003.0,0bZI5gaHxZADn5rZoqiRxH
Lighthouse Family,blues,track,Ain't No Sunshine,2003.0,2LewG5rbbFNdBJfpPbiWdf
Slim Harpo,blues,track,Baby Scratch My Back - Single Version,2003.0,4BbLz6pVP5oXl2plR7HLMZ
Nina Simone,blues,track,"My Man's Gone Now (From ""Porgy and Bess"")",2003.0,2s0ZZt7Wc3qGu1VAq1Icx7
The Blues Brothers,blues,track,Do You Love Me: Mother Popcorn (You Got to Have a Mother for Me),2003.0,6RlH4jWCgTKotAM7FcOJxu
Joe Bonamassa,blues,track,Woke Up Dreaming,2003.0,6jI6VHcbFUqDDAelgPXWzp
Lead Belly,blues,track,Midnight Special - Remastered 2002,2003.0,2WaxBL2VVPUHqtfQE1yLbF
Slim Harpo,blues,track,I Just Can't Leave You - Single Version,2003.0,1SK64mzBFy3zFmFXqxixUQ
The Limp Twins,blues,track,Moving Closer to the Sofa,2003.0,1q6Zqj13ZtGJHfUsXf9Q1v
Mighty Sam McClain,blues,track,Why Do We Have To Say Goodbye?,2003.0,1q6EtLObJ9gnOP2Z6tV5MG
Etta James,blues,track,Lie No Better,2003.0,4RTn8aGxp5qNCTVgjLeaco
Luther Johnson,blues,track,Woman Don't Lie,2003.0,6zQVb0GmISFam9t72ymYfd
Nina Simone,blues,track,Do I Move You? - Version II,2003.0,2yq4TPWgOmzePESTX1m9ZX
Ruth Brown,blues,track,Lucky Lips,2003.0,1cgpBD07IfnACBViseaxKU
Rory Gallagher,blues,track,Lonesome Highway,2003.0,4huVUmN6cQfLlAZp3poWoS
Luther Johnson,blues,track,Rock'n Roll Everyday,2003.0,0HYctZqVD1wVOaxl4M43Uv
Nina Simone,blues,track,I Want a Little Sugar In My Bowl,2003.0,288FJPGMny0vXs2AiI8Emt
Sonny Boy Williamson I,blues,track,Good Morning School Girl - 2002 Remastered,2003.0,2hB8nC0Ty1ppRTacoM2TJ0
Nina Simone,blues,track,Nobody's Fault But Mine,2003.0,5UXTsFipKW2HAF88pTkHtL
Joe Bonamassa,blues,track,Pack It Up,2003.0,1yM4SXhhwPOugWQRh9xq0q
Robert Randolph & The Family Band,blues,track,Soul Refreshing,2003.0,7Jigoln79V4tTdwsVqAh8c
Red Stick Ramblers,blues,track,Main Street Blues,2003.0,5Ui4up9iLKU5XVXt0ig5nR
ZZ Top,blues,track,Mescalero,2003.0,0W057H3l0zNNVTGLyxqOJd
Robert Cray,blues,track,Playin' In The Dirt,2003.0,0PFWBDQvd73b0GACGIKAnR
Luther Johnson,blues,track,Bright Light Big City,2003.0,7qjqwY2L6B5QZ9xdpLsejn
"Jimmy ""T99"" Nelson",blues,track,I Sat And Cried,2003.0,3mCCSnulrNuf4oXdboH0Rd
The Limp Twins,blues,track,Living Well,2003.0,5QLB1bYeHqb0QIj7ctoxQJ
Jimmy Thackery,blues,track,Blues 'Fore Dawn - Instrumental,2003.0,3zVx7964ROy15h1lC7fhzD
CHRISTIAN PADOVAN,blues,track,The Other Day,2003.0,7mFMj7z1nm1qGa5oWVCO80
The Black Keys,blues,track,If You See Me,2003.0,6YlsrH66nMo0X1Nu2HvNOA
Bonnie Raitt,blues,track,Love Me Like A Man - Live,2003.0,7y4LFsWmJGwWYmQLnbqIqE
Etta James,blues,track,The Blues Is My Business,2003.0,3IXbKbfASxInavJYLZpdX3
The Black Keys,blues,track,No Trust,2003.0,49rVPtiU0ppzTBfFlxcKq1
Debbie Davies,blues,track,I Just Came To Play,2003.0,13suEsc02iYFXEYYHwvEov
Robben Ford,blues,track,Keep On Running,2003.0,2giuSvkYGwlknXXtWlGaUP
The Black Keys,blues,track,Hold Me in Your Arms,2003.0,2FbBdId9VlKkTl3QcD7wkn
Allman Brothers Band,blues,track,Firing Line,2003.0,3byFTerksT9L0JhSZ2sirp
ZZ Top,blues,track,Gun Love - 2003 Remaster,2003.0,246CZxQldAlK27QiMuU2h0
Muddy Waters,blues,track,Got My Mojo Working - Live,2003.0,3LkhowDvQ0ky3LQ5L6TLFk
Santana,blues,track,Manana (feat. Keon Bryce) - Previously Unreleased,2003.0,0fPoJzGPnFNOyH6XPk7dUr
Kirk Fletcher,blues,track,Bad Boy,2003.0,2xeWbSfaCZ9B0bgPJjSRKL
The Inmates,blues,track,Fire down below,2003.0,2SuEzfTSYNqZD4A9JWjqlw
"Arthur ""Big Boy"" Crudup",blues,track,My Baby Left Me - Remastered 2003,2003.0,5WgAbfjSEt2ycl9N2pgUzz
Heidi Hauge,blues,track,Save the Last Dance for Me,2003.0,2suduLBD2zlz8XdgjL2hoc
Popa Chubby,blues,track,(Sittin' On) The Dock of The Bay,2003.0,4VaUE9PJPJ46IwNzTlofO8
John Hammond,blues,track,Sweet Home Chicago,2003.0,3Ck0eraxaMeJTkCjh6ZqNu
Amy Winehouse,blues,track,F*** Me Pumps,2003.0,5lEKl4BrjaBHMaTwAVeExH
Dick Brave & The Backbeats,blues,track,Twenty Flight Rock,2003.0,7kmja7QAr5CiPgjmjgQjkv
Snowy White,blues,track,Snow Blues,2003.0,58dBSRx65WKUew5bussurJ
Joe Bonamassa,blues,track,Wild About You Baby,2003.0,0Kvl8dWCyOWS2uDpuFdXoe
The Black Keys,blues,track,Hurt Like Mine,2003.0,1LkwlyNEmhMaY0rbhxJq6R
The Black Keys,blues,track,Everywhere I Go,2003.0,5rRDk6bhV4w8n3wEo59Vmd
The Quantic Soul Orchestra,blues,track,Terrapin,2003.0,0su7Fj6d6ybtv2bwCvuvdQ
Soledad Brothers,blues,track,Going Back To Memphis - Live,2003.0,1g8FLJkIVYoEXYoZE2yitm
Dick Brave & The Backbeats,blues,track,Buona sera,2003.0,0hOR1Lc1WLe8VYOneoWsJy
R.L. Burnside,blues,track,Poor Black Mattie,2003.0,4BIZpevfE9KRsGahLJJuVR
Slim Harpo,blues,track,I'm Gonna Miss You (Like The Devil) - Single Version,2003.0,4594IJ0UCAMSaG8JEyZbz0
CHRISTIAN PADOVAN,blues,track,Betty's Gone,2003.0,6fEdAoRWBwB5j5E2LybJgL
Doyle Bramhall,blues,track,"I'd Rather Be Blind, Crippled and Crazy",2003.0,7tP6VYRF41aDNdjiRq87dO
Debbie Davies,blues,track,Takin' It All To Vegas,2003.0,5IiUjYNjkQ3HwM8rL7T5a3
Robert Belfour,blues,track,Hill Stomp,2003.0,4bkP8kgURzdcy6kb0RyV74
Joe Bonamassa,blues,track,Left Overs,2003.0,4mB5PtINISegZh3w9rx6FQ
Dick Brave & The Backbeats,blues,track,She's the Most,2003.0,4PT8DpjBFSlnCvogfpOwDk
Dick Brave & The Backbeats,blues,track,Teenager in Love,2003.0,2UhNqfszTNfQHV4ISciGHq
Joe Cocker,blues,track,Sorry Seems to Be the Hardest Word,2003.0,6TtbUEPsT8MLfVLESBpZRg
Vargas Blues Band,blues,track,Spanish Fly,2003.0,5zwoBGlRQIHzaPBVtiY7yp
The Nimmo Brothers,blues,track,I Do It All For You,2003.0,7jF8SaX9ILCIaVUSWmLtLX
J.B. Lenoir,blues,track,Good Looking Woman,2003.0,6aiuq2Kw36GdYcluKQHxSI
Muddy Waters,blues,track,"Baby, Please Don't Go - Live",2003.0,4kY1zORr6jt053J0d4PGHv
Robert Johnson,blues,track,Sweet Home Chicago,2004.0,1guIEbEw6v69ubNOuH9Aug
Calvin Russell,blues,track,I dreamed i saw,2004.0,66UVK9TPvtvKayHmEcSgDX
Calvin Russell,blues,track,One meat ball,2004.0,2A4q84wYsw1jthUqKSSj00
Calvin Russell,blues,track,Don't turn your head,2004.0,3p3ntWHUnxd9wwuIb8MGxI
Guitar Shorty,blues,track,Get Busy,2004.0,0sPCMZeDh2yPJiMbU7Y3kb
R.L. Burnside,blues,track,Goin' Away Baby,2004.0,7cMvx9JGa7i03ov4Z3FoRn
Eric Bibb,blues,track,Bessie's Advice,2004.0,2oPHm8xBT1kk9mSIeLs0nb
Jamie Cullum,blues,track,What A Difference A Day Made,2004.0,4Kq07FxMwtMVBapID5CsRk
Muddy Waters Blues Band,blues,track,I'm Feeling Alright - 1,2004.0,1CUuRMphE7FKb1A44vP3Vu
C.C. Adcock,blues,track,Stealin' All Day,2004.0,3eHQLJBH5MBSkwg5OPWkkd
Etta James,blues,track,Dust My Broom,2004.0,7ab9T50hNO7ULa2pvtcjjZ
Guitar Shorty,blues,track,What She Don't Know,2004.0,4twUM0UcBejOYgj3J9uzgY
Eric Clapton,blues,track,Little Queen of Spades,2004.0,2FollULDHC9crIdIwobudx
Buddy Guy,blues,track,Messin' with the Kid,2004.0,6VkaGRe98A6x7S5dGmxd30
Eric Clapton,blues,track,When You Got a Good Friend,2004.0,4h7v0joHpqFzcL96UQyjU9
Calvin Russell,blues,track,You don't know,2004.0,5wGhjIEpKvpqBk3OnhIWWz
Etta James,blues,track,Got My Mojo Working,2004.0,0sU5nC6NADQeGntkzMSnmb
Calvin Russell,blues,track,Nothin',2004.0,6Fh32ViDkZePgN5Joi9aOD
Chet Atkins,blues,track,Poor Boy Blues,2004.0,7wVWGi19XHSDPfLQbyohFB
Calvin Russell,blues,track,Stranger,2004.0,0xAoJ55xgneMmV2h7nl6ym
Joe Cocker,blues,track,I (Who Have Nothing),2004.0,3CSXOs5jPrTnw6wWcs91yE
Guitar Shorty,blues,track,Old School,2004.0,54sI3jSzu7Q3xaiU9o2nI7
Alicia Keys,blues,track,If I Ain't Got You (feat. Arturo Sandoval) - Spanish Version,2004.0,171PQ2EySFy9czmQ7RRQSq
R.L. Burnside,blues,track,Someday Baby,2004.0,5ZBUC1YafitJgLt8dgZYTW
Solomon Burke,blues,track,Let Me Wrap My Arms Around You,2004.0,5MNqfOUNVtgphtlT7WHnzC
Calvin Russell,blues,track,My way,2004.0,2DgecO0Qkr7yNrnllHg4Zv
Hanne Boel,blues,track,Can't Run from Yourself,2004.0,3Iz46oZoFFofZkmFNf5Aix
Eric Clapton,blues,track,Sweet Home Chicago,2004.0,2SrJs30sg11tsG1jfmHPxQ
Mark Knopfler,blues,track,Song For Sonny Liston,2004.0,1U7fpKJ97ru3DunK2MVbqF
Eric Clapton,blues,track,Me and the Devil Blues,2004.0,46zPjIeetY6PEzXDmcb1uc
Calvin Russell,blues,track,Last night,2004.0,2HxUhlCrRRcsefM183AoAX
Norah Jones,blues,track,Those Sweet Words,2004.0,2MKLbFPQ3QDXpQ0KnS06Kl
Calvin Russell,blues,track,Big brother,2004.0,19Ji6Pdoms8fbiujzXoNML
R.L. Burnside,blues,track,Goin' Down South,2004.0,0AbLQMdKJFIaO6FrNRMmuZ
Joe Bonamassa,blues,track,Reconsider Baby,2004.0,46tOHo9SThlggrU2MiijEC
Sam Myers,blues,track,I Got The Blues,2004.0,4kqlHVYwkpLI1FzhVBAVZM
Guitar Shorty,blues,track,A Little Less Conversation,2004.0,73qNHMPnanBGsxD1cQ2ojn
Gary Moore,blues,track,That's Why I Play the Blues,2004.0,3wOblrCpqJoMd38NW9qF8i
Calvin Russell,blues,track,Baby i love you,2004.0,3QVeZ7HUJ9ZJpO8AsWxHE0
Ray Charles,blues,track,Sinner's Prayer,2004.0,7xdHxnlWPneFrwkwK7w2hY
Joe Cocker,blues,track,I Put a Spell on You,2004.0,5YF5WYnFAVsc5mAW7jqCM3
Ray Charles,blues,track,Here We Go Again,2004.0,5wfCY08QVWdUaigsFv9IkZ
Albert Cummings,blues,track,Lonely Bed,2004.0,2glwN5raCeEn0EdjKrNw6i
Calvin Russell,blues,track,A crack in time,2004.0,63DA8d1KZBVyX3oFUuFKi7
Ray Charles,blues,track,Do I Ever Cross Your Mind,2004.0,3GH1udndeAMY27JfXe0ecZ
Xavier Rudd,blues,track,Let Me Be,2004.0,4nbP22GpSsGXceJ9xSpWKx
Ray Charles,blues,track,Sorry Seems To Be The Hardest Word,2004.0,6A9OKek5PIn8IEy9dGkNzG
Eric Bibb,blues,track,Don't Ever Let Nobody Drag Your Spirit Down,2004.0,3zXfuTPCPrPfHSLiH3uMJe
Ray Charles,blues,track,Fever,2004.0,2AcDdgk7gSs1gJKcIsi6Ep
Ray Charles,blues,track,You Don't Know Me,2004.0,4h74V26B574hSICB5MZs1c
The Notorious Cherry Bombs,blues,track,Forever Someday,2004.0,2qEGE9K9NtysGAaafNvfA2
Horace Silver,blues,track,Doodlin' - Remastered 2004,2004.0,5TMVNGCCHS01ub7oOLzyFW
Eric Clapton,blues,track,They're Red Hot,2004.0,4xEfHJYhgd2YoDBFM8nvk7
Guitar Shorty,blues,track,Story Of My Life,2004.0,6rojDRfjCkzLOevtjjOXCZ
Aerosmith,blues,track,Road Runner,2004.0,3Rz8yO9V90BKc5RGadvvfz
Guitar Shorty,blues,track,I'm Gonna Leave You,2004.0,7GeL9vs46QigLH2hcO70rc
Lee Rocker,blues,track,"Jimmy, Jimmy",2004.0,4sQALgHFf82xoovJlyacR7
Calvin Russell,blues,track,Down down down,2004.0,6mQeVXW2JBKA1e2h44zF9D
Marc Broussard,blues,track,The Beauty Of Who You Are,2004.0,379MTvtZNnggGZPb7Ns6lS
Johnny Burnette & The Rock 'N' Roll Trio,blues,track,Rock Therapy,2004.0,0gqs0zjUzt1hXficRd4IfZ
Byther Smith,blues,track,The Man Wants Me Dead,2004.0,1UeBWUHPGJLlAC4wHFzJXU
The Holmes Brothers,blues,track,"We Meet, We Part, We Remember",2004.0,75MfpJNbjcJ1aGV0F6BD5X
Joe Bonamassa,blues,track,The River,2004.0,3cnUE6pBz4HwRYw4dOleit
Eric Clapton,blues,track,Ramblin' on My Mind,2004.0,2Ql6ze5QRhcxcD7tQ6Mj4m
Eric Clapton,blues,track,Come on in My Kitchen,2004.0,103Au6UjmyIc1sKurPR0js
Los Lonely Boys,blues,track,Crazy Dream,2004.0,2SZsePkGd3QOT0vzm68thq
Eric Clapton,blues,track,Milkcow's Calf Blues,2004.0,60CW95Y6mADbOlR7ft6sz0
The Notorious Cherry Bombs,blues,track,"Let It Roll, Let It Ride",2004.0,6D7hf2c4iZLbyfZEid8rUF
Ben B. Beckendorf,blues,track,Light In My Darkest Hour,2004.0,0iHPse3I4MoERsUQezjfnO
Eric Clapton,blues,track,Stop Breakin' Down Blues,2004.0,6SVor9JCdc2UusxE8FeaRs
The Notorious Cherry Bombs,blues,track,If I Ever Break Your Heart,2004.0,7sSynVoGQGMKDXndxFFpiz
Eric Clapton,blues,track,Love in Vain,2004.0,1rtMAXr8YALecPbZyZpmQB
Stan Webb,blues,track,The Thrill Has Gone (Live),2004.0,6crFOvjRe2VGMScODTWpvL
Guitar Shorty,blues,track,Let My Guitar Do The Talking,2004.0,5ZB6f5NUzJfPZZUNa8R0qH
Susan Tedeschi,blues,track,It Hurt so Bad - Live,2004.0,1Vbatc4nErn69nEdF9RawW
Eric Clapton,blues,track,Last Fair Deal Gone Down,2004.0,2heDUNye6x8wmJPhm1xKIR
Eric Clapton,blues,track,Traveling Riverside Blues,2004.0,2hjNHkvXVQtTrprpEsBjKW
Lightnin' Hopkins,blues,track,Hello Central (Give Me Central),2004.0,6uCGkaWz4Vn4MwYYsZMiYw
W.C. Clark,blues,track,Stronger Than You Need To Be,2004.0,111lEceXGPf5AX8yntrQaK
Jools Holland,blues,track,Life's Too Short,2004.0,2odj6HTRYBNKxWCcSAcCz5
Muddy Waters Blues Band,blues,track,Sometimes I Have a Heartache,2004.0,0mkG3CMFnK6W1sudP0CxuK
Kieran Kane,blues,track,Just Like That (feat. Fats Kaplin),2004.0,1A7878HHXGPl9H5yMi1OYI
Muddy Waters,blues,track,"Baby, Please Don't Go - Single Version",2004.0,5u3QdyScilG0iThRgGPQ0S
Eric Clapton,blues,track,If I Had Possession over Judgement Day,2004.0,6EWdtamehY5X0PSvKxapSy
Stan Webb,blues,track,I'd Rather Go Blind,2004.0,10a20CC6wR2xQNV19joKnX
Byther Smith,blues,track,All For Business,2004.0,1tYvwe0nTQhmL76LRaxTql
The Rolling Stones,blues,track,Little Red Rooster - (Original Single Mono Version),2004.0,3DFjWyIJ2FA8ehRRynybpO
Alicia Keys,blues,track,If I Ain't Got You (feat. Arturo Sandoval) - Spanish Version,2004.0,7K8vOty2LqiYwLmBAdanEJ
Heaven & Earth,blues,track,When a Blind Man Cries,2004.0,6sEMWYQz6zVhHNkI0O1If3
Lucille Bogan,blues,track,Shave 'Em Dry II,2004.0,6uYVwPP9BGgqDKBorb2k8L
Guitar Shorty,blues,track,Right Tool For The Job,2004.0,3J5Y3csmxRTTsIbIAUQOhw
Susan Tedeschi,blues,track,Angel from Montgomery - Live,2004.0,2myTVF5fkau8NR1xJNuztj
W.C. Clark,blues,track,My Texas Home,2004.0,16UV31f3UunkFqMOsIMU5n
R.L. Burnside,blues,track,Glory Be,2004.0,2XTHsWwgPQTziAjqn9OiGN
Keith Urban,blues,track,Tonight I Wanna Cry,2004.0,61hmCqoIlTJjcVMMLhcH5n
Guitar Shorty,blues,track,I've Been Working,2004.0,51BP1tqpxN9Zk08RlcnO43
R.L. Burnside,blues,track,Shake 'Em on Down,2004.0,1yxCax1l0O8p3lik3WvamC
Etta James,blues,track,The Sky Is Crying,2004.0,3sMAzJIN9ruG2Nhf07FJeU
Eric Clapton,blues,track,Kind Hearted Woman Blues,2004.0,3bDhok0xhx7ihIGWdt9Ft0
Buddaheads,blues,track,When The Blues Catch Up With You,2004.0,6PDydn8bykR9U6ihm51WHb
Muddy Waters Blues Band,blues,track,Life Goes On,2004.0,6WnteapB2WkfyK6MVHX55h
Memphis La Blusera,blues,track,Estaño de Bar,2004.0,71xuRywONAnobC5Ol84YKD
Amy Winehouse,blues,track,Fuck Me Pumps,2004.0,0bebe96iuPVGnuJL76DeC9
Buddaheads,blues,track,Crawlin' Moon,2004.0,2mZI0cmBTPReZjBoYRSv87
Bill Wyman's Rhythm Kings,blues,track,Roll 'Em Pete,2004.0,1bvVmzN6jCzxXPPO2Y175Y
The Holmes Brothers,blues,track,Hey Baby,2004.0,6ieZ4j417QfEsIj3i3L37e
The Ditty Bops,blues,track,Sister Kate,2004.0,1kqTuY7rbpPSOrOjQlumDN
Eric Clapton,blues,track,Terraplane Blues,2004.0,7lXdPj8QN1ecB2sLHzyzZp
Memphis La Blusera,blues,track,Blues en Fa,2004.0,6G7lyCPncmG6PW3K5BdoCa
Don Vilanova Botafogo,blues,track,Que Cosas Yo No Haría,2004.0,6ALzDOGfYTTtiuizVtzd0Y
Coen Wolters Band,blues,track,Ain't No Way,2004.0,4RKvygcW8nE7pGLVctyYgP
Zucchero,blues,track,Ali D'Oro,2004.0,57qO1iFmRpNbRe60LekCGV
Etta James,blues,track,You Shook Me,2004.0,78Im3bKE8ZBOT41R99uobS
Bobby Wayne,blues,track,Whisper Away,2004.0,3ZUbWKDZxdFuI2HHGH8enX
Buddy Guy,blues,track,Miss Ida B,2004.0,6sEi4jQuygl91z4gQbSbSh
Norah Jones,blues,track,Those Sweet Words,2004.0,095XZSW3ksBAwUyMJ3wxj4
Stan Webb,blues,track,The House That Love Lives In,2004.0,6JNcpc7Bzkh1O3uMphpykx
Joe Bonamassa,blues,track,Never Make Your Move too Soon,2004.0,0hK44dGZv9U0RWOonvkA6T
Eric Clapton,blues,track,Hell Hound on My Trail,2004.0,6u7BUogohoCca6X492Gv4E
Calvin Russell,blues,track,This is my life,2004.0,7jU4HdE6SzJiQ2kVa1dgCF
Joe Bonamassa,blues,track,When She Dances,2004.0,17VqQQo5RkdA7iukLr0okv
The Black Keys,blues,track,Have Love Will Travel,2004.0,5HYUJEfwbOUcy0Xym1n3oY
R.L. Burnside,blues,track,See What My Buddy Done,2004.0,6lvPbmUZ89Gv9j7Wu4sBeH
W.C. Clark,blues,track,You Left The Water Running,2004.0,1GAG4sck0uKPPaDzaedtkL
R.L. Burnside,blues,track,Rollin' and Tumblin',2004.0,6GtSL7Pjh00BELtUDKwVKo
Buddy Guy,blues,track,Sweet Home Chicago - Mono Rough Mix,2004.0,5zGssSIGlzrEWZOH3M8Bn6
Aerosmith,blues,track,Never Loved a Girl,2004.0,1v4adEDf3hIrxVv8Lmdtq2
W.C. Clark,blues,track,I Want To Do Everything For You,2004.0,60HZMtHQstAejQVqmzEfrE
Eric Bibb,blues,track,Good Stuff,2004.0,4eDjTIQhubGy7hfIQfEmIX
Aerosmith,blues,track,Eyesight To The Blind,2004.0,2P3PUFhjjE6fn6uu3uscAJ
Calvin Russell,blues,track,Love stealer,2004.0,6PvpBqQJORFqfMwk884PpR
The Holmes Brothers,blues,track,I'm So Lonely,2004.0,0wy4zVtVXy06xwuCUayup0
Memphis La Blusera,blues,track,Lo Único Importante Es el Blues,2004.0,3XMiCo9UObfPldgve3gc8L
Jools Holland,blues,track,Glory of Love,2004.0,1o278snFDM2tcNQymJ06I6
Calvin Russell,blues,track,This could be the day,2004.0,1QGm8iaslg2tXzeW3m9LLd
Buddaheads,blues,track,Company Graveyard,2004.0,6K93JYuzrVAkqvpyuYWFVq
Bill Wyman's Rhythm Kings,blues,track,Mississippi Flyer,2004.0,0L2QizXugeZwnZ2gG3yrVI
Eric Clapton,blues,track,32-20 Blues,2004.0,5XsNauyjunbSYFljFz0Qxn
Byther Smith,blues,track,This Little Voice,2004.0,4uyrd5xImIeHb12PbCL2Ti
Calvin Russell,blues,track,Rockin’ the republicans,2004.0,3qF0N2p3aAOUNvvIC6hcY8
Zucchero,blues,track,I Lay Down,2004.0,4wPDt0wuB99BkiaEtP5qco
Eric Burdon,blues,track,Can't Kill The Boogieman,2004.0,7hJbnSihbw3zrGE0bzYWcX
Uriah Heep,blues,track,Come Back to Me,2004.0,2jVlnByCy4VJxxM1UVy0hk
Jeffrey Foucault,blues,track,4&20 Blues,2004.0,1HwXK4EwDRxyDmjFOi4sgi
Eddie Hope,blues,track,A Fool No More,2004.0,33WVtTZP4wEOwoSGW0idkK
Mark Knopfler,blues,track,Song For Sonny Liston,2004.0,7CEB9EWKgL5kC1HTO8Oru7
Muddy Waters Blues Band,blues,track,Everything Gonna Be Alright,2004.0,5VK783FVcaNdsx5iN0O7dN
Carl Weathersby,blues,track,Hold On,2004.0,6hvJliJvOMHiKSXjPyUoZf
Albert Cummings,blues,track,Blues Makes Me Feel So Good,2004.0,5T1sj4W2NIUlbmZMdZmAI3
Jools Holland,blues,track,St. James' Infirmary Blues,2004.0,6TSgebnc69Ndnw52rffHJV
Gigi D'Agostino,electronic,track,L'Amour Toujours (Tanzen Vision RMX),2000.0,0Cjl6YCM4JQSgdg3xaFPxk
A Touch Of Class,electronic,track,My Heart Beats Like A Drum (Dam Dam Dam) - Radio Edit,2000.0,0hRFDhaHRJt6cz69n78G3f
Morcheeba,electronic,track,Rome Wasn't Built in a Day,2000.0,6lsumzVFKP9SnfKcuGwqVp
Air,electronic,track,Highschool Lover,2000.0,6JBDPZ0DOmc5mBJprphQc8
Vengaboys,electronic,track,Kiss (When The Sun Don't Shine),2000.0,0CZWUolHfpM91zjjH6sJBN
Alice Deejay,electronic,track,Back in My Life,2000.0,557q3cfw95ChPhoupTVUUZ
St Germain,electronic,track,Rose rouge,2000.0,1divptdjcWXvF1aflfTQnw
Groove Armada,electronic,track,At the River,2000.0,0KIPa0YuQ5QFmlAqRyXNd9
Aqua,electronic,track,Around The World,2000.0,18lq8FwQ94jlSk95PTM7Mr
Marilyn Manson,electronic,track,The Nobodies,2000.0,1x8sna2LV8WQ38NEtN5X46
Safri Duo,electronic,track,Played-A-Live (The Bongo Song) - Radio Edit,2000.0,71cEGt2SrA5toSCCTVpLMU
The Mighty Bop,electronic,track,Feeling Good,2000.0,2uqFg7QCWvymUY3pCgEFmB
A Touch Of Class,electronic,track,Around the World (La La La La La),2000.0,0IbTukfZdB91gclEXUQZkH
Oasis,electronic,track,Fuckin' in the Bushes,2000.0,462S1M7tjOWEN588p89SCp
Bonobo,electronic,track,The Plug,2000.0,6HGbrlmb37enHxutPPZXgz
Tosca,electronic,track,Honey,2000.0,33jQyNBQp4kn10STv1o5St
St Germain,electronic,track,Montego Bay Spleen,2000.0,38LpbjQx5XAA95pb7AGRnE
Marilyn Manson,electronic,track,Disposable Teens,2000.0,07YoPdPfhQ62iNztZvOlDY
Thievery Corporation,electronic,track,Lebanese Blonde,2000.0,6k5VMHrwv7mgPpkQSRQtQr
Alice Deejay,electronic,track,Megamix,2000.0,24Dy4I4sMDdb0HlXm54yad
Vengaboys,electronic,track,Shalala Lala,2000.0,4pV49P2v3sxI0XYjUTmOl1
SMiLE.dk,electronic,track,Dragonfly,2000.0,29ExhtIxRc3nvITyL4dIZ0
Catrien,electronic,track,Like a Vampire,2000.0,3BGJ5cltbFgxUjmdlSD1XV
St Germain,electronic,track,Sure Thing,2000.0,1msXkHv84LKikJGKcfdGBu
Darude,electronic,track,Feel the Beat,2000.0,464Q6gFqBPItwWNZF8WbjR
Goldfrapp,electronic,track,Lovely Head,2000.0,1zgep5cR2ZjHRKLi3qqbl8
Mocean Worker,electronic,track,Tres Tres Chic,2000.0,1eliQ11lyU24C8DfSlgvOQ
Gaya Band,electronic,track,Dayang Dayang,2000.0,1S7hgC3aQ1hkWFFIeX2MXK
St Germain,electronic,track,So Flute,2000.0,1XAzFYJR94m9T4AgshhO99
Alice Deejay,electronic,track,Will I Ever,2000.0,7FpkmUt2H3Mf9TVEGHkUpk
Oasis,electronic,track,Let's All Make Believe,2000.0,3r1z4FC2qLJGxOxJQRZjPC
Floorfilla,electronic,track,Anthem #4,2000.0,0iDAPSZzxQ2jBuZ4GNfXhX
Barcode Brothers,electronic,track,Flute,2000.0,5ITn6PS4RODpPjl75qMG1w
Vengaboys,electronic,track,Shalala Lala - XXL Version,2000.0,6mHMiHVOIQcaPwhz7OLXvX
Oasis,electronic,track,Fuckin' in the Bushes,2000.0,1QHE8IOAgoRB1jCcmHP56T
Alice Deejay,electronic,track,Better Off Alone,2000.0,5XVjNRubJUW0iPhhSWpLCj
Doctor Rockit,electronic,track,Café de Flore,2000.0,5tOd8Y5zNe8cEu2eCsJgpR
Marilyn Manson,electronic,track,The Fight Song,2000.0,6pfdW2NouUI3ZnugM7r0G0
Tosca,electronic,track,Ocean Beat,2000.0,4QY0yRUFZH6esmilQ2B3xI
Daft Punk,electronic,track,One More Time - Radio Edit [Short Radio Edit],2000.0,2Uy6EhQXAYkXA6MohPgjpV
Thievery Corporation,electronic,track,Shadows of Ourselves,2000.0,6Z1ezsoUv1yi8JHqL6bA69
Hooverphonic,electronic,track,Mad About You,2000.0,5drK2kTE2mrUdV33iHWyrx
Tosca,electronic,track,Suzuki,2000.0,7DBBuzCuZQaWNRix9ys6UB
SMiLE.dk,electronic,track,Doo-Be-Di-Boy,2000.0,10NUioE2MSmHP09avaTBc4
A Touch Of Class,electronic,track,Around the World (La La La La La),2000.0,7CvOnbFdnIoXMQ4eFCo5lB
Bonobo,electronic,track,Terrapin,2000.0,6G1lPm5H051kZL5rJHvXEv
Paffendorf,electronic,track,Where Are You,2000.0,0IYEeFCq0s69pblANmQzpb
Marilyn Manson,electronic,track,The Death Song,2000.0,1w78e0reuMtEfkeWcSsNlf
Air,electronic,track,Playground Love (with Gordon Tracks),2000.0,6L5RI9isQPvFyl1yCxnFFb
Darude,electronic,track,Sandstorm,2000.0,3dxDj8pDPlIHCIrUPXuCeG
St Germain,electronic,track,La goutte d'or,2000.0,5eHKGf2FpigGiTeVwJYrWi
Tosca,electronic,track,Busenfreund,2000.0,5JgwduVdBUdVSRhawkFyno
Goldfrapp,electronic,track,Utopia,2000.0,1dToJK56u2pOVA3S66OgPB
Bob Baldwin,electronic,track,Funkin' For Jamaica,2000.0,20vQ82uC2ckgVeUsUP0yav
Gotan Project,electronic,track,Last tango in Paris,2000.0,0HmDWO2MbJrei6cn6ebLFk
Goldfrapp,electronic,track,Deer Stop,2000.0,2jJNWIW18HkqKXV8WD2wCJ
Oasis,electronic,track,Little James,2000.0,2bQFHF1KT7YFIa0rC6N21G
Tosca,electronic,track,Annanas,2000.0,6Lc7FzlPGeeEwwHPfs6RDM
Air,electronic,track,Clouds Up,2000.0,38bUEPV1Rj2BXL3eFRw73N
Dzihan & Kamien,electronic,track,Stiff Jazz,2000.0,07Vp8mqbrIFtj7YgPMnoCE
Air,electronic,track,Bathroom Girl,2000.0,3BM9ViH95DUWeA63dzajXD
Marilyn Manson,electronic,track,Coma Black,2000.0,1Hc6IKoMFzRzCikFqLjJLX
Vengaboys,electronic,track,Uncle John From Jamaica,2000.0,7q9ufJqWc9HFNzxXVvX79L
St Germain,electronic,track,Latin Note,2000.0,7fUr8EpRc0AC4MCPMVPIgI
Marilyn Manson,electronic,track,Lamb Of God,2000.0,7FYWYIQykAwJyoTb9gShGN
Enigma,electronic,track,Smell Of Desire,2000.0,3frkjAirhgbx5iOxkot0a8
Lemon Jelly,electronic,track,A Tune For Jack,2000.0,1AKHclGKFc3fjv0V9qnZ3w
Amon Tobin,electronic,track,Slowly,2000.0,15J6PrzKaLtvw0dBr9sq72
Nicola Conte,electronic,track,Il Cerchio Rosso,2000.0,4CEwtD5LZBTKt9ywieNNzO
Goldfrapp,electronic,track,Pilots,2000.0,5mQufnj3hfd1rnXALgADI6
Enigma,electronic,track,The Screen Behind The Mirror,2000.0,21ntjyHLb7sVEqNeFWu63F
Morcheeba,electronic,track,World Looking In,2000.0,7L58q6GuEx27c12drvszhr
Tosca,electronic,track,Doris Dub,2000.0,3wFL8Zl7r1UlcBqD2zLPQm
Goldfrapp,electronic,track,Paper Bag,2000.0,1pJXRXQJZAhHGbB5Pyb8Jf
Bowery Electric,electronic,track,Soul City,2000.0,1bg23PKffo3LYltL0yNBC5
Bonobo,electronic,track,Silver,2000.0,5LB8Xop5SuozvPINeSSMf5
Hybrid,electronic,track,Accelerator - Live In Tokyo,2000.0,3tWmNqovmkDaR4WD2bRnEQ
Tosca,electronic,track,Boss On The Boat,2000.0,6ms6TzsHlZbpVAf7bMeI93
Wax Poetic,electronic,track,Angels,2000.0,5lzo7Gtu5z7A5kV6he5chD
Alice Deejay,electronic,track,Pronti & Kalmani Hitmix,2000.0,4gI9bDPjolX117SfFJnISJ
SMiLE.dk,electronic,track,"Kissy, Kissy",2000.0,2F8gKBTxzoCQpUNoTibQPz
Chateau Flight,electronic,track,Poésie Champêtre,2000.0,4TuB1ViWznb0Hv3W85rbOv
Dzihan & Kamien,electronic,track,Homebase,2000.0,4e9wcQjrY8PJPDvUg2Kt0W
Blur,electronic,track,She's So High - Single Version,2000.0,28Tj1Gc80CcgI3zElL3rgf
Blue States,electronic,track,Your Girl,2000.0,4iBqN4fvv1j9mvc8sHp8Nu
Oasis,electronic,track,Who Feels Love?,2000.0,2l7UFx0Uy74r6qWVff5bnR
Thievery Corporation,electronic,track,Samba Tranquille,2000.0,5a8Ir2wo8GpDDSkWqvZi7S
LTJ Bukem,electronic,track,Journey Inwards,2000.0,3iLyAY6mucjT2lxrtincYz
Blur,electronic,track,There's No Other Way - Single Version,2000.0,2qw5UTkURUArvay7phtq8U
Thievery Corporation,electronic,track,Le Monde,2000.0,5wV6fTRIBubEotV5pjpF3T
St Germain,electronic,track,Land Of...,2000.0,5HVcJTb111CdGVwJWPyZcn
St Germain,electronic,track,Pont des Arts,2000.0,6kicsnoSgwTPWYPlxTDB2t
Tosca,electronic,track,Orozco,2000.0,1dzEjFQAJBmewLjPzD8B3t
Missing Heart,electronic,track,Moonlight Shadow,2000.0,6trwy7lzjV2Lyga6yDesTQ
Thievery Corporation,electronic,track,So Com Voce,2000.0,4720QgLxfScGStvX9YcGkA
Marilyn Manson,electronic,track,The Love Song,2000.0,3jzAsTL0I2OMebMOSDJSKx
Alice Deejay,electronic,track,The Lonely One,2000.0,2pCY9je7WzYmPDM9DvYE9V
Aqua,electronic,track,Bumble Bees,2000.0,3BvL8S1xSYTennCDUON13L
Vhen Bautista,electronic,track,Sulisog,2000.0,7z92qMRzxb1KlCBobccnIR
m.o.v.e,electronic,track,words of the mind ～brandnew journey～,2000.0,21fiJmimBODnixYuIQ3uPa
Underworld,electronic,track,"Born Slippy (Nuxx) - Live / Brussels, Belgium / 1999",2000.0,7FbQmbebGIxQKirdl1c1gN
DJ Aligator,electronic,track,The Whistle Song,2000.0,4YnAKHP8pUPeaOov12tljh
Nicola Conte,electronic,track,Il Cerchio Rosso,2000.0,4CEwtD5LZBTKt9ywieNNzO
LTJ Bukem,electronic,track,Watercolours,2000.0,1444onOjS2vvrBP874CWuT
Visage,electronic,track,Fade To Grey,2000.0,06LHESr4LTtnbZJ4R0xxrG
noonday underground,electronic,track,London,2000.0,7hO26kUjdOdv8H7cDc4zdg
Marilyn Manson,electronic,track,King Kill 33,2000.0,4tiwGr2R5zrrHSZK2dtrxR
Marilyn Manson,electronic,track,Target Audience (Narcissus Narcosis),2000.0,6FSGlp7OeaS9q1riBaCV9s
Jolina Magdangal,electronic,track,Chuva Choo Choo,2000.0,42c1mEkP7JlDYGgev4wq1Y
Marilyn Manson,electronic,track,Godeatgod,2000.0,0TOZPx4jGfO5YEMdHZpBeT
666,electronic,track,Dance 2 Disco - DJ Piccolo Radio Mix,2000.0,5ZtX3gg5GNDbCHhtthA84F
Groove Armada,electronic,track,Dusk You & Me,2000.0,5SsESuc7gf8om8OgPPQolD
Air,electronic,track,Dark Messages,2000.0,3vYtQ43IfOEbMuIYKPgFLz
Air,electronic,track,Dirty Trip,2000.0,2U7An5QXk69V5DOJn05JAx
Greyboy,electronic,track,Genevieve,2000.0,56OA1afGlN3YTmS2iybZct
Fatboy Slim,electronic,track,Weapon of Choice (feat. Bootsy Collins),2000.0,6XwA4DnReFDq3CkdrwoFiz
Oasis,electronic,track,Put Yer Money Where Yer Mouth Is,2000.0,55ViVwGTlOOjgI3n8URYHU
Groove Armada,electronic,track,If Everybody Looked the Same,2000.0,0HQODNIFH6CVwIRlvGep30
Barcode Brothers,electronic,track,Dooh Dooh,2000.0,06MaHjSGleJNvfsugH0mFi
Kim Lukas,electronic,track,All I Really Want,2000.0,2UgQjlPMNpTBZSk15TLa8V
St Germain,electronic,track,What You Think About...,2000.0,6Sw5aOSeKrUBxenDEzuta7
Lemon Jelly,electronic,track,In The Bath,2000.0,5FccwnVjJbLIF2azQjCwyP
Roni Size,electronic,track,Idi Banashapan,2000.0,5gc6ixt4Aaf5DgV2J8JbJo
Vengaboys,electronic,track,Cheekah Bow Bow (That Computer Song),2000.0,1BHlUmO17Cr6NCAD9o3OYu
Oasis,electronic,track,Little James,2000.0,1M5YeYo0H6qY5AfZUnoXjc
Underworld,electronic,track,"Rez / Cowgirl - Live / Brussels, Belgium / 1999",2000.0,3kZUxaKYp0DIXwxO0AcO4f
Orgy,electronic,track,Fiction - Dreams in Digital,2000.0,6NldY5aZigWeeGIMY41qG6
Fatboy Slim,electronic,track,Star 69,2000.0,42BBBnUhe01JGQjsE7nJ3g
Oasis,electronic,track,Who Feels Love?,2000.0,49E0tP6H9Vim0Xe9DtXHpC
Nicola Conte,electronic,track,Bossa Per Due,2000.0,5gfuPRh2118jWEhuH1tdHw
Air,electronic,track,Empty House,2000.0,4GJRizoC2rpZIdzZ46z11Q
GAS,electronic,track,Pop 4,2000.0,6tjzp1mCVaTeK5ZFAye3Ou
Vengaboys,electronic,track,Skinnydippin',2000.0,59l0iMlz9EkY2Dhw16RLE9
Incognito,electronic,track,Always There - David Morales Remix,2000.0,2hYAtnubB0xBHm5SBgJRHb
Highland,electronic,track,Solo Tu - X-Mod Radio Mix,2000.0,3Nk1h5gNzdF5qb6FVuyyQ6
Oasis,electronic,track,Put Yer Money Where Yer Mouth Is,2000.0,05MTPVr8gRjRgtRYENBiiq
Blue States,electronic,track,Walkabout,2000.0,5Nwwo7J23HUZtAEFLYvcPc
Alice Deejay,electronic,track,I Can See (See It In Your Eyes),2000.0,6zmF1ahOh37GJyITvqYTL8
Yonderboi,electronic,track,Riders On the Storm,2000.0,3uI0EptPACbrdR1Dq20oWu
Omar,electronic,track,Be Thankful,2000.0,2bULDC7iIk43NXgGKA4vPB
Mandalay,electronic,track,It's Enough Now,2000.0,0wfuKOlBZSGTnePCIjnHNK
LTJ Bukem,electronic,track,Inner Guidance,2000.0,48PIssAZnxPgEvcEc9belU
Andreid,electronic,track,Voyage - Remix,2000.0,5OKFwd0POysPIvokC3PmDv
Orbital,electronic,track,Beached - Long Version,2000.0,2uwDAsKDFUCFaWmlxevHoE
Hybrid,electronic,track,Kid 2000 - Live In Tokyo,2000.0,1rj4vO3APq3QB8z2hif4fP
Air,electronic,track,Cemetary Party,2000.0,74wMVIurmVVrur2PyotRO3
Marilyn Manson,electronic,track,In The Shadow Of The Valley Of Death,2000.0,0dbRluMsv9I0FAnTIaGeUC
Boards of Canada,electronic,track,Kid For Today,2000.0,5jRkJXPo4SiPaTCNzn01X8
Greyboy,electronic,track,To Know You Is to Love You,2000.0,19x3I9FaVhvbKIypP2oEWo
666,electronic,track,Supadupafly - On Air Edit,2000.0,66KWd1XHFg79jBp7wYv7FR
Da Hool,electronic,track,Meet Her at the Loveparade - Radio Edit,2001.0,3z5fPVImx59TSttFEDZbFJ
Safri Duo,electronic,track,Played-A-Live (The Bongo Song),2001.0,7uuo02BIR76qZ6ZXQhz7Ys
Daft Punk,electronic,track,Crescendolls,2001.0,6vuPZX9fWESg5js2JFTQRJ
Daft Punk,electronic,track,Too Long,2001.0,3zMvotMEQK3xvH01vA9wAP
Gigi D'Agostino,electronic,track,L'Amour Toujours,2001.0,52LJ3hyknOijCrE5gCD0rE
Lasgo,electronic,track,Something,2001.0,4xYQVaR2wQoS6xz0SSa5Ys
Röyksopp,electronic,track,Remind Me,2001.0,2y8PnhXwnyHTxe72TtY58e
Groove Armada,electronic,track,Superstylin',2001.0,2yWyFT6bW1Rd9cjVvYi4v8
Röyksopp,electronic,track,So Easy,2001.0,4MY8NLRDPXKn6CCsGLweLL
James,electronic,track,Getting Away With It (All Messed Up),2001.0,1oZYaztSjkVQ7PeKwUbdab
Daft Punk,electronic,track,High Life,2001.0,098ttCNmncrO4YvqWUNMvn
Daft Punk,electronic,track,Aerodynamic,2001.0,3H3cOQ6LBLSvmcaV7QkZEu
Daft Punk,electronic,track,Superheroes,2001.0,186hvCTyrni4KT9nwIQ7zS
Röyksopp,electronic,track,Eple,2001.0,7pbEKdMWHGwPQSDGfcNycM
Daft Punk,electronic,track,Voyager,2001.0,7cMFjxhbXBpOlais7KMF3j
Daddy DJ,electronic,track,Daddy DJ - Chico & Tonio Radio Edit / Remastered 2025,2001.0,0l2c67gYvWLmYkz8l1gbdn
New Order,electronic,track,Crystal,2001.0,7JvTheiFwSaMFXFEbHnStK
Daft Punk,electronic,track,Face to Face,2001.0,7v9Q0dAb9t7h8gJOkcJHay
Aphex Twin,electronic,track,QKThr,2001.0,4LIM4qmpHABufePRrLWbiM
Daft Punk,electronic,track,Short Circuit,2001.0,4npMbTuxrUA3Wd7edACZ2L
Squarepusher,electronic,track,Tommib,2001.0,5rzEX5tCbOSCzoH92dbExL
Boozoo Bajou,electronic,track,YMA,2001.0,2ahdXok2BdTmOB4mfNCRGw
Télépopmusik,electronic,track,Breathe,2001.0,0uKrhHBDUQ4w5fv4qwOubP
Prezioso,electronic,track,Emergency 911,2001.0,7ARHFpy3cgaoAe9DOeTA9E
Jamiroquai,electronic,track,Love Foolosophy - Radio Edit,2001.0,0upgxxew2mVAEctrz08jnf
Jamiroquai,electronic,track,You Give Me Something,2001.0,1x6jPyUfLuTNQ3o5zykG2x
Boozoo Bajou,electronic,track,Night over Manaus,2001.0,23jbfWs739EBZEl4xWYiVl
Daft Punk,electronic,track,Digital Love,2001.0,2VEZx7NWsZ1D0eJ4uv5Fym
Télépopmusik,electronic,track,Smile,2001.0,6pw0Smtd6ydy5oywoqRXjY
Koop,electronic,track,Waltz for Koop,2001.0,19MMMKq4LzbTvhOMYccIRd
Gotan Project,electronic,track,Santa María (del Buen Ayre),2001.0,65MDo5mxRY45IHpyVkLEU5
Modjo,electronic,track,Acknowledgement,2001.0,2YNJ2wMRwl2L2cudMQ0B6N
Ann Lee,electronic,track,So Deep - Snapshot Radio,2001.0,5gGQOjAo0RNqAjk0PIW0p8
Koop,electronic,track,Summer Sun,2001.0,0MuXZVMXHl01DBU5DdO3EP
Lou Bega,electronic,track,Angelina,2001.0,6DkbpbNDIGWagds2lUJNmc
Daft Punk,electronic,track,Nightvision,2001.0,63JXZZRbmzooashakb0zbu
Gorillaz,electronic,track,Tomorrow Comes Today,2001.0,6BL4PpswVjH9BAajbIbpmZ
Aphex Twin,electronic,track,Nanou2,2001.0,6pHuMjk9O1G3XTTqbnpkTl
Daft Punk,electronic,track,"Harder, Better, Faster, Stronger - Alive Radio Edit 2007",2001.0,7z2Xur2O6Dy9mh8oSauXa2
Daft Punk,electronic,track,Veridis Quo,2001.0,2LD2gT7gwAurzdQDQtILds
Ronny Jordan,electronic,track,Keep Your Head Up,2001.0,0oC8NiFS4UNepxVacFRdLr
Jamiroquai,electronic,track,Little L,2001.0,7hhclvecTpNxNNRCk7NUoc
Daft Punk,electronic,track,"Harder, Better, Faster, Stronger",2001.0,5W3cjX2J3tjhG8zb6u0qHn
Eiffel 65,electronic,track,Back In Time - Eiffel Superclassic Radio Mix,2001.0,3a0xg3z4Okvu7uqLBmsMD1
D'Sound,electronic,track,Talkin' Talk,2001.0,4AiYK4yypVdbyKt4h0rzbf
Daft Punk,electronic,track,Something About Us,2001.0,1NeLwFETswx8Fzxl2AFl91
Darude,electronic,track,Sandstorm,2001.0,6Sy9BUbgFse0n0LPA5lwy5
Quantic,electronic,track,Time Is the Enemy,2001.0,24ylIO48nRsdaONlM8l2HF
Daft Punk,electronic,track,"Harder, Better, Faster, Stronger",2001.0,2cJz1loJp5EZM6shmQpLZN
Daft Punk,electronic,track,One More Time,2001.0,0DiWol3AO6WpXZgp0goxAV
Jamiroquai,electronic,track,Corner of the Earth,2001.0,3jmbIhguc5uxiOdZ7ak8H3
Static-X,electronic,track,Cold,2001.0,7r7NIoBZynrYIKZnIS5Z1Q
Lamb,electronic,track,Gabriel,2001.0,0QKQfBRO7yv8XCefwEax14
Shakedown,electronic,track,At Night - Purple Disco Machine Remix,2001.0,5PPE2ntHCFTW2BeycuEsCK
Darude,electronic,track,Feel the Beat,2001.0,5BZx0wikkFZF2BnaIo2qTy
E-Type,electronic,track,Life,2001.0,41Ef0PikCCRBcIM8O0t5HK
Groove Armada,electronic,track,My Friend,2001.0,5LRxSyiIRHQD26h1mdM0Ir
The Crystal Method,electronic,track,Name Of The Game,2001.0,4XKEVz0X1BIDhCAfb782tm
Beverlei Brown,electronic,track,Gonna Get Over You,2001.0,2TWspehMu5R9eivsUEWwk6
Aphex Twin,electronic,track,Bbydhyonchord,2001.0,0lLCH4mtQQYp6ASyJqhzgN
Kylie Minogue,electronic,track,Can't Get You out of My Head - Extended Mix,2001.0,1bXYgyOLbtPUKqFcqrFlYY
Tortured Soul,electronic,track,Enjoy It Now,2001.0,647rOhjJ5j2XIdWqZNU6KI
Jamiroquai,electronic,track,Picture of My Life,2001.0,0JSinz03ZGQxKtCH3yBg6W
Aphex Twin,electronic,track,Petiatil Cx Htdui,2001.0,75qP1ztAEjjJwvU967su8u
Soulstice,electronic,track,Fall Into You,2001.0,3iUtEZNNdQnM5ZSfKLT6Gw
Ronny Jordan,electronic,track,"No Pay, No Play",2001.0,6r64UZqpNnjcymMTxZXWwn
Röyksopp,electronic,track,In Space,2001.0,2cSUXR0BEkEA97sYtQWTeA
Boozoo Bajou,electronic,track,Under My Sensi,2001.0,2hdvPFZXgSeUPh6ekPmAii
Jan Jelinek,electronic,track,Moiré - Piano & Organ,2001.0,0R6sHxjN04nAgEW0jgqLbU
Gorillaz,electronic,track,Latin Simone (Que Pasa Contigo),2001.0,5A0FQhWDBk2YSPiMjSZxe5
Gorillaz,electronic,track,Starshine,2001.0,6Acl07q1DvzOyEskfmgsdv
Röyksopp,electronic,track,A Higher Place,2001.0,5cizzFuC0UwD2S5doRGnEi
Mo' Horizons,electronic,track,Dance Naked Under Palmtrees,2001.0,0tdHmaJhSPfyFibp0vMY8N
Télépopmusik,electronic,track,Love Can Damage Your Health,2001.0,3RMup43JLNt1c1GJ7yXhfo
Us3,electronic,track,You Can't Hold Me Down,2001.0,366E1dYGmFM75DxX0yxlSq
Röyksopp,electronic,track,Sparks,2001.0,0NFau842hXdPQxJLyA19Dc
Röyksopp,electronic,track,Poor Leno,2001.0,6EUs3FH5StArwbc07i3OYG
DJs@Work,electronic,track,Someday - Vocal Radio Cut,2001.0,4C7mMd2KVFz3iDW5Yd4mWy
Telefon Tel Aviv,electronic,track,Fahrenheit Fair Enough,2001.0,43eLl2gwEr0fgbFgS11uOh
Jan Jelinek,electronic,track,Tendency,2001.0,6Py6ERVoAbMCwQhTatlluh
Aphex Twin,electronic,track,Vordhosbn,2001.0,0AjQvTAlYcWQ6JpJcUdsKw
Aphex Twin,electronic,track,Jynweythek,2001.0,3I0rWmF86CwQpajoZjkXtG
Ian Brown,electronic,track,F.E.A.R.,2001.0,1zZbdQaBQ0Qj7hIUG7acyc
Jamiroquai,electronic,track,Feel So Good,2001.0,4baXYEQbDjse4afjjToEB6
Static-X,electronic,track,Cold - 2022 Remaster,2001.0,6BZ5pRMvPfxsJLLeztmme5
Opto,electronic,track,Opto File 1,2001.0,23bHroW7btyaM8KlPrCYAO
Tortured Soul,electronic,track,Don't Hold Me Down,2001.0,0nvLZZN4UZFpV1nOHIeLpn
New Order,electronic,track,Turn My Way,2001.0,1ATkuOMkdNHyYZ09PIy20C
Koop,electronic,track,Tonight,2001.0,0AbWcaFA1bsObTMmsgPnBo
Caramell,electronic,track,Caramelldansen,2001.0,6vA1o5MIqlkybAAGypeLaE
Prezioso,electronic,track,Let's Talk About a Man - Radio Version,2001.0,2sp9h6rjjIUmVeoz6mpUVC
Gorillaz,electronic,track,Man Research (Clapper),2001.0,0YPyKUa0AgAbt0ZuNWt8vS
Gorillaz,electronic,track,Sound Check (Gravity),2001.0,0HpJb4Lstb9R6wlu2jUBoy
Télépopmusik,electronic,track,Genetic World,2001.0,7dlG93mlOqhsTB6inDjz8w
Eiffel 65,electronic,track,Lucky (In My Life) - Radio Cut,2001.0,5QivH7m4oMbPoVUL4idAUv
Gorillaz,electronic,track,Double Bass,2001.0,6rlPa5vO2PV7bpVDz1SAG5
Ronny Jordan,electronic,track,Floor & More,2001.0,1mivhcSDSj80huBoFP0Mtd
Gorillaz,electronic,track,New Genius (Brother),2001.0,0rOG02q8ocSOeGHWrSAObK
paris match,electronic,track,Desert Moon,2001.0,56uE4evqF3DJfbQff9CdZl
Two Lone Swordsmen,electronic,track,It's Not The Worst - Lali Puna Remix,2001.0,3NeW8uLtsBH1picjQi4LBx
Alcazar,electronic,track,Crying at the Discoteque - Radio Edit,2001.0,7gQAFGUyHPcY0cQNPsjMf0
Eiffel 65,electronic,track,Lucky (In My Life) - Radio Cut,2001.0,5QivH7m4oMbPoVUL4idAUv
Ocean Colour Scene,electronic,track,The Day We Caught The Train,2001.0,5bWLIVKl5UrbQ2xEGfAXOK
Soulstice,electronic,track,Colour,2001.0,7F2yiXxqlWTPtSQyDynoaY
DVS1,electronic,track,Black Russian,2001.0,1NsgD5n3gbG4m8XyYJi8vS
Herbert,electronic,track,The Audience,2001.0,2sKTDyuZaT76a5A3uowSYE
Gerardo Frisina,electronic,track,Open Up Your Mind,2001.0,6TsjKV6YEoCGdyA98zdisV
Four Tet,electronic,track,Leila Came Around And We Watched A Video,2001.0,5rOa9i42OB6ZXiceC2cZ8b
Plaid,electronic,track,Zamami,2001.0,07amsNouNxKqPdFWc1C0jF
Micatone,electronic,track,A Part Of Me,2001.0,1xZ2GTPttj74Zf1aIQANqJ
Nathaniel Merriweather,electronic,track,Stroker Ace,2001.0,7n6GXJgNItuIhXNF4BBYU1
Groove Armada,electronic,track,Suntoucher,2001.0,4OUvfa7eO5jvFMIMOU7MTb
Rimini Project,electronic,track,Sounds Good,2001.0,2gEswSC6dBgv55V05Y02jy
Infinity,electronic,track,Naked in the Rain,2001.0,66TZD7lfp5Ll2i1iR097Dx
Koop,electronic,track,Baby,2001.0,2KZteRoTMdOK7zIvHPtVpV
Prezioso,electronic,track,Emergency 911 - Radio Edit,2001.0,6MmJ4JcFZlrGpx0Tqxv4o0
The Dining Rooms,electronic,track,Pure Easy,2001.0,2xK5rPVRQuBS3R1v7YXWU8
Aphex Twin,electronic,track,Mt Saint Michel + Saint Michaels Mount,2001.0,5A6UIgePfszc5796wIfzFQ
Quantic,electronic,track,The 5th Exotic,2001.0,62iRNRNRD0dqp2UbuSNPVn
Boozoo Bajou,electronic,track,Camioux,2001.0,3rDFJn3GHWtYUn8mqubf5f
Jan Jelinek,electronic,track,Do Dekor,2001.0,6wrq6q4b4OL0Ry5zfPLaOJ
Nathaniel Merriweather,electronic,track,To Catch a Thief,2001.0,5PnGUqz41uzNbQG42WUgCu
Boozoo Bajou,electronic,track,Divers,2001.0,4bMawACkcXD0Aa21hdZzlf
Shazz,electronic,track,In my life,2001.0,5VlHa7YZkA24xd2JLsgpWV
Aphex Twin,electronic,track,Omgyjya-Switch7,2001.0,6qjGx36gz8SmoS0wJYlTYD
Blue Foundation,electronic,track,Grand,2001.0,22tGIuqDSaJaU4LOb4piXI
Boozoo Bajou,electronic,track,Satta,2001.0,13TeDDaA5vp63kuEGaR1ip
Air,electronic,track,Electronic Performers,2001.0,0C3vrVa4c8R2ZlTAn2WiMt
DJ Encore,electronic,track,I See Right Through To You,2001.0,06L0ZfiMzfrzLRmwHeuzfI
The Dining Rooms,electronic,track,Speak Into The Microphone,2001.0,5OBJC4GygNny3dw8HvmVR5
Gigi D'Agostino,electronic,track,You Spin Me Round (Like A Record),2001.0,2bSu2FunqGvPSJ8S3dATTf
Aphex Twin,electronic,track,Strotha Tynhe,2001.0,6qDxvVSEFKArt5sKxEYClN
Télépopmusik,electronic,track,"δp.δq ≥ h⁄4π ""L'incertitude d'Heisenberg""",2001.0,3S94NjPIaWYLMwbXE6qSlv
Safri Duo,electronic,track,Baya Baya,2001.0,3U3rlTJPND5E3VmKwHpxR7
Aphex Twin,electronic,track,Gwely Mernans,2001.0,4W5kilrn9FNjNCQPIBPscO
Mo' Horizons,electronic,track,Soho Vibes,2001.0,1BkFbZLCElt67OlM1XCB9Z
Mariah Carey,electronic,track,Didn't Mean to Turn You On,2001.0,4KLg9WZKHP0vgb6rnhserM
Llorca,electronic,track,The Novel Sound,2001.0,3VtojB7L6g6skduYAwxr6x
Llorca,electronic,track,The End,2001.0,1GGFvK5AtBQGPrclieWWD8
Enigma,electronic,track,Push The Limits,2001.0,2dBCBQHaODYDIOZQTyq5ZP
Aphex Twin,electronic,track,Kladfvgbung Mischk,2001.0,3Wmw7DqZfUQw954U0WmxEm
Air,electronic,track,How Does It Make You Feel?,2001.0,4IoqGTH2D6zMrGzg9gW0DL
Jan Jelinek,electronic,track,"Them, Their",2001.0,15LwuDTG0XV2slR4pcVaYE
Shazz,electronic,track,Hermosa Maria,2001.0,3frB3FC3Nw6s5wZn2YnpBL
Aphex Twin,electronic,track,Cock/ver10,2001.0,3kYvQJmhbzXw7GhaB4xjs9
Koop,electronic,track,Relaxin at Club F****n,2001.0,0q7bOhFpUxAcw24BmogjIw
John The Whistler,electronic,track,I’m in Love,2001.0,0urnxk8CVO2u2J9fIl14Tg
Clubringer,electronic,track,Sound of My Dreams,2001.0,1Z5Ehs19bKefQflLpDjuVI
Radioactive Man,electronic,track,Goodnight Morton,2001.0,0GDegIwxEpCueC9jykFltz
ScubaZ,electronic,track,The Vanishing American Family,2001.0,0FDSwRs70KF26h3qN317RH
Kate Ryan,electronic,track,Désenchantée,2002.0,4yOU9FaCmFFo2qfy1FHIe3
Frou Frou,electronic,track,Breathe In,2002.0,03kZca43rgVgphYctcopJU
Moby,electronic,track,One of These Mornings,2002.0,2UoxRLlTWbVnH1xvXOKfrE
Frou Frou,electronic,track,Let Go,2002.0,3xKTpGCsafXzV4muM1Hpl3
The Chemical Brothers,electronic,track,Star Guitar,2002.0,19mC6xktT1JyyycK6cQaXA
Massive Attack,electronic,track,I Against I,2002.0,0NxTDkes19DzkFCo3ZHTGU
DJ Sammy,electronic,track,Heaven,2002.0,0V7oLs7j1j1kucu67TkVmr
Björk,electronic,track,All Is Full Of Love,2002.0,5nVoXq0Q239GpJIRG8n4rZ
Kyoto Jazz Massive,electronic,track,Between The Lights,2002.0,1l8nn1iijv9TEW1uaE4YOH
Sexbomb Girls,electronic,track,Pretty Little Baby,2002.0,5KncckJB2N8tgih9MQ4rLN
DJ Shadow,electronic,track,Six Days,2002.0,525vGLj61tNqCToVJ9cPzp
O-Zone,electronic,track,Despre tine,2002.0,1Y39dTUEXYvZm87sF6Zwqj
Morcheeba,electronic,track,Otherwise,2002.0,0NTSwjegwCGXjm5zMX12VW
alva noto,electronic,track,Uoon I,2002.0,33hZhFTxyTPdjkNuKhH83x
FC Kahuna,electronic,track,Hayling,2002.0,5ewsTJzfU5eiBLcGlaSrpG
Oasis,electronic,track,A Quick Peep,2002.0,0TMmIeQOO9Z6zN08YUIlNT
Scooter,electronic,track,Nessaja,2002.0,5RGiyzMQrBQQwMRid7SE65
Groove Coverage,electronic,track,Moonlight Shadow - Alternate Radio Version,2002.0,6jvLNRg5VakXaYgbdKMIuX
LTJ Bukem,electronic,track,Demons Theme Part II,2002.0,7IXc4pZYZ7UpEX2XiBYErZ
DJ BoBo,electronic,track,Celebration,2002.0,4RlsZDyaC3QGHQxIT6ExGE
Rollergirl,electronic,track,Geisha Dreams - Radio Mix,2002.0,2RBBZxKyEhQ5B4ezbBKd5W
Moby,electronic,track,In This World,2002.0,7uCnDfUGb0vtjonHaSv6ka
Aim,electronic,track,Good Disease,2002.0,5pA39NQIP1nZgvFxV5Fi7S
Moby,electronic,track,Extreme Ways,2002.0,00TFDHSe7s8cWm5CzDY8UP
Morcheeba,electronic,track,Undress Me Now,2002.0,50fSJw5yA1wTjvRTBw3nnp
Rimini Project,electronic,track,No More Goodbye,2002.0,6wg9dUxa6ZIb6LaIlaZnzx
Underworld,electronic,track,Two Months Off,2002.0,4zI0wuANmj9DNkBOgXU5Wh
Oasis,electronic,track,(Probably) All In The Mind,2002.0,3toxe3JeHLa0DA2Rk0hrYF
alva noto,electronic,track,Uoon II,2002.0,6B8uUGXbyeZdLZDeslWOho
Oasis,electronic,track,Hung In A Bad Place,2002.0,5dGeE7ASmCqBP44aipM3K8
Blue States,electronic,track,Season Song,2002.0,7pYwIAHOX0YvKFLOg5hhZm
alva noto,electronic,track,Trioon I,2002.0,0wMhREaCVnh5hYl6ZtAlPr
Morcheeba,electronic,track,Slow Down,2002.0,78s67R9vyA2GFcWJGAitbi
Underworld,electronic,track,Trim,2002.0,2Ixb8EhCUPd2pBSTv4Ws9a
Moby,electronic,track,Sunday (The Day Before My Birthday),2002.0,7afrIqbTItQdB15SVth2uX
Groove Coverage,electronic,track,God Is a Girl,2002.0,5LArYFxcsMkArh2RFC5dyn
DJ Cam,electronic,track,Summer In Paris (Starring Anggun),2002.0,349344mLV84YaND0fNHAXa
Oasis,electronic,track,The Hindu Times,2002.0,4r0KYf0DDzrUdr9NSwAXpm
Frou Frou,electronic,track,Must Be Dreaming,2002.0,6rT1BTeBQvUW7U9JuuGTWv
Underworld,electronic,track,Sola Sistim,2002.0,4hWuNTCyQeQkzBPjjVE9rX
Sexbomb Girls,electronic,track,Di Ko Na Mapipigilan,2002.0,47eqo5C7z8wJOHSqMLB6tu
Groove Coverage,electronic,track,God Is a Girl - Chillout Mix,2002.0,5LYFXxpE27cdOSEcAx98Ft
RJD2,electronic,track,Ghostwriter,2002.0,5Nn2Dj7OQsGL6pgQ9iIzPp
Oasis,electronic,track,Force Of Nature,2002.0,6IKHGC98Wml38sGXiFCQka
Oasis,electronic,track,She Is Love,2002.0,78BHYuPCnUBh9wlbNWTCqC
Variety Lab,electronic,track,London In The Rain - Remastered Version,2002.0,79H7v0gsUwc6DxQkme1Wuj
Groove Coverage,electronic,track,God Is a Girl - Radio Edit,2002.0,31NA4ULp1BUJAlvIDJP9fP
Lollipop,electronic,track,Batte forte - Vanni G Remix,2002.0,2X2CfWQgCbpnVJYyNV96gF
Scooter,electronic,track,The Logical Song,2002.0,18kaCWM0OOdSQTnxCcoSU5
Groove Coverage,electronic,track,Far Away from Home,2002.0,3V5K580G9CVnn6h2q6B0PV
Summer Love,electronic,track,Remember (Na Na Na Hey Hey) - Radio Edit,2002.0,6kOfXb2ZyYbnNyCVWdYJqc
Boards of Canada,electronic,track,Gyroscope,2002.0,2KS7b9EbL3sPGswRf3seAZ
Praise Cats,electronic,track,Shined On Me,2002.0,772MaccGF4ceLCeoJGbC5W
Jan Wayne,electronic,track,Because The Night (Radio Edit),2002.0,46T7WAIHdt9v6xsqtWU6CH
Archive,electronic,track,Again,2002.0,25XKxXQy5AhBZ2uOizLQGw
Sexbomb Girls,electronic,track,Bakit Papa?,2002.0,3sHPFj12oEx79RLIHJVy55
Peaches,electronic,track,Fuck the Pain Away,2002.0,0NWWDumjD2TCrR6iV6ZFgR
Boards of Canada,electronic,track,Beware The Friendly Stranger,2002.0,687l4FFeMyg6wJYO8LCX4b
Schmoov!,electronic,track,People,2002.0,6zIu11y3v7HlseJ9mRT6wv
The Chemical Brothers,electronic,track,The State We're In,2002.0,5cTitgnXxwBuRUJMEnEgtk
Groove Coverage,electronic,track,Last Unicorn,2002.0,1V6EDGVJWc2zF10ewe3tsp
C21,electronic,track,She Cries,2002.0,2rObT05oR8VLpd43sgURiM
RJD2,electronic,track,Smoke & Mirrors,2002.0,2C1nOw1nRxJaBWb9I1x05A
S-Tone Inc,electronic,track,In The Mood For Love,2002.0,1e5kOdMQKGApFDmWholt6r
DJ Shadow,electronic,track,Six Days - Radio Edit,2002.0,7q9vs73hCbPuFLF4o6nvih
Sasha,electronic,track,Bloodlock,2002.0,5Fyg8WlI8oblqR7E6TK882
Louie Austen,electronic,track,Hoping (Herbert's High Dub),2002.0,5S6XqiyVSF0OU96LOw9UXP
DJ KRUSH,electronic,track,On the Dub-ble,2002.0,1pWAOjPUV6rrGcmLJaXgPR
DJ Cam,electronic,track,Bounce,2002.0,3pXjipYpaWbe1o39jXJ5QR
Nine Inch Nails,electronic,track,Adrift & At Peace,2002.0,5onrp40V8RhWJGmXG3wVss
Paul Oakenfold,electronic,track,Southern Sun,2002.0,4j6nHKVb8Dq7dYp9LPuGtF
alva noto,electronic,track,Duoon,2002.0,33XroO6I5UrrU9WHsE9E0S
Kyoto Jazz Massive,electronic,track,Substream,2002.0,4t22LRxXVIiuaPsECe7ZCX
Moby,electronic,track,Another Woman,2002.0,4Y8nYToYp4sedzQisLYdkz
Frou Frou,electronic,track,Hear Me Out,2002.0,4Wyp4VYTjsz3ttbtR0kLIL
Etro Anime,electronic,track,Summer Rain,2002.0,6fw8F4pguZmoLfmr48yxkz
Télépopmusik,electronic,track,Breathe,2002.0,3y7do6E0MayKxmr5PA35OJ
Underworld,electronic,track,Twist,2002.0,4pRvssjV9Whs149F9GAmHv
DJ Shadow,electronic,track,Fixed Income,2002.0,0TKmnA3nEAzZR5wNpgJvuF
Frou Frou,electronic,track,Flicks,2002.0,1iFwvtvFNbQVcIXKBiBRqD
Boards of Canada,electronic,track,1969,2002.0,7qWHLT10dDsu8fCJZFkL5y
Groove Coverage,electronic,track,God Is a Girl - Axel Konrad Remix,2002.0,3dKz9vdmQKW1tSxUsHKV2j
Fila Brazillia,electronic,track,Mother Nature's Spies,2002.0,0xwDn2bYwRECCVA8jHhcAe
Oscar G & Ralph Falcon,electronic,track,Dark Beat - Original Murk Mix Radio Edit,2002.0,7uQWtaM6QwPLVTnw2xEXhw
Faithless,electronic,track,One Step Too Far (feat. Dido) - Radio Edit,2002.0,4W0Mu3sslCfz8PjODR5Y6m
Gabin,electronic,track,"Doo uap, doo uap, doo uap - Radio edit",2002.0,6OzsawOubSXeBrdQWQrkni
Quantic,electronic,track,Transatlantic,2002.0,4STQXkYSbQMlLRhwUIDjhh
alva noto,electronic,track,Trioon II,2002.0,0NjKtrE1FkUrV1WAnXmSS1
Underworld,electronic,track,Ballet Lane,2002.0,6CkVAHK8Y5YvJ08MszZaV1
Aquarious,electronic,track,Soul Searching,2002.0,02rEIbp6TM4XUkb1HFsonm
Groove Coverage,electronic,track,God Is a Girl - Extended Version,2002.0,2weVMBltmn3qu4KiWYg4kf
Boards of Canada,electronic,track,Music Is Math,2002.0,3MF9cjIlg3R9osw3SgRmEb
Pet Shop Boys,electronic,track,Home and Dry - 2017 Remaster,2002.0,5bt5oUU0TfGCqXhUmtMMj3
Underworld,electronic,track,Mo Move,2002.0,5dGClop5hvOr0vXADmAYw8
DJ Cam,electronic,track,Soulshine (Starring Inlove),2002.0,2TQQYNHXPq9wJjDLcuRntb
Kyoto Jazz Massive,electronic,track,The Brightness Of These Days,2002.0,45zbTl7d3tKzOw9yDVyEVV
Jazzanova,electronic,track,No Use feat. Clara Hill,2002.0,13b0EuhuuORu6m3qWLDVJd
Moby,electronic,track,In My Heart,2002.0,7DoVruuqKAyjBmfPriVgyX
Kyoto Jazz Massive,electronic,track,Mind Expansions,2002.0,3p4MVsN4J7laN4FM5mACdM
Casino Versus Japan,electronic,track,Aquarium,2002.0,2P7hXvonMqOtdjYWOzoeV3
Lewis Taylor,electronic,track,Lovelight,2002.0,21mEvC6VqrXKEau5JTMV5h
Casino Versus Japan,electronic,track,Single Variation of Two,2002.0,3nxcSanwlcOq4MPTVwOzSj
Groove Coverage,electronic,track,You,2002.0,70lYu7kQiecrlxyO5RO6HM
Boards of Canada,electronic,track,Julie And Candy,2002.0,5PwWkCS888xVopHOOTVtfY
Club des Belugas,electronic,track,Early Daiquiris,2002.0,7235frv2VSHhOu9QZKZeUO
Moby,electronic,track,At Least We Tried,2002.0,0lY2LMQ5KFGU2C7DKwkzDv
The Cinematic Orchestra,electronic,track,All Things To All Men,2002.0,2OzVzXI9qCiZV6Uu7E90se
J-Walk,electronic,track,Soul Vibration,2002.0,1hTawwEMjeX9ne0lHLd9jq
Solid Base,electronic,track,You and Me,2002.0,6BIgvagoQw9PSQvVbE6Dhy
Mark Rae,electronic,track,Lavish (feat. Veba) - Deadbeats Remix,2002.0,3KoKokFNPY2iAl87c4vxd4
Mark Rae,electronic,track,Skio,2002.0,3rqUdGCcxzMYXH8ZfUes6V
The Chemical Brothers,electronic,track,Come With Us,2002.0,5kTBiVnjq9xKmZL9dNs8zL
Rimini Project,electronic,track,Think About the Way,2002.0,5eL2j7T7lNTtzl6VPUNCGQ
Moby,electronic,track,Fireworks,2002.0,4idsRWXhPJwnDLGWPCX70p
Moby,electronic,track,Great Escape,2002.0,10GYIFEnI8GpRxTvTVtcPl
Paul Oakenfold,electronic,track,Southern Sun - Extended Mix,2002.0,4KlHj8l8Ho6seJTHnibTpk
Nine Inch Nails,electronic,track,The Persistence Of Loss,2002.0,0Al4CjOqYTpEEka9VpBEC1
Beth Gibbons,electronic,track,Funny Time Of Year,2002.0,4BN6fOSb0UvVxt3LbcYWKN
Barcode Brothers,electronic,track,SMS,2002.0,2suvUEpuXgTQWzNRel43Dn
Underworld,electronic,track,Luetin,2002.0,6tvyIx0xfPcA4oXQF1x4DE
Etro Anime,electronic,track,Danger,2002.0,41jz3IdFvLhgESDmkvDjUq
Underworld,electronic,track,Dinosaur Adventure 3D,2002.0,6coeJZjCS1TPW6efi5sfCW
Nine Inch Nails,electronic,track,Leaving Hope,2002.0,2jYTA0b5VoopmuUjHsJqxz
Frou Frou,electronic,track,Shh,2002.0,0jXRQSoOA01VTmrVIDbhtm
Frou Frou,electronic,track,The Dumbing Down Of Love,2002.0,42dbPf0M81U47xbawYssYR
Way Out West,electronic,track,Mindcircus - Gabriel & Dresden Remix,2002.0,1zrHgsm0w918rHDh9reztw
DJ Cam,electronic,track,Love Junkee (Starring Cameo),2002.0,7sCMCKANsATOpF1Evl0H9v
DJ BoBo,electronic,track,Somebody Dance with Me,2002.0,7M2wk27EePpYr9TH3uZY1r
Groove Coverage,electronic,track,Little June,2002.0,6INMlw4GsiJfTlIvqHHJfx
Télépopmusik,electronic,track,Breathe - 2square Remix,2002.0,7FHx5qvlbu5VeABLSGuLAX
The Cinematic Orchestra,electronic,track,Burn Out,2002.0,2hIQXijVzbLaHVbHnCO0j3
The Chemical Brothers,electronic,track,The Test,2002.0,0VfSNKmz24yn5idNxrvV10
DJ Cam,electronic,track,Condor (Espionnage) Starring Baldhead Slick,2002.0,0KxAwZGOR1TgYiyKmDZzCt
Nightmares On Wax,electronic,track,70s 80s,2002.0,7rvkPmKDGZIKpEZH7CpqQe
The Cinematic Orchestra,electronic,track,All That You Give,2002.0,6vifb1Bh7078BRcVixLRyQ
Tom & Joy,electronic,track,Para Bailar,2002.0,3w0XD2MVBXxpNrwDs6Oqtz
Beth Gibbons,electronic,track,Romance,2002.0,56q6wrNaJAXI7yFaLEBWlk
Fantasy Project feat. NDA,electronic,track,Crazy Baby - Single Edit,2002.0,5hTWrZ4iKcYkURKNoPpc35
Conjure One,electronic,track,Center of the Sun,2002.0,5lvw8T17kTbfQVh0VuYsfp
Nine Inch Nails,electronic,track,The Day The World Went Away,2002.0,6TwFel1ldoOP50TJgRKCiI
The Chemical Brothers,electronic,track,Galaxy Bounce,2002.0,0dBXAJULYoRKbeSNEMhAD3
Boards of Canada,electronic,track,Over The Horizon Radar,2002.0,3EdKuUmSqITYGp1t3JhSC6
alva noto,electronic,track,Noon,2002.0,7Ih5s8o8DXXE9N44civPgT
[re:jazz],electronic,track,Quiet Nights,2002.0,7AIznfCGfaspM95oBN1j0P
Morcheeba,electronic,track,Aqualung,2002.0,6gT8vjtfxiWxPsmedAFTsF
Funki Porcini,electronic,track,Offshore Birmingham,2002.0,7hWaQaMtJNI5Uf1KqAv8fn
DJ Shadow,electronic,track,Walkie Talkie,2002.0,6GOAVTHf0JClN77dhvyQgs
Underworld,electronic,track,Little Speaker,2002.0,5W4DqTOwkzKrv2bJUB7OLO
Bambee,electronic,track,"Red, Yellow, Green & Blue",2002.0,5l3tOJapm0ik3wrjFzLVfb
Beth Gibbons,electronic,track,Drake,2002.0,5SQvvUwQ0MiiZpgnOJ957q
In-Grid,electronic,track,Tu Es Foutu - Radio Edit,2003.0,5TX4QkyawyBAjNjwF2qBzG
Nina Simone,electronic,track,Sinnerman - Felix Da Housecat's Heavenly House Mix,2003.0,1HQtWfXS21n8yYJWw7Xf2x
The RH Factor,electronic,track,I'll Stay,2003.0,6CAYXIhkBARYmy7kVNDIOi
Alex C.,electronic,track,Angel of Darkness - Video Mix,2003.0,2p6yof8qYnSFB3gjnerrWs
Delerium,electronic,track,Silence (feat. Sarah McLachlan) - DJ Tiësto's in Search of Sunrise Remix,2003.0,7tU5JvCfG0t3PHG7mchPjv
Erika,electronic,track,I Don't Know - Radio Mix,2003.0,5t1QXsY6FNn42RGHiETiKD
La Bouche,electronic,track,Be My Lover,2003.0,3vSn1frPgFcRXrjWOfhMLl
Marilyn Manson,electronic,track,mOBSCENE,2003.0,1YVuJrfHHmD4ilULhAVqPW
Groove Coverage,electronic,track,Poison - Radio Edit,2003.0,6ZmIw9YmXbptqITm1bycnm
Benny Benassi,electronic,track,Satisfaction - Isak Original Extended,2003.0,1n7omixiROWs5q6xpWiQuL
Marilyn Manson,electronic,track,Ka-Boom Ka-Boom,2003.0,76SWwvUsHNjKH5Bda2XJ5w
Mo' Horizons,electronic,track,Shake It Loose,2003.0,3gDkMrw7N1zbApWOl8gfh9
The Dining Rooms,electronic,track,Existentialism (milano Dub Mix),2003.0,3ObcIWZtcLMgZQuFunANva
The Dining Rooms,electronic,track,You,2003.0,7DBf5YxAS2wnjaONcAzqz4
Variety Lab,electronic,track,I Can't Help Thinking About You,2003.0,27a66GBp9E1ZUKHgdl0X3E
sora,electronic,track,A Caminho Do Mar,2003.0,61EBFsWDMIY1aCNPfNC0XH
Marilyn Manson,electronic,track,Use Your Fist And Not Your Mouth,2003.0,2NML5RqyhMNsL653CC8326
A Touch Of Class,electronic,track,I'm In Heaven (When You Kiss Me) - Radio Edit 5 Inch - Version,2003.0,1WQ6FShbq15iPUoJPGanR1
Thievery Corporation,electronic,track,The Richest Man In Babylon,2003.0,6CMngrzUTdolgXSy1UCfCx
De-Phazz,electronic,track,Jazz Music,2003.0,0Z3dPRfc1RAzYjTO7nQttj
Massive Attack,electronic,track,Special Cases,2003.0,0l1eE11aDKxc8ZOYUSXWP9
Thievery Corporation,electronic,track,All That We Perceive,2003.0,2knKUI1k57Q8Ox12Cxj8Pc
Jon Kennedy,electronic,track,Surrenderism,2003.0,6iuBfHi5puZNm290jPaUBc
O-Zone,electronic,track,Dragostea Din Tei - Dj Ross Radio Remix,2003.0,3Jd0k4MjatR9gkiRndIQvz
Soel,electronic,track,My Singing Soul,2003.0,6DxXxyGKYefATjXzIAt1Uj
Masculados,electronic,track,Sana Mama,2003.0,1sV6AqwtNlC9YHazYoYPbK
DJ Toxic,electronic,track,Secret Melody,2003.0,6SCQRbOIxFE2cK4k7oRDji
sora,electronic,track,Revans,2003.0,2fkefVBwTkw2KaiY0M84hI
Kraftwerk,electronic,track,Tour de France - 2009 Remaster,2003.0,5uNlgK7FEg6r9BGy12P9Sx
Nina Simone,electronic,track,Black Is The Color Of My True Love's Hair - Jaffa Remix,2003.0,5ituU6SebgZBAkS0YnbVre
O-Zone,electronic,track,Dragostea Din Tei - Dj Aligator Vs CS-Jay Radio Edit,2003.0,1Z2hvETizj8ZtytikiQUzK
Harry Corpuz,electronic,track,Maris Toy Lubong ko,2003.0,0N2eBmcZ2GpZLyz6KHZVHa
Groove Coverage,electronic,track,The End,2003.0,4LPNuhlZNx7eFWUXVUn3ET
Martina Topley-Bird,electronic,track,Sandpaper Kisses,2003.0,64vNKBA9dpXgQhQfuMocSG
Haddaway,electronic,track,What Is Love - Reloaded - Radio Edit,2003.0,5GvueiOy3uZz3dMeWVOAbM
Erika,electronic,track,I Don't Know - Extended Mix,2003.0,4KfH6rqICEw3YdvNeFsyy2
Wax Poetic,electronic,track,Tell Me - Temple of Soul Mix,2003.0,3CPux3HiCc9waYAMGgCO8M
Twinset,electronic,track,Sunny,2003.0,29NzFjALUrewp1I8dNuF00
Jazztronik,electronic,track,The Piano,2003.0,0VIXQNx9EqGq65L6E7Xdg7
Erykah Badu,electronic,track,Back In The Day,2003.0,2JjxjW0iaLn0wPL97KAf1g
Lamb,electronic,track,Angelica,2003.0,5Rq2hPEd7UWN6i9tME54dj
TM Juke,electronic,track,Just for a Day - Sunday,2003.0,4DicdCZ3vgY8fOzCiuQ657
The RH Factor,electronic,track,Common Free Style,2003.0,3Ye6KhP5qqFWXnlViKgvis
Thievery Corporation,electronic,track,Until The Morning,2003.0,7nNUSD1jkWC71zIOUWY03E
Marilyn Manson,electronic,track,(s)AINT,2003.0,0wmUt85XxtjkgqNtHFGY7s
Thievery Corporation,electronic,track,Un Simple Histoire,2003.0,7vRNldKFJhwCyVRdrgVsvE
Groove Coverage,electronic,track,The End - Radio Edit,2003.0,2P5fOuKHRdWrj1MdzGN6ly
Goldfrapp,electronic,track,Strict Machine,2003.0,1SyOjtLqqqk2AVLZnRI3bk
Thievery Corporation,electronic,track,Heaven's Gonna Burn Your Eyes,2003.0,1fwqgMXXwqEypnltDtmkGF
Pet Shop Boys,electronic,track,Go West - 2003 Remaster,2003.0,5Klo65Y9uouLjNVDV3pqh7
Daft Punk,electronic,track,Aerodynamic - Daft Punk Remix,2003.0,37YWwmlRl1GonSwjRuOiEq
Daft Punk,electronic,track,Something About Us (Love Theme from Interstella 5555),2003.0,3SfSYQLgcrGajPkU5EEr2E
Bonobo,electronic,track,Noctuary,2003.0,1sVPnm3MQqQGaCUH1OO8NV
Soulsearcher,electronic,track,Feelin' Love,2003.0,3hFHJBl4gXgVbkzFwmhxJU
TM Juke,electronic,track,Playground Games,2003.0,3d7zytdI9TgYZ1rr0s2ySB
Celldweller,electronic,track,Own Little World,2003.0,5MZ5asu6GIYsEtCfFsNKYI
La Bouche,electronic,track,Sweet Dreams,2003.0,1M3Im6Xjl0QUKbP9VAXxVf
The Dining Rooms,electronic,track,Tunnel,2003.0,3KGskj4WfjTQ59wbigZjCQ
Fingathing,electronic,track,You fly me,2003.0,6O2k21A9hsJ6nyGmxo0VSq
Sweet Trip,electronic,track,Fruitcake and Cookies,2003.0,50bVt9oMOYwnFe2uf4OSpf
Tiësto,electronic,track,"Traffic - Original 12""",2003.0,1BijHyROXGzByx5j6oS3Wu
Marilyn Manson,electronic,track,Slutgarden,2003.0,4UJO1c6MOu7CNArxoGoi18
The Chemical Brothers,electronic,track,Get Yourself High,2003.0,77FRpRwvh8uy5ZIMoXOkzs
DJ Toxic,electronic,track,Until the End of Time,2003.0,4DstnWvF3JFVHEyCRG9sa2
Massive Attack,electronic,track,Everywhen,2003.0,7eeEtLXBHuAjXoPBYajQT2
Safri Duo,electronic,track,Rise,2003.0,0IMRmhwxBgDrWpseyHVnNe
Masculados,electronic,track,Macho Papa,2003.0,2Rf2QVLWm36KnRAI022bw9
Jon Kennedy,electronic,track,A Portrait of Autumn,2003.0,3VlLHHsBq8hzuYUKUvB8sD
Tosca,electronic,track,Oscar feat. Anna Clementi,2003.0,0ZHIn61vQjqhz8sBSlYbCz
Solsonics,electronic,track,Jazz In The Present Tense,2003.0,0poAcsyKGAMc8goHsV0Dxm
Celldweller,electronic,track,Switchback,2003.0,4sKi48OClEyho57D26hJdU
The Karminsky Experience Inc.,electronic,track,Departures,2003.0,3DGVnmh0tCGnRo08OvMEFr
Thievery Corporation,electronic,track,Omid,2003.0,1VIAbhgi2f8TttGCtDlhG3
Massive Attack,electronic,track,Butterfly Caught,2003.0,22yxR09cYIuD8aeT3TfJlu
Labelle,electronic,track,Plastic Dog - Ma.Bra. Mix,2003.0,0dEoKok8xvipX0bK3XCdM2
Marilyn Manson,electronic,track,Spade,2003.0,3yqlCQqqTrAXZO9YepgD0G
sora,electronic,track,Pause,2003.0,0oAeyg9aT6LVDwHttevc2h
Erika,electronic,track,I Don't Know - C.Y.T. Remix,2003.0,1egrxrrif5GRsCdfNrFyk0
Massive Attack,electronic,track,A Prayer For England,2003.0,62RHWsSdkQqU389pDtL0Bp
Georg Levin,electronic,track,When I'm With You (Original Version),2003.0,4si6ZXQqWPfMbCPac9GvdK
Kraftwerk,electronic,track,Tour de France (Etape 2) - 2009 Remaster,2003.0,4VHTOWCMRnKAgg4a9AKdwQ
sora,electronic,track,Traces,2003.0,46zfQI2liGMyCSZFDsNmln
Scooter,electronic,track,Weekend!,2003.0,5aZUGyNzLjucKqp4WCqY6O
Daft Punk,electronic,track,Veridis Quo,2003.0,6fSXNDuKucAxQGPz1CHUrg
Bonobo,electronic,track,Flutter,2003.0,5K8WNrf5JvmBE6O0MbSRuJ
Sexbomb Girls,electronic,track,The Spageti Song (feat. Joey De Leon) - Minus-One,2003.0,1KNqmCj3mtsEOPues3rPuF
Tosca,electronic,track,Gute Laune feat. Tweed,2003.0,1m5AAIjn6qwDa7eqTUVfBn
Pet Shop Boys,electronic,track,Where the Streets Have No Name (I Can't Take My Eyes off You) - 2003 Remaster,2003.0,1KUjmNQfwL1LCKvb6ItmHy
Four Tet,electronic,track,My Angel Rocks Back And Forth,2003.0,43ahLu3AH3M6Giumz3IyQb
In-Grid,electronic,track,I'm Folle De Toi,2003.0,1ygGSZooj7pEbB9h3ij4ml
Goldfrapp,electronic,track,Black Cherry,2003.0,7BPFGUUcPiIaj89HeQjhdx
DJ Volume,electronic,track,The Spirit of Yesterday - Radio Edit,2003.0,7LSGRccSL3TAuKEpeUb1Od
Massive Attack,electronic,track,What Your Soul Sings,2003.0,6EuGf9ZfK9CcSoq2M0SYto
TM Juke,electronic,track,Fast Asleep,2003.0,7LjdnzNiDCtXhxAPquH2Sv
The Dining Rooms,electronic,track,Dreamy Smiles,2003.0,1mDKD8LzNTUgCQHgVCHDZ2
Masculados,electronic,track,Lagot Ka,2003.0,3iVzMYz6fAzhbrzr8yhMoC
Tosca,electronic,track,Rolf Royce feat. Stephan Graf Hadik Wildner,2003.0,2EAkzsIHNlVmNiNsciRc3D
Harry Corpuz,electronic,track,Agriing Kan Kabsatko,2003.0,2cgO492JWGK2GfRlvNa9FV
Rouge Rouge,electronic,track,L'Amour,2003.0,1pN5jXojOODFsPnYlhujuN
Daft Punk,electronic,track,Something About Us (Love Theme from Interstella 5555),2003.0,17PwbYemqwgiOFg0boOFru
Dizzee Rascal,electronic,track,"Fix Up, Look Sharp",2003.0,0uP15QSJzK4Yyn1oAjsZsV
Daft Punk,electronic,track,"Harder, Better, Faster, Stronger - The Neptunes Remix",2003.0,5a8PsqWOuGh7FR1tC6UKUs
Scatman John,electronic,track,Scatman - DJ Kadozer 2003 Radio Edit,2003.0,57gyM43T0UpoEIv7Kpg25N
Peaches,electronic,track,Operate,2003.0,0dMpqM8vAOr7G0UPJn5gns
2 Eivissa,electronic,track,Oh La La La - Radio Mix,2003.0,5Y7iHPwxeRlhsErLtQdbvD
Kraftwerk,electronic,track,Vitamin - 2009 Remaster,2003.0,2brlPvLqHOS3oCMF7taEvc
Prefuse 73,electronic,track,Perverted Undertone,2003.0,4ZOoxmHCsDJOt13vDO1pCy
Way Out West,electronic,track,Mindcircus - Gabriel & Dresden Remix,2003.0,2Qq9aWCi76ecFN2FVkurYL
Paul van Dyk,electronic,track,Crush,2003.0,3aS5reOG1d7b49WCY2Hhg2
Kraftwerk,electronic,track,Chrono - 2009 Remaster,2003.0,7na1px2yPkgKc5rVWeMu3A
Marilyn Manson,electronic,track,Para-noir,2003.0,2cKLHXZKm0ed5mh53BXJW6
Groove Coverage,electronic,track,The End - Special D Remix,2003.0,7EGo2tgnJVOE8lzPo1bvN5
Thievery Corporation,electronic,track,Resolution,2003.0,2fUrwwK163dFfUOScYCWKi
Idris Muhammad,electronic,track,House of the Rising Sun,2003.0,0ggo2PQvf6xG7RWF5z1pHN
Marilyn Manson,electronic,track,Vodevil,2003.0,5QORQTdzJ05PAcKdBn4WLU
Micatone,electronic,track,Shake It Baby,2003.0,1QuJgEboQXa2HODBMVZJSs
Floorfilla,electronic,track,Kosmiklove,2003.0,1F1W1YslFwjQ5e1g63x5mu
Bonobo,electronic,track,Change Down,2003.0,7eDNiX2DbNo7xhLlgjlGrh
De-Phazz,electronic,track,The Mambo Craze,2003.0,34bunDg1xvsCNlraa5xm2o
Marilyn Manson,electronic,track,Doll-Dagga Buzz-Buzz Ziggety-Zag,2003.0,4HPSnSM7H7WlyhQizQKzbD
Lemon Jelly,electronic,track,Soft,2003.0,4smfeUBbpc5sYQNOI4PDso
Enigma,electronic,track,Voyageur,2003.0,2Cb0aekZLZnTnZxKhwVazS
DJ Lhasa,electronic,track,Together Forever,2003.0,6oEvRv6djvQTZ9JjiUFpua
Soel,electronic,track,Shining Pains (US),2003.0,4CPG8GAYMTzS4conrRKB7p
Marilyn Manson,electronic,track,Better Of Two Evils,2003.0,5qoS4DbCIBo0XUMBkU1w33
Thievery Corporation,electronic,track,The State Of The Union,2003.0,6k1kTfQRitCcMIC1Ug69D4
Thievery Corporation,electronic,track,Liberation Front,2003.0,7zhkbU7kuJ1bZckANbaTEe
O-Zone,electronic,track,Dragostea Din Tei,2003.0,7xMVArjnuRY2QBoSsnSzoG
sora,electronic,track,La Cathédrale Engloutie,2003.0,0GiSKGYCdQtGXDSCmSxuVb
Micatone,electronic,track,To The Sound (Feat. Gerard Presencer),2003.0,1ps6w76VsP9uwfmjMNgdct
Sweet Trip,electronic,track,Velocity,2003.0,6yQrIsWAZM5WeX4TKeLOgj
Massive Attack,electronic,track,Small Time Shot Away,2003.0,4LImc8oAk3fo7wugjJqV87
9 Lazy 9,electronic,track,Tumbleweed,2003.0,1KoSE5VQukgPmplWkNXbNS
Marilyn Manson,electronic,track,The Golden Age Of Grotesque,2003.0,0oiyxsD2AjCeG3YeyUFZh5
In-Grid,electronic,track,In-Tango - In-String Edit,2003.0,7xczesGRZKiTyNAOW3wAcj
Kraftwerk,electronic,track,Aéro Dynamik - 2009 Remaster,2003.0,6Ey0pDNYeVeZDabYdDqWav
Massive Attack,electronic,track,Future Proof,2003.0,58KjQnB2w7MhTbBJ29geBC
LFO,electronic,track,Freak,2003.0,3v77leN3q7n1SzGBuSsjOr
Ai-Ai delas Alas,electronic,track,Si Manloloko,2003.0,0nC3O6pLXVp2rvOZUrYfdN
Kraftwerk,electronic,track,Prologue - 2009 Remaster,2003.0,5bRcU0Jo1gyCBOsSln1War
Aim,electronic,track,Let the Funk Ride,2003.0,23t2WMVoYKR9XqLVsk6WAG
Seek,electronic,track,Talk About It,2003.0,2GfsIXgrt4HtnEEXK0uA2M
9 Lazy 9,electronic,track,Big Six,2003.0,5xKF8yUneBnplaeqmHUd8p
Micatone,electronic,track,Plastic Bags & Magazines,2003.0,5ig2Y1JkUCLtpTUMgHsGh0
Kraftwerk,electronic,track,Tour de France (Etape 1) - 2009 Remaster,2003.0,4AaE9MTs3zizLJFJXo7Rnm
Fischerspooner,electronic,track,Emerge,2003.0,3vyKSb9sAdXl0kQ1KnS9fY
Sweet Trip,electronic,track,Pro: Lov: Ad,2003.0,7rR1msZYCT2MlrssnJMYgw
Devics,electronic,track,Red Morning,2003.0,1FF1Och3lWyJ4LNDCp3whe
Sweet Trip,electronic,track,Tekka,2003.0,4JDdbnKobkyn7j2o76D1mV
UNKLE,electronic,track,In A State,2003.0,2HpCmHLndCtXehzHhsJebm
DJ Satomi,electronic,track,Castle in the Sky,2004.0,3z8i35KCAtgdoIAw94BBqt
Danzel,electronic,track,Pump It Up - Radio Edit,2004.0,0eMVfsENqZ42yZBrIXLUG0
Tiësto,electronic,track,Love Comes Again (feat. BT),2004.0,3gBcC4Tdeq6RAa0xxCSxwf
Infernal,electronic,track,From Paris to Berlin,2004.0,5ClXLJW6OLZuTLCwhmX9h9
Air,electronic,track,Cherry Blossom Girl,2004.0,4m8ttWM8IKXyhpv89E867J
Air,electronic,track,Alone in Kyoto,2004.0,40UlFC0dIxv7lAEJaPZLnm
Zero 7,electronic,track,In The Waiting Line,2004.0,6EOJjwcPgGWe98IDyCsBmY
Reflekt,electronic,track,Need To Feel Loved - Adam K & Soha Vocal Mix,2004.0,30cjLreSF4Xq0uAB89i2Ac
Tiësto,electronic,track,Adagio for Strings,2004.0,6TnnyFi6wLxV74NFpgNX0r
Bayani Agbayani,electronic,track,Otso Otso,2004.0,3wD4VqNkwEaDijlforzB7F
Joachim Garraud,electronic,track,The World Is Mine,2004.0,0TBaFEx7WENZgqLXWErD0b
Eric Prydz,electronic,track,Call on Me,2004.0,1As4KC3YYpu89aBt7EqL2m
Tiësto,electronic,track,Traffic - Radio Edit,2004.0,2LzEuRdNWNiHdGI1m5ALc5
Beauty's Confusion,electronic,track,Moments Like These,2004.0,690VYCFMFmzfEwVG2GUEzO
Air,electronic,track,Run,2004.0,4fdsFgiSK33prbumkK1jf0
Handsome Boy Modeling School,electronic,track,Breakdown,2004.0,0jd1UdOKdZqrmzbjq0k1be
Zero 7,electronic,track,Distractions,2004.0,04ZNPcmybdYy7RHxqG4WSD
Gerardo Frisina,electronic,track,Sophisticated Samba,2004.0,3FLFAaWRyl8sD2CdQeSUs1
Zero 7,electronic,track,Destiny - Extended Mix,2004.0,4ECvY5smtvyK1HkipYICAI
Andrew E.,electronic,track,Shoot-Shoot,2004.0,3mLRInBj5KYBrnJlhRLL9r
Hird,electronic,track,Keep You Kimi,2004.0,53oC9lu6vxNkNpSN9J8dIT
Nicola Conte,electronic,track,A Time for Spring,2004.0,6vFOyiIqNEtd7Mdo0ZvEfr
Vhong Navarro,electronic,track,Totoy Bibbo,2004.0,7HpJ11r6XC9UfDQJhnhVKW
Amp Fiddler,electronic,track,I Believe in You,2004.0,6uQQbCOrg3d1ewuz2cbjmL
Nicola Conte,electronic,track,Sea and Sand,2004.0,6SywHlqpazHVFfzw1rAnVz
Günther,electronic,track,Ding Dong Song - Radio Edit,2004.0,3i3P1mGpV9eRlfKccjDjwi
Air,electronic,track,Universal Traveler,2004.0,2q0WFOsFc7Gd9cujpPmZMC
Zero 7,electronic,track,Passing By,2004.0,6vkQAgRVXaNpCBnsWCM0rp
Urbs & Cutex,electronic,track,The Thing,2004.0,2GXuZsjeouyu6K7r9O4ZAi
Air,electronic,track,Surfing on a Rocket,2004.0,0RFduQOfkrP1jhoV0m8US2
edIT,electronic,track,Ants,2004.0,5Fwq7F2yjF3eQnvkfjN4LY
Groove Coverage,electronic,track,Runaway - Radio Edit,2004.0,4jedJe0Ls1UIJlRuyFzzne
Masculados,electronic,track,Nakaka,2004.0,03ULM8dpARbKA9iIb3KCQ2
Eric Prydz,electronic,track,Call on Me - Radio Mix,2004.0,1xNcBAoUw8Hz6LqK2jt4Ff
weirdo girl,electronic,track,抗うつ剤は死ぬまで飲み続ける.ꗺ̡ׄ͘.mpp3,2004.0,2HRhujj4Mhd4w1C19KVQ1R
The RH Factor,electronic,track,Strength,2004.0,4MTmD97M3KIAWLnwJbVwbp
O-Zone,electronic,track,Dragostea din tei,2004.0,52Zr0sinhWTCRrQhRRY4EP
Vhong Navarro,electronic,track,Pamela,2004.0,3xKpLelMRbPBN5f8LazX5K
Roxie,electronic,track,Answer The Phone,2004.0,1ejJ9tdmylWEa6GF1fFFFc
Groove Coverage,electronic,track,She - Radio Edit,2004.0,23Vp3RFKeLvK3hNjfVMhgX
Povo,electronic,track,Perfect Day,2004.0,2baMezhMVFrexfxNusv9mL
Mondo Grosso,electronic,track,INVISIBLE MAN (MELLOW YELLOW),2004.0,2efAM4Z8ZddvOW58sLo4Re
Handsome Boy Modeling School,electronic,track,I've Been Thinking,2004.0,1fkzveZvT3aROlm6BJrp69
Eric Prydz,electronic,track,Call on Me - Radio Mix,2004.0,25F37dHEAbzandtlTRIcV2
Zero 7,electronic,track,Give It Away,2004.0,5MSmlZDlnEaYQQRlCpfpWZ
Air,electronic,track,Venus,2004.0,14EMkYvQQ3E7gI8MFc9bFd
ATB,electronic,track,Ecstasy,2004.0,2E09FnAzgoLEw8RzEJEEy9
Groove Coverage,electronic,track,7 Years and 50 Days - Radio Edit,2004.0,54nevpMw7t2LNuH6kikd9F
Masculados,electronic,track,Jumbo Hotdog,2004.0,1RhDBbR7gDtIVsSa9F15dn
Gladys and the Boxers,electronic,track,Sasakyan Kita,2004.0,73kf6K5Eh1weQ7btYG6uH5
Morrissey,electronic,track,I Have Forgiven Jesus,2004.0,2Q7xmg3wUI6LvLW0z5nUgA
French Affair,electronic,track,Sexy - Radio Version,2004.0,5WoxI5hsYCzPKDEuh3DWib
Morrissey,electronic,track,Let Me Kiss You,2004.0,3ocXcXmfkc7yZqAJO9V8iI
Special D.,electronic,track,Come With Me - Radio Edit,2004.0,3qLhHLgFCvq6YEzqZhCPEd
Tiësto,electronic,track,Lethal Industry,2004.0,2A7Lez85QdEUzIBRxDOv9Z
Blockhead,electronic,track,Carnivores Unite,2004.0,56oUD9ZzgSSDFgvLHxoWyZ
DJ KRUSH,electronic,track,Road to Nowhere,2004.0,6fSkKkWMK9IKh3NLRQLjKA
Ian Brown,electronic,track,Keep What Ya Got,2004.0,0vN98MswdAuipfRZXYnU9O
Richard Hall,electronic,track,Extreme Ways,2004.0,4nZInUxh3l1qp2nUFq1ICp
Clazziquai,electronic,track,Come To Me,2004.0,1OjOXtGjd2dA7k3ehrWbTw
DJ KRUSH,electronic,track,Song 2,2004.0,6yanRGdN1bj7aYsXnElK0h
Pauline London,electronic,track,Love Can Sing,2004.0,3hb2kbNXOyKgxWanqKOx5G
Marilyn Manson,electronic,track,Long Hard Road Out Of Hell,2004.0,3hCor9lGNUpeKwgKXamItl
Air,electronic,track,Biological,2004.0,0PP4wVT30cWLurOR7ambqW
Air,electronic,track,Another Day,2004.0,2FGdBK6nsnjJnK9v2Mw2x0
Zero 7,electronic,track,This World,2004.0,3OBNDpf7DjjvNMSkwIpsTf
paris match,electronic,track,Oceanside Liner,2004.0,1OtUmJMYPu0WtafEjA65FT
Blue Foundation,electronic,track,Bonfires,2004.0,2xnasO1S0gdGA09o6gS0m6
Air,electronic,track,Mike Mills,2004.0,4Kay0txJIyIz0c941Nurb1
Mondo Grosso,electronic,track,I Can't Go For That,2004.0,79SOxRdR53yPmxu7vjifNm
Zero 7,electronic,track,When It Falls,2004.0,3kWtS4GkP80dlotC6JE8gR
Nils Petter Molvær,electronic,track,Little Indian - Live,2004.0,0OqIsXiz1T2dXUdzSih8WM
Zero 7,electronic,track,Home,2004.0,2BQh5XCqJATEHbYfTEKgXn
Zero 7,electronic,track,I Have Seen,2004.0,1oDU5dtgnOs4bJsRdERUJS
Zero 7,electronic,track,Polaris,2004.0,5RSO4V0vh3qdq8uJ1QJJUu
Beauty's Confusion,electronic,track,Windmills,2004.0,0pw9T3nZ98zph87cS5jj5x
Skalpel,electronic,track,Sculpture,2004.0,7sftbhGr5Zffdmfqc8Vn3r
Marilyn Manson,electronic,track,Disposable Teens,2004.0,2uHot0cTsAUx5hMpgHZCTh
Mark Rae,electronic,track,Mind Body and Soul,2004.0,3qvnal5QKBLH1Y083RVbiV
Zero 7,electronic,track,Red Dust,2004.0,7ghFeiXfeFBwQJCB297j8S
Air,electronic,track,Casanova 70,2004.0,303BHuFAJaHauxQrjx4kZf
DJ Nu-Mark,electronic,track,Bad Luck Blues,2004.0,2zeUxZLz0uwWobz2Ui9SIq
Floorfilla,electronic,track,Gigamix - DJ Cerla Gigaradio,2004.0,5wYs8jJ1H7zzg0aWr4auPL
Zero 7,electronic,track,Warm Sound,2004.0,5mjAnVtIL7dxNql9NRniJo
AYA,electronic,track,Looking for the Sun,2004.0,06ZQo88FXpZjUoIQWfCeV0
Safri Duo,electronic,track,Rise (Leave Me Alone) - Radio Edit,2004.0,038TPpNCTl39DUsFPsvlXm
Sandee Chan,electronic,track,野火,2004.0,0hYFxUtisXOQSCfEi7Il72
Infernal,electronic,track,Keen on Disco,2004.0,4SNoYjksFjYHrGk2jBdCgO
Squarepusher,electronic,track,Tommib Help Buss - Remastered,2004.0,0QUMS3XCuPnroPoUil9ZjM
Nicola Conte,electronic,track,All Gone,2004.0,14x1QJLDdZ0zI6CEu50uFh
Air,electronic,track,Modular Mix,2004.0,7l7Z0eHAZ4uoNho7moZlTv
Harry Corpuz,electronic,track,Idi Tempot Gubat,2004.0,39PDY7Vx85Oi2RVqNYuuUF
[re:jazz],electronic,track,All I Need,2004.0,3bUrwdAPrWMiQVoNYwwYNV
weirdo girl,electronic,track,♪ ☊♪☊ ♪☊ ♪♪ ☊ ♪☊ ♪,2004.0,213NuNYORWEOWDyXXZvzfg
Air,electronic,track,Alpha Beta Gaga,2004.0,2sNGaLOMBIkyVFPsQqPQdW
Klubbhoppers,electronic,track,Electronic Life - Radio Version,2004.0,0gdFUpUYeyIeaorobUKhzO
Eddy Wata,electronic,track,In your mind (Radio edit),2004.0,4PVTnkt9udWczeRz71Kj43
Clara Hill,electronic,track,Maybe Now,2004.0,2QvwKKm0j0gokpmjsHjsjc
Groove Coverage,electronic,track,She,2004.0,6uygNsxnAE4b6xFM9RCpVl
DJ Satomi,electronic,track,Waves,2004.0,5qULTKcgcnHlikfL35pZ4C
DJ Marky,electronic,track,LK (Carol Carolina Bela),2004.0,4QmpVtxnJZ5ZV6sO72nrDu
Archive,electronic,track,Fuck U,2004.0,34ebeHWIGQrAt99L1R2Kyn
Vhong Navarro,electronic,track,Totoy Bibbo,2004.0,2Ou0J3EqzMfj3Ho9B0rSca
The Underdog Project,electronic,track,Remember (Original Mix),2004.0,0LQp6qJmYxqjd7qkMQDnqC
Nicola Conte,electronic,track,Kind of Sunshine,2004.0,1YJp9SWn6qXQoiAnmh69FM
Takkyu Ishino,electronic,track,The Rising Suns,2004.0,6J4s0TKW7DXPucAwgQcPCS
Gabry Ponte,electronic,track,Figli Di Pitagora - Radio Edit,2004.0,0oLelYkaCbWHAvK2Jlihcc
Mark Rae,electronic,track,Gato,2004.0,7ImvdvKVQlM01Uv6maGlmP
Paul Kalkbrenner,electronic,track,Dockyard,2004.0,6tYlLMni6GwUksie3N6IPA
Opto,electronic,track,04.34 a.m.,2004.0,5bBXI9omt8aDFdaUIbUelD
AYA,electronic,track,Nobody Knows Me,2004.0,69NZl0552PdRSLB1FtzJ8V
Zero 7,electronic,track,Out Of Town,2004.0,4MdzEpdAtwofMJYKrLjdO7
Alison Crockett,electronic,track,When I Think Of You,2004.0,4omBoqPyoZdOGpbCWdDV1o
Ochre,electronic,track,A Midsummer Nice Dream,2004.0,0hAM2VDYMWzAgtCVZXA6Qr
The Prodigy,electronic,track,Girls,2004.0,3sR4m7aR5zxendIxV53Thl
Hird,electronic,track,Getting Closer,2004.0,3R6swWuFfGIWTIrFaszX6v
Joachim Garraud,electronic,track,The World Is Mine,2004.0,1q6IK1l4qpYykOaWaLJkWG
Wagon Christ,electronic,track,Shadows,2004.0,3QPwOGIY2s6Ky6zh5UX0NT
Calibre,electronic,track,Mr Majestic,2004.0,0wrg4FXpFKz1y1tYsZPJOw
Groove Collective,electronic,track,Lift-Off (Salaam Remi Remix),2004.0,2d6AK0axKKSqb2XREU8cMR
Saint Privat,electronic,track,Tous Les Jours - Waldeck Remix Radio Edit,2004.0,5DZ30SA9w2Bl4GWRiR41ao
Jazzamor,electronic,track,Cherish,2004.0,3qfr2KoCuZEEI5A4K4SKSY
Groove Coverage,electronic,track,7 Years and 50 Days - Extended Version,2004.0,5gSVnAbvZh4xJEI8bXdcNl
Micatone,electronic,track,That's The Way It Goes,2004.0,1KUpHRfMvnLgjtCmiz7F09
Charanjit Singh,electronic,track,Bhairav,2004.0,3bRFEI6NTnP0H8JyBTazbv
C21,electronic,track,All That I Want,2004.0,2ihQjDZxPMnRf1UsKUCD1j
Blockhead,electronic,track,Insomniac Olympics,2004.0,7IuxuJBP6kwOOu1ShFzmR1
Zero 7,electronic,track,Simple Things,2004.0,6vky8OxKiDFU7oK3g5buSO
Big Muff,electronic,track,My funny Valentine - Album version edit,2004.0,6YLSTHPjCxUB8cIElf26pk
Beauty's Confusion,electronic,track,Walls,2004.0,4R0LNtWYMyB1wpU58IixeH
Flunk,electronic,track,Blind My Mind,2004.0,1BQlFMbF8D0V0gutMmeSaA
Divinorum,electronic,track,The Next Step,2004.0,3oYhwxobXSJhkDpATam8ht
Groove Collective,electronic,track,I Want You (She's So Heavy),2004.0,4uQowvBod6Y9emqSeyLIqh
Orbital,electronic,track,One Perfect Sunrise,2004.0,1Tu9pNTOWRw8Qi5CFhcW5y
Haddaway,electronic,track,"What Is Love - 7"" Mix",2004.0,0MpkSzutgKkFcDEMr4gijh
Squarepusher,electronic,track,Iambic 9 Poetry - Remastered,2004.0,3CWCxr4lY1UM9muVXHAXYi
Zero 7,electronic,track,Somersault,2004.0,7q6AZTjMECFy439nPCgCMS
AYA,electronic,track,Sean,2004.0,4r6nXBDyRyFIOnLP7H3bOr
Jazzamor,electronic,track,Lovin' You,2004.0,2MBUKy0r35H9YWukHZRfQM
Marilyn Manson,electronic,track,mOBSCENE,2004.0,0s2nYmql1pbfdV23rxxxHL
Bomfunk MC's,electronic,track,Turn It Up,2004.0,4d9vqL9JVFrrk49efwl100
Sexbomb Girls,electronic,track,Halukay Ube,2004.0,5G5XqGtunSSyCiSBHVoG6j
Death In Vegas,electronic,track,Hands Around My Throat,2004.0,21uApmh8YblFvwBgSVmY5O
Novaspace,electronic,track,Time After Time - Radio Edit,2004.0,2qOHFFdDWRgFhzaIknnlFy
Elsa,electronic,track,Open the Door,2004.0,6ODllWV0V2gSoy2Kh9lymI
DJ KRUSH,electronic,track,Beyond Raging Waves,2004.0,0vsgbzsEf6AkJoUxxrO1fg
ATB,electronic,track,Collides with Beauty,2004.0,1qFSEJG7buRP2sn6fEaM7N
Boom Bip,electronic,track,Last Walk Around Mirror Lake - Boards of Canada Remix,2004.0,4agMFZlZVMPvXcpLewP2tS
Nathan Fake,electronic,track,The Sky Was Pink - Holden Remix,2004.0,2oeEq7M17OE5rqcYYYHZet
Scooter,electronic,track,One (Always Hardcore),2004.0,04frI4TPBnmvaYXHeqELQL
La Oreja de Van Gogh,latin pop,track,Pop,2000.0,4FXSEdmbbeGmPIQltH27C8
Thalia,latin pop,track,Entre El Mar Y Una Estrella,2000.0,2KNtKG2X0jpOIgVunVbAkQ
Ricky Martin,latin pop,track,She Bangs - Spanish Version,2000.0,4ti5pZ0zs1PDf1eQswskFB
Rodrigo,latin pop,track,Amor Clasificado,2000.0,5MK642wCaNr9hRDZ3kWyDX
Rodrigo,latin pop,track,Soy Cordobes,2000.0,5wG4J1UECH0c42YhMhSkcS
Ana Torroja,latin pop,track,Duende,2000.0,3WX2KhnJq3QdRTfPgHWgZU
Paulina Rubio,latin pop,track,Tal Vez Quizas,2000.0,4Ft4AbNwk1acKagaBOmvHb
Alejandro Sanz,latin pop,track,Hicimos un trato,2000.0,6AF3xHHs3tmL7JN8lkNkgR
Alejandro Sanz,latin pop,track,El alma al aire - Maqueta,2000.0,0J1X8DvOXj0GD07UN3kyci
Alejandro Sanz,latin pop,track,Cuando nadie me ve - Maqueta,2000.0,7IxcEDXDSefpahEg6zmDs5
Celia Cruz,latin pop,track,Celia's Oye Como Va (Oye Como Va),2000.0,7fhCXXF7V5jsU06bOgVBqJ
Monica Naranjo,latin pop,track,Enamorada,2000.0,3W5v2CXAqEr6aa70MMNVYK
Chayanne,latin pop,track,Candela,2000.0,6aZVaIudGaHm88ydUe9k4i
Thalia,latin pop,track,Regresa A Mi,2000.0,36GbwUTkCSQ18aysIFYEPF
Los Tucanes De Tijuana,latin pop,track,Mis Tres Viejas,2000.0,1yxJIFPhP2EqnQ6oWJKbmP
Rodrigo,latin pop,track,Como Le Digo,2000.0,4nH1lpWkgzQPpTYPPjWKaI
Marcela Morelo,latin pop,track,Luna Bonita,2000.0,5Yc1D1bZ0mLDsWMd047pwT
Laura Pausini,latin pop,track,Un error de los grandes,2000.0,0cZRvN0JNRbkmhJK90x4cH
Juanes,latin pop,track,Fijate Bien,2000.0,3wE4fvPhhScUAhY37TDc1D
Chayanne,latin pop,track,Salomé,2000.0,4l8i9h5PNoJte95Es3HftJ
Alejandro Sanz,latin pop,track,Me iré,2000.0,42t0ZnBaS3dYFcs3xyQF2Y
Armando Manzanero,latin pop,track,Esperaré (feat. Café Quijano),2000.0,4RclcYWxQMRsdmT25OK9ic
Rodrigo,latin pop,track,Fuego y Pasion,2000.0,0SBHkYiZh8ih1RHoOcDtHl
Chayanne,latin pop,track,Mariana Mambo,2000.0,3ppKW2voPfRuCtdWhF1R9z
Rodrigo,latin pop,track,Que Ironia,2000.0,0E9YlthbJZ6WOPKi3LTBJc
Donato Y Estefano,latin pop,track,Sin Ti,2000.0,3c9KuwSygZBPj6gbXLxRc7
Celia Cruz,latin pop,track,Rie y Llora,2000.0,63knvuoSPpfzIwdDuWRSoV
Paulina Rubio,latin pop,track,Lo Haré Por Ti,2000.0,2j0vCRV8XySsYHDYasQwbi
Chayanne,latin pop,track,Boom Boom,2000.0,4zkOTmiamebLJ39Sqbp7sb
Thalia,latin pop,track,Arrasando,2000.0,1EhDeCHd34jt7dMDqkGQBC
Alejandro Sanz,latin pop,track,Hay un universo de pequeñas cosas,2000.0,5JA04DokXsoCNcVPI9NRmD
La Retrocumbia,latin pop,track,Popurri - La Negra Salome - Juana la Cubana,2000.0,3MqI7CgT8Y57MbbcvbT5pX
Alejandro Sanz,latin pop,track,Para que me quieras,2000.0,3QYWYwpcCdf5f5DQW52oaz
Paulina Rubio,latin pop,track,El Ultimo Adios,2000.0,7lnun6viJADQCvZnE0w9q8
La Oreja de Van Gogh,latin pop,track,Tu Pelo,2000.0,36wsPM9GCrgt9pxS95PYr2
Ana Torroja,latin pop,track,Corazones,2000.0,6cbvo1vIHJZfIXrGxOzza9
La Oreja de Van Gogh,latin pop,track,Tantas Cosas Que Contar,2000.0,09oZXunRcHWgNc4jYxDeue
Chayanne,latin pop,track,Yo Te Amo,2000.0,2sKo5u6IppUEudIz265wYa
La Oreja de Van Gogh,latin pop,track,La Chica del Gorro Azul,2000.0,3MtGBLot4sqvpT0cDyWTC8
La Oreja de Van Gogh,latin pop,track,Mariposa,2000.0,50CFzmM2N9wxobKcURrZdw
La Oreja de Van Gogh,latin pop,track,Dicen Que Dicen,2000.0,69sZqRBNGrcRHZBFkvlRGW
La Oreja de Van Gogh,latin pop,track,La Playa,2000.0,2DNyZP4Py6f4zMASLBnIu6
La Oreja de Van Gogh,latin pop,track,Soledad,2000.0,4NLpfB52hwDPLn7bphgjgD
Alejandro Sanz,latin pop,track,El alma al aire,2000.0,0Bs7Y5vCIzuvFTS9SLBPn8
La Oreja de Van Gogh,latin pop,track,Cuídate,2000.0,7gqIqyeCaV2xNtfZWxEphD
La Oreja de Van Gogh,latin pop,track,Paris,2000.0,5ByvJeBlrYISiwy7AVEAmP
Paulina Rubio,latin pop,track,Yo No Soy Esa Mujer,2000.0,0JAGODD5w6MeYQzA9lV6Zm
Alejandro Sanz,latin pop,track,Quisiera ser,2000.0,2MnNZIetVS8IVfy9PtpLeb
Alejandro Sanz,latin pop,track,Cuando nadie me ve,2000.0,7sNpt6AvOvXXZVaqTCFVCu
Paulina Rubio,latin pop,track,Y Yo Sigo Aqui - Spanglish,2000.0,2Ma2f8jV8VKMJoAcnCvZ8h
El Cuarteto De Nos,latin pop,track,La Pequeña Leti,2000.0,1NisqP9RbbUN7IR3rw83EE
Los Tucanes De Tijuana,latin pop,track,Gripa Colombiana,2000.0,33Kxt0fCaltxIuIOzM7hfs
Paulina Rubio,latin pop,track,Sexi Dance,2000.0,2HUMe9s1Sn8ZrpsbmDjEAH
Ricardo Arjona,latin pop,track,Sólo Quería un Café,2000.0,2kWYn9WboACIhmjQWRwMMX
Banda XXI,latin pop,track,Quiero Saber De Ti,2000.0,68mzTYsp45l51K37Tv3V8r
El Cuarteto De Nos,latin pop,track,Cristo Te Odia,2000.0,6nGheW6QepWxeMuwkPLDfS
Rodrigo,latin pop,track,El Viaje,2000.0,6yBiLjtUHxkO5OJFuSRIeK
Beto Quintanilla,latin pop,track,Escolta Suicida,2000.0,4P26HKA1ijPe4o7NQqkHlP
Celia Cruz,latin pop,track,Celia's Oye Como Va (Oye Como Va),2000.0,21pnPg1UFfvVpLInYio1sR
Jean Carlos,latin pop,track,Tu Vas a Volar,2000.0,5aarNSF6jcTWgC8L25kpYi
Los Tucanes De Tijuana,latin pop,track,Cien Por Uno,2000.0,64VeKDD6z3P2UnDl8nphc4
Rodrigo,latin pop,track,Por Lo Que Yo Te Quiero,2000.0,5i9yLs9LPercK6BJgj87gj
Alejandro Sanz,latin pop,track,Una noche (feat. The Corrs),2000.0,1QHK82whaHGYWfARl21hUs
Rodrigo,latin pop,track,Aprendiz,2000.0,3zOKIMB5FOUtlhYB3nqEJY
Walter Olmos,latin pop,track,Adicto A Ti,2000.0,53p8lIxLmoCoBINK0zuQ4G
Thalia,latin pop,track,Rosalinda,2000.0,4KufWaE6epxrctKlrfVsQh
Fey,latin pop,track,Azúcar Amargo,2000.0,2arXuCWrLfgcELqYogQDbt
Luisito Muñoz,latin pop,track,Si Supieras,2000.0,5r6tP7am1kGACxGbLhKIUg
Rodrigo,latin pop,track,La mano de Dios (Homenaje a Diego Maradona),2000.0,6bQkinbnTaWeLtMObzIxf0
Rodrigo,latin pop,track,Yerba Mala,2000.0,6DAZuerCWNL5TtgKo8M2jl
Luis Alberto Posada,latin pop,track,Corazón Partido,2000.0,2XjKVBc0FnVE2IQNYusZg5
El Cuarteto De Nos,latin pop,track,Necesito Una Mujer,2000.0,7d6hieV5hQnqZNYnrYfjob
Luis Miguel,latin pop,track,Tú sólo tú - En vivo,2000.0,0OcPSZlWFl78HvTOh3aKDj
Walter Olmos,latin pop,track,Amor Fugitivo,2000.0,5inaJ88bGKl7HkA9S7ktmV
Alejandro Sanz,latin pop,track,"Llega, llegó soledad",2000.0,7e7ojN0bPRY4b9y7yuE40Y
Celia Cruz,latin pop,track,Por Si Acaso No Regreso,2000.0,1n52ulXSj7E3GOjcpw1EKF
Nek,latin pop,track,La vida es,2000.0,2KV7Z8NrqJTSq206nKiGGf
Ana Torroja,latin pop,track,Nada particular,2000.0,3EL9ISVp1tp06Euqc8492e
El Cuarteto De Nos,latin pop,track,Pegame Y Decime Shirley,2000.0,5OPEU3148saJYZplRlZn8U
Ana Torroja,latin pop,track,Hacer por hacer,2000.0,3bJMFkv8AhKbE9CDJYp5G8
Ana Torroja,latin pop,track,Siete de septiembre,2000.0,6fzT2ceqglZpffBISnqM7w
Ana Torroja,latin pop,track,Hijo de la luna,2000.0,2aFPq8f2xlJQFTYlJ8nOMr
Paulina Rubio,latin pop,track,Vive El Verano,2000.0,13hnZOARWepu30E9lhn4jO
Ana Torroja,latin pop,track,Si tú no vuelves,2000.0,07HhvYazaf4LyXNKpmDb5J
Debelah Morgan,latin pop,track,Dance with Me,2000.0,1C2Q3AymKS17bw7T5gfq6p
Chayanne,latin pop,track,Ay Mama,2000.0,3x7w1y7WLU7lpCSh39VSrZ
Monica Naranjo,latin pop,track,Enamorada - Versión Spanglish,2000.0,47HyGKYsNixYjBglT2PMhl
Rey Ruiz,latin pop,track,Muevelo,2000.0,2z7qJyoZCeNUyyt7z0Ha1U
Ana Torroja,latin pop,track,Amante bandido,2000.0,2lMAx2mhNdHdgw0qDZ2PSB
Walter Olmos,latin pop,track,No Me Mientas,2000.0,0mYPt9hLmZZvqWAbR9SdNj
Thalia,latin pop,track,Reencarnacion,2000.0,1iT6VaEqoBLCQcAYH75jOC
Bertin Osborne,latin pop,track,Popurrí Mexicano,2000.0,6vV6BhzqwsuFFRBh1L0mOq
Nek,latin pop,track,Llegas tu,2000.0,3YX0QfZP4EhzAc4PmlUlTS
La Retrocumbia,latin pop,track,Popurri - Cartagenera - El orangutan - No te vayas - La Piragua - Cumbia sobre el mar,2000.0,0PDd6bNpNQdJXQhvNWSC3O
La Gran Banda,latin pop,track,Popurri Romantico,2000.0,312V3J3wZS2wv53UsD97oy
La Retrocumbia,latin pop,track,"Popurri - Alejate de mi - Mentiras, mientras - Muchacha ojos de miel",2000.0,3vWUFIYGhO5AH4jvgVouPv
Luis Alberto Posada,latin pop,track,Cruz de Dolor,2000.0,5GODB1nafsfms7LyFymC4V
Luis Alberto Posada,latin pop,track,No Soy un Juguete,2000.0,7JoZyPwW1w1TjoO5yrzks0
La Retrocumbia,latin pop,track,Popurri - Las chiquillas - La Revoltosa - El Parrandero - Pajaro del monte,2000.0,5oWiYUPBnKii0nuqfzr30o
La Retrocumbia,latin pop,track,Popurri - El pescador - Todos los domingos - Atrevete a mirarme de frente - Santa Martha - Se va el caiman - La Burrita - Quiero un sombrero - Para que,2000.0,52b25x2jxiV9Iapiq2ni6s
Los Razos,latin pop,track,Chingon De Chingones,2000.0,5lduUBDO2K74wlWcReMTJ8
Beto Quintanilla,latin pop,track,El Plebe y el Cholo,2000.0,2jR8SDgmlxxxsiJ2iwd6Ms
Walter Olmos,latin pop,track,Chico De La Calle,2000.0,4zmK84b3QtttgoP5mNZpse
Walter Olmos,latin pop,track,Por Lo Que Yo Te Quiero,2000.0,3dKjmF3Yjl79hybcSkE9M5
Beto Quintanilla,latin pop,track,Raquenel Villanueva,2000.0,71rQncW9uGaAg4QplpEbeL
Walter Olmos,latin pop,track,Extrañándote,2000.0,0zXjhiCo3x42xLcxK0GoFf
Juanes,latin pop,track,Nada,2000.0,0fxLW78I51KMo6SNMm7Fcg
Ana Torroja,latin pop,track,Nena,2000.0,05lfAUHuoiSTGESSyLbiZ4
Ana Torroja,latin pop,track,Un año más,2000.0,58dwFuu8GK2Gnab1ucCSlj
Jean Carlos,latin pop,track,A Puro Dolor,2000.0,2K5ureC8z6V2dAtj0B8ASW
Donato Y Estefano,latin pop,track,Toma Tu Tiempo Y Suena,2000.0,3ANzgIoMEW7KobbWrA6crP
La Oreja de Van Gogh,latin pop,track,Rosas,2000.0,0iCTZBrskLb7xIZBuGcNrn
La Mosca,latin pop,track,Cha Cha Cha,2000.0,36in1jDriTe1PQhU4iTKkv
Ana Torroja,latin pop,track,Bambú,2000.0,1TuvKksFlFgn6D3VkGUhPs
Walter Olmos,latin pop,track,Ay Corazón,2000.0,2qOIRBrWn2fll2ude8zBo4
Jimmy Bosch,latin pop,track,Pa' Mantener Tradición,2000.0,5m9rNQ7CqWffaZGBXTF98n
Shakira,latin pop,track,No Creo - En Vivo,2000.0,1GM2ouHHKW3tuCzjSZKIyr
Donato Y Estefano,latin pop,track,Naturaleza,2000.0,6oGgP96pCoPGVH9WhFZus0
Ana Torroja,latin pop,track,Salamandra,2000.0,6dLlU2XOMZLWoXrKA9baY8
Laura Pausini,latin pop,track,Somos hoy,2000.0,4PMRRIFC8I23pWOxvYpAK2
Alejandro Sanz,latin pop,track,El alma al aire,2000.0,0JDTLHMnltIIVnXi72RTom
Alejandro Sanz,latin pop,track,Cuando nadie me ve,2000.0,0bfPmBR6iN2cyJQJUUQOG0
Ana Torroja,latin pop,track,A contratiempo,2000.0,7zDsplBsyc0cyZoR9AJYWt
El Cuarteto De Nos,latin pop,track,Me Amo,2000.0,5aRef1fGbwM1t0MqXSrwzV
Walter Olmos,latin pop,track,Amor De Adolescentes,2000.0,2ChbVApTbkUwVmd4xOvLtP
Chayanne,latin pop,track,Hasta Que El Alma Resista,2000.0,24roOHa0bnZSohbWE7Ligd
Ana Torroja,latin pop,track,Muro,2000.0,4KYnziYaVyyM2KHT2hZfZI
El Cuarteto De Nos,latin pop,track,No Somos Latinos,2000.0,3Hh2NDo6xmxPZEVQ4E7NOT
Donato Y Estefano,latin pop,track,Entre La Linea Del Bien Y La Linea Del Mal,2000.0,4iKnaiZ1Rb1emdpboOte67
Ana Torroja,latin pop,track,Como sueñan las sirenas,2000.0,3SYX4F2sGa3k3sTnQD1oC5
Juanes,latin pop,track,Podemos Hacernos Daño,2000.0,4dK3GtjIEt42iVHo3qjMss
Ricky Martin,latin pop,track,Dame Más (Loaded) - Spanish Edit,2000.0,3zBP6rvzlBtcn1gEsgzeBI
Julio Iglesias,latin pop,track,No Es Amor Ni Es Amar (Gone Too Far),2000.0,3yggjuzrpJ9qNnVuz6va83
Rodrigo,latin pop,track,Un Largo Camino al Cielo,2000.0,2PlSYK2fahYQAfOQ5oZkDt
Banda XXI,latin pop,track,Y Te Amo Solo,2000.0,78Of4ie3Av5b8BKSf8CG6H
Alejandro Sanz,latin pop,track,Tiene que ser pecado,2000.0,3Mu0D93GhMoPKjPx7htLXY
Donato Y Estefano,latin pop,track,Y Bailo,2000.0,4qrhU545tqm3RHvNrql1YA
Celia Cruz,latin pop,track,Por Si Acaso No Regreso,2000.0,50TcSPtqH5VsexbUlbptVu
Ana Torroja,latin pop,track,Barco a Venus,2000.0,2CPucIrbVXPHysngMqfmSI
Polo Montañez,latin pop,track,Un Montón De Estrellas - Montuno pop mix,2000.0,57kkKgQqufYrdRrkXk02nr
Luis Alberto Posada,latin pop,track,Negros Recuerdos,2000.0,2eaqczOTq5cAAZxIdbkYr9
Ana Torroja,latin pop,track,Ya no te quiero,2000.0,36q0PyyQa1u39ZUala53gD
Ana Torroja,latin pop,track,Hoy no me puedo levantar,2000.0,1R7Xolq9aQh8fTZ4qa9rnb
Alejandro Sanz,latin pop,track,Silencio (Ghost Track),2000.0,41IpfXrlcy5uVYLHSD4hw1
Donato Y Estefano,latin pop,track,Mar Adentro,2000.0,5zGneVMVXG5uTqNjVUenWH
Monica Naranjo,latin pop,track,Enamorada - Remasterizado 2024,2000.0,0Xlg10txXw1OzvJwHMB0Sr
Issac Delgado,latin pop,track,Popourri Pa'l Sonero,2000.0,13ViPREtq0llZeSbArTKno
Luis Alberto Posada,latin pop,track,Destino Marcado,2000.0,4ioo5mmNAB8XjaCNtsq7ww
Tru La La,latin pop,track,Como Tú,2000.0,0HF43dp7GkUmDSTwtFAKE7
Los Chaque's,latin pop,track,Popurrí,2000.0,7b3uMBF8ofWeYgMQiPEM2C
José José,latin pop,track,Popurrí: Cómo Hacer para Olvidar / Con Mis Propias Manos (with Juan Gabriel),2001.0,63IIgFOKUy9bUPsFbFg5Hz
Shakira,latin pop,track,Objection (Tango),2001.0,36YNa8joLwu9yor2TkZbIY
Sabroso,latin pop,track,Llegó Tu Papi,2001.0,3jdU5hu76KBxor1EBDDSXR
Shakira,latin pop,track,Que Me Quedes Tú,2001.0,3pWF6sOdKOtwtIbVaFMN6U
Diego Torres,latin pop,track,Que No Me Pierda,2001.0,1hddbV736FaAFxMho50n75
Jean Carlos,latin pop,track,Quiereme,2001.0,2749jULVf3n93RHzAIpmTi
Aleks Syntek,latin pop,track,Por Volverte A Ver,2001.0,5mQAisM7QzOcAGwi9uSMIh
Shakira,latin pop,track,"Te Aviso, Te Anuncio (Tango)",2001.0,1w5nWhUzrQqj0WnDXrgsnC
Shakira,latin pop,track,"Suerte (Whenever, Wherever)",2001.0,3TY1PFZXmYeiLcXygB74My
Shakira,latin pop,track,Te Dejo Madrid,2001.0,3ToWC9JYSmDIa9yJs0k6PO
Marc Anthony,latin pop,track,Tragedia,2001.0,57Jg4oOmi5nDxTfgYupXOF
Rios De Gloria,latin pop,track,Cómete Mi Cuerpo,2001.0,4Q7qrWJqvILMsRz64uERQ7
Laura Pausini,latin pop,track,Se fué - Versión 2001,2001.0,1okB84GHnf4CUGaR41TdkW
Monica Naranjo,latin pop,track,Sacrificio,2001.0,6G99t1AZEyHu9aZ8OiSKRf
Carlos Vives,latin pop,track,Quiero Verte Sonreir,2001.0,15pVedXa5un2RkNRix3Qet
Guaraná,latin pop,track,Echame a Mí la Culpa,2001.0,2vIprOKFrPtsnQtADuVUp8
Carlos Vives,latin pop,track,Dejame Entrar - Vallenato,2001.0,6Hb2ACYykM73uDQ3h2HVZc
Jennifer Lopez,latin pop,track,Que Ironia (Ain't It Funny),2001.0,6GraX5ZAA1H3ahBuY9bUsj
Bacilos,latin pop,track,Lo Mismo Que Yo,2001.0,6FIZDGD7A15jGZ5oI3b5sG
Carlos Vives,latin pop,track,Luna Nueva,2001.0,1fAzF0YA0bPy65wNS7pu9h
Beny Moré,latin pop,track,Bonito y Sabroso,2001.0,0mxOACRTcfoUtCcsbgSw2R
Bacilos,latin pop,track,Besala Ya,2001.0,50mROPNHQ6xkNnHcXlNhOZ
Miguel Bosé,latin pop,track,Gulliver,2001.0,0ozPBJGryvMbMCadTU3M9a
Miguel Bosé,latin pop,track,Sereno,2001.0,0lb2MUjcw5ijjStEGf5AZE
Miguel Bosé,latin pop,track,Puede que,2001.0,6ZioYho38EzmR15NRVKOl9
Marc Anthony,latin pop,track,Valio la Pena,2001.0,0auNaXOXs33GglZq5W0ixb
Miguel Bosé,latin pop,track,Te digo amor,2001.0,1ceXRxQfEX0yuN3wZWcG3J
Alejandro Sanz,latin pop,track,Aprendiz - Unplugged,2001.0,7efXKi4jjGrXMvO6N7U2N4
Luis Miguel,latin pop,track,"Amor (Amor, amor, amor)",2001.0,1k4GYtmW7edpJ9uhQmzO66
Diego Torres,latin pop,track,Color Esperanza,2001.0,3T07pNAEVr9adeIG9i1ex4
Shakira,latin pop,track,Te Dejo Madrid,2001.0,0IESLhxv5iqXvMH5mm3z88
Luis Miguel,latin pop,track,La última noche,2001.0,1hO1Nw8W8ssvFPDJaVec41
Enrique Iglesias,latin pop,track,Escapar,2001.0,3UTEEPuMNeMjfer5BZg2ne
Carlos Vives,latin pop,track,Carito,2001.0,5czkBkWogUvTf2jleGyHaQ
Diego Torres,latin pop,track,Sueños,2001.0,6arKgQHCGt2buopAxKTpQt
Alejandro Sanz,latin pop,track,Y sólo se me ocurre amarte,2001.0,05Zcw1sWmSu3wfbaLTeosp
Bacilos,latin pop,track,Tabaco y Chanel,2001.0,48svUiwMMYQRPyesVEnof1
Carlos Vives,latin pop,track,Dejame Entrar,2001.0,2jNqxXMkVVpEvjvvwvUDDD
Raulin Rodriguez,latin pop,track,Popurry Porque Tengo Ganas - En Vivo,2001.0,7adMt1YTURYd7AMFOswVgy
Miguel Bosé,latin pop,track,Morena mía,2001.0,0HmQkmfYXRPweIg1ycw1R8
Enrique Iglesias,latin pop,track,Heroe,2001.0,4AkrkORGjiz7c90mwxAvdW
Sin Bandera,latin pop,track,Sirena,2001.0,0jBxmxlS1YJza0SDEyTp5d
Sin Bandera,latin pop,track,Kilómetros,2001.0,0AcFsf9FGjL1Al2RBQ1Crq
Sin Bandera,latin pop,track,Te Vi Venir,2001.0,3WpUm0g3LnhZcdMDmaj3XM
Shakira,latin pop,track,Que Me Quedes Tú,2001.0,656yISUj1xcGthQHLC3iT5
Shakira,latin pop,track,"Te Aviso, Te Anuncio (Tango)",2001.0,6IIvQrGLkX6ZEABLPqyi7C
Cristian Castro,latin pop,track,Lloviendo Estrellas,2001.0,62yBE3BVr4Kt7Q6xS1OR32
Sin Bandera,latin pop,track,Entra en Mi Vida,2001.0,2h0iSG7htO0V4IvuwbTBf3
Cristian Castro,latin pop,track,Azul,2001.0,7iAXEpyYmNpEDBtALzxbMm
Shakira,latin pop,track,"Suerte (Whenever, Wherever)",2001.0,1YIoEGlYIrlir1FOdWmSe8
Cristian Castro,latin pop,track,Amor,2001.0,3Y3mJi8BrUfIIrOkHjg93d
Los Razos,latin pop,track,Más Chingón Que Ese Buey,2001.0,5fA7H8n3zhNsoSQSYA3DLz
Tommy Torres,latin pop,track,Nunca Imaginé,2001.0,7iUy5NcytDkc4ldUosTVrB
Sabroso,latin pop,track,Bella Idiota,2001.0,50nxv0F8ZSlyCmaT2bAEAU
Aleks Syntek,latin pop,track,Bendito Tu Corazón,2001.0,6WzoBPWhktTYTJol06BG3q
Beto Quintanilla,latin pop,track,El Gordo Paz,2001.0,29EqF77z5pCq5uCPm1ir5v
Los Tigres Del Norte,latin pop,track,Los Tres Gallos,2001.0,7udJoseAJT6OnSusEzTVb6
Mo' Horizons,latin pop,track,Cha Cha Cha,2001.0,3autSJVPpfSpsvSKHm6PF2
Miguel Bosé,latin pop,track,Mirarte,2001.0,0aRXxDCsqv15KjKeUrTT3Z
Marc Anthony,latin pop,track,Tu Amor Me Hace Bien,2001.0,7FGZKu8VjGu1EImHbYgsS3
Diego Torres,latin pop,track,Perdidos en la Noche,2001.0,5zSgybaHA0Ei2u04fkk1Nl
Lemon,latin pop,track,Latin Lover,2001.0,7qiKyYxHkSCwrNf4ynalaZ
Jennifer Lopez,latin pop,track,Dame (with Chayanne) - Touch Me,2001.0,46EfzGWwD2qoRygDaUZW8H
Bacilos,latin pop,track,Cuestión De Madera,2001.0,5RCzzbVZu7OylNUtSn47b3
Marc Anthony,latin pop,track,Tan Solo Palabras,2001.0,5O5Xt5nZkXvYoCkvkQDSnQ
Shakira,latin pop,track,The One,2001.0,56DUFNjNTxc243GLRLL0or
Enrique Iglesias,latin pop,track,Escapar,2001.0,43RR8ItPkVLf5SEAQ4Ao3x
Enrique Iglesias,latin pop,track,No Apagues La Luz,2001.0,6zZvZmxeKdmjTqiqAukyas
Shakira,latin pop,track,Eyes Like Yours (Ojos Así),2001.0,2Z0B1K4oP5s3xoFcCbDm4T
Jean Carlos,latin pop,track,Pero Me Acuerdo de Ti,2001.0,6yih58lNV3gqSA3BoWAj3K
Joaquín Sabina,latin pop,track,La del Pirata Cojo - En Directo,2001.0,79xzeZF9YD9FTVVcLcXBZR
Los Tigres Del Norte,latin pop,track,R. Uno,2001.0,63TrIuxdPky2Tqc4kUNMFq
Carlos Vives,latin pop,track,Amor Latino,2001.0,3eQbrmCTTTyBNSdmVTgO8L
María Bestar,latin pop,track,Pensando en Ti,2001.0,3ps5umat3oLP2dvjo37Lv2
Shakira,latin pop,track,Rules,2001.0,2KB42Lvoav7uKtFSq5F6ZH
Rodrigo,latin pop,track,Figurate Tu,2001.0,2mRjSoNAEdDWbOCbNaJlSe
Shakira,latin pop,track,The One,2001.0,1SH9WY0eACGHxtrmW3QAn1
Jennifer Lopez,latin pop,track,Cariño,2001.0,57Coopi4KriNAIdBzCOVY1
Shakira,latin pop,track,Objection (Tango),2001.0,2N1vJgOptB5T0eqXaOAsaZ
Laura Pausini,latin pop,track,Un error de los grandes,2001.0,7MTGAHMImcx3ODcvOFAzcM
Jimmy Gutierrez,latin pop,track,Sigo Torcido,2001.0,04c2pAHDwOL9HHIFOTRPJe
Los Tigres Del Norte,latin pop,track,El Gato Felix,2001.0,3axiaOek9ulzNu7IR2BW5U
Laura Pausini,latin pop,track,Gente (Ordinary People) - Versión 2001,2001.0,7iHcKIWTv0JNKmxkCoPGJi
Alejandro Parreño,latin pop,track,Suave,2001.0,1gYcFeUpGF6lXg5hUWHmoy
Shakira,latin pop,track,Eyes Like Yours (Ojos Así),2001.0,5I2VapAoss9eQHmuwXfoMt
Enrique Iglesias,latin pop,track,Heroe,2001.0,7unMv8ME62ZkqSwzwG7rNv
Carlos Vives,latin pop,track,Decimas,2001.0,4M0Wxt6WxOLnBd6TWcy6fp
Carlos Vives,latin pop,track,A Las Doce Menos Diez,2001.0,4LRdN6eOgRin2g5XN90tnZ
Shakira,latin pop,track,Rules,2001.0,3k5fbzPDUYj3A6kgaSeyaG
Rios De Gloria,latin pop,track,Atrévete,2001.0,1QK3vJV3rKsEFPAnTw8zmW
Miguel Bosé,latin pop,track,Mientra respire,2001.0,1qjScvaDYwRbFZN6ZHWNEn
Orquesta Tabaco Y Ron,latin pop,track,El Son Te Llama - Guajira,2001.0,6XpzlyKVu7IqAu1rt5auYS
Clave Cubana,latin pop,track,Dámelo,2001.0,2r8smJSzObqkWmDzkvWqXs
Diego Torres,latin pop,track,Por Ti Yo Iré,2001.0,1ztMqZRWUjTGp7TcV91PlU
Skeewiff,latin pop,track,Skeewiff vs Big Les,2001.0,7MrL6oSeU1NTNzKoVv87nC
Diego Torres,latin pop,track,Una Gotita de Tu Amor,2001.0,6qPVuRYI2JhRj2gZLNa4B7
Malú,latin pop,track,Esta Vez,2001.0,28fsya2Ov8uz3Ft6rwZkbk
Bacilos,latin pop,track,Manchados de Amor,2001.0,0SFpnHZ1EPFA4YNDhSYbyB
Los Tigres Del Norte,latin pop,track,El Corrido,2001.0,4GS8J5N1MAprTeeW8FX8p4
Miguel Bosé,latin pop,track,Tictac,2001.0,5kbvxs6JTzyAE91pFW4ONB
Los Originales De San Juan,latin pop,track,El Cara De Chango,2001.0,7KMdIEMwPXdB0ZCQlfo8Xz
Aleks Syntek,latin pop,track,De Noche En La Ciudad,2001.0,22TVnBgmMkYNlgRxxatDDs
Glup!,latin pop,track,Complice Eterno,2001.0,5njFCHCaUvHQSqNFluZ36A
Miguel Bosé,latin pop,track,La noche me gusta,2001.0,1zdcrUNgYCZQLs239w6oIj
Los Cachorros de Juan Villarreal,latin pop,track,Se Les Pelo Baltazar,2001.0,6WuJdz1dLYTK9sTgl4gXxg
Los Legendarios,latin pop,track,No Peleamos Tanto,2001.0,4ExGHXmtvoqkReNPI48vs4
Tru La La,latin pop,track,La Gaita De La Cenicienta,2001.0,5wHIC57BroB3t0aoWGFbKT
Tru La La,latin pop,track,Tres,2001.0,72fQ9LCgz0Ylrv151wU94i
Chayanne,latin pop,track,Mariana Mambo,2001.0,1HVSlXBjFtPPbLnkjZvHkR
Enrique Iglesias,latin pop,track,She Be The One,2001.0,3O643B26KZBVkcGJcLpucv
Sin Bandera,latin pop,track,Para Alcanzarte,2001.0,2YoFMZevnX9G6vDcmNhSh7
Marc Anthony,latin pop,track,Nada Personal,2001.0,2RJVcawciSWFpp81jFDRVj
Walter Olmos,latin pop,track,Ya Me Voy,2001.0,3ZIx1F3UK3o26CH87zpnVr
Malú,latin pop,track,"Te Amaré, Te Odiaré",2001.0,3LcEJauXgXtFgQ8AcmqMcw
Huey Dunbar,latin pop,track,Ella - Pop,2001.0,6p7ExVZMbxgULiOtbagZmd
Bacilos,latin pop,track,Lo Mismo Que Yo,2001.0,2VSpIWhhnuX3uff8lev6XX
Lorena,latin pop,track,Como Yo No Hay Ninguna,2001.0,1xLxztf8sohwikq24dG3AJ
Beto Quintanilla,latin pop,track,Arturo Garza Treviño,2001.0,5ku0JdLREAA5msDvdT7jXM
Marc Anthony,latin pop,track,Tragedy,2001.0,5iFFu1vQjbjcHmAMjvMaNj
Laura Miller,latin pop,track,Dispara,2001.0,4pA5bjkuwWJ9b7XqbynBSV
Walter Olmos,latin pop,track,Enamorado De Ti,2001.0,5IvwoPJK3IUY9eQUfdLoYJ
Carlos Vives,latin pop,track,Santa Elegia,2001.0,26YnsQBrhbZJtVmftMgM4V
Rodrigo,latin pop,track,La mano de Dios,2001.0,7HPE3gX2LPxRAGlzyMg14u
Enrique Iglesias,latin pop,track,Maybe - Mark Taylor Version,2001.0,4eFDdBL9uR5VigQe6QLagG
Jean Carlos,latin pop,track,Tu Recuerdo,2001.0,0MAY27DWhl23FD7aAIviL4
Thalia,latin pop,track,Amor A La Mexicana,2001.0,523gZU4PTmWFLE5umqYZUJ
Sin Bandera,latin pop,track,A Primera Vista,2001.0,3F3fe3Fke6HryAz2jCj7Ki
Miguel Bosé,latin pop,track,A millones de km. de aquí,2001.0,0AWqwLSeNcovmTTmBguxTg
Alejandra Guzman,latin pop,track,De Verdad,2001.0,0C5cuiFvMM2uGp0Csf5mbk
Ricardo Montaner,latin pop,track,Moliendo Café,2001.0,69qTDQiU56KpjrrlYd6cWC
Sin Bandera,latin pop,track,No Neguemos el Amor,2001.0,1V8Vk2SROKBY1SkCuannMK
Walter Olmos,latin pop,track,Flor De Papel,2001.0,0ClmFraorVwTcZHG6AXDyU
Diego Torres,latin pop,track,Si Tu Te Vas,2001.0,5FdS0M6aUXYdLMoJ07pd2z
Clave Cubana,latin pop,track,Dámelo,2001.0,1Naf9zFv0DjVmZrMYXNSse
La Barra,latin pop,track,No Te Pareces a Nadie,2001.0,1QsdcGgBLHZceifTJ09hBp
Alejandra Guzman,latin pop,track,Volveré a Amar,2001.0,7BSFRpiPRrOofQqXuzKz49
Beto Quintanilla,latin pop,track,Pepe Guerra,2001.0,7sPzaC3JLk7YpHGHzSTJMK
Carlos Vives,latin pop,track,Papadio,2001.0,7CZrboI6CwrUoAapfwynwm
Carlos Vives,latin pop,track,Maria Teresa,2001.0,1rWz5bVvaLzg7lw3ffW0O0
Beto Quintanilla,latin pop,track,El Cobrador de la Mafia,2001.0,1mb8nyIkCMEZARIqhorKLU
Enrique Iglesias,latin pop,track,If The World Crashes Down,2001.0,3tEFlPUOexZwkpgOgESX2K
Tommy Torres,latin pop,track,Como Olvidar,2001.0,73bxJxJ0srKjmwlCvConsD
La Mona Jimenez,latin pop,track,El Marginal,2001.0,3E78p8FVQQDktDJbdYjiju
Andrés Cepeda,latin pop,track,Sabrá Dios,2001.0,5vUTNNN97eJf9H68aHsa5K
Jon Secada,latin pop,track,Otro Día Más Sin Verte,2001.0,2p66skbZggvJy7Dcg4A95v
Enrique Iglesias,latin pop,track,One Night Stand,2001.0,29XXuizhXIgznnJFoI46VP
Diego Torres,latin pop,track,Quisiera,2001.0,3OuH70gOw41AdTddInqWzR
Sabroso,latin pop,track,Yo Mañana,2001.0,2fdvkGreqqwKexyoDMNMtK
Alejandra Guzman,latin pop,track,Abrázame,2001.0,65vj7NYfgXjYqODJ7w6Z23
Draco Rosa,latin pop,track,Más y Más (Crash Push),2001.0,2ztC4RuO8oG8OWcB6acQec
Juanes,latin pop,track,Un Día Normal,2002.0,4ONYtVLVISTCTbC6PojnQy
Bacilos,latin pop,track,Solo un Segundo,2002.0,1hMQi73KABRBsxSmFNnxBS
Ricardo Arjona,latin pop,track,Duele Verte,2002.0,3lCEKPzDk6VZRUZtD6OusZ
Thalia,latin pop,track,No Me Enseñaste,2002.0,37QuCMe2SASXrkLm5NhT5m
Alejandra Guzman,latin pop,track,Llama Por Favor,2002.0,0gGVITim8gdAAnycAbJlu6
Chayanne,latin pop,track,Completamente Enamorados,2002.0,1zU6PCdQxUu1tMT5xbc6x5
Marc Anthony,latin pop,track,Tragedia,2002.0,2TYsieEy8GcU0O3C8giiH6
Enrique Iglesias,latin pop,track,Para Qué La Vida,2002.0,4ZwU8VMYnkigKVJgSgTBtK
Nek,latin pop,track,Tan sólo tú (feat. Laura Pausini),2002.0,3dzRnfdfWWBJrfwFxB7WeB
La Quinta Estacion,latin pop,track,Dónde Irán,2002.0,1cO4JduwcbY7hLHmn2G6Oy
Francisco Céspedes,latin pop,track,Te soñé lluvia de abril,2002.0,4f4g9gkR7E4ub1wXVdleAH
Marc Anthony,latin pop,track,Te Tengo Aquí,2002.0,2WFcOTxU9iUkhNvVDxXOAF
Paulina Rubio,latin pop,track,Baila Casanova,2002.0,0ztfQ5ThvciZnP9I4HOYpS
Cabas,latin pop,track,Mi Bombom,2002.0,29ET4ONM7UGb5fIbLfHoDK
Monica Naranjo,latin pop,track,Sacrificio,2002.0,4EPzePB6MBdmxo89OZDxZn
Shakira,latin pop,track,Estoy Aquí,2002.0,117PkfBYudl1lSoFFAvOM4
David Bisbal,latin pop,track,Por Tí,2002.0,5Z1OtX1pBghZfi2DIF2IAM
La Quinta Estacion,latin pop,track,Perdición,2002.0,63UVQxIQeteRdhyQXeu59J
Thalia,latin pop,track,No Me Enseñaste,2002.0,0AhtxBg5OU06Lh086URR5c
Shakira,latin pop,track,"Ciega, Sordomuda",2002.0,2KeFEmC9tWtNaF2hZ7yLpm
Enrique Iglesias,latin pop,track,La Chica De Ayer,2002.0,2kGflpDFBexojT5vIu6tmr
Shakira,latin pop,track,Inevitable,2002.0,2gxSaoTORdXmNLUpsNFbQk
Ricardo Arjona,latin pop,track,Dame,2002.0,0yW1i6nCr5K1G04yLXoVAY
Paulina Rubio,latin pop,track,Todo Mi Amor,2002.0,099lR7Nk98XlEzGW1ByRci
Enrique Iglesias,latin pop,track,Mentiroso,2002.0,2pOkvQHdkBmIicUQNKMH8A
Paulina Rubio,latin pop,track,Y Yo Sigo Aqui,2002.0,6wHLwXw6abCjFSv0HRJ16m
Thalia,latin pop,track,A Quien Le Importa,2002.0,375m9HRyizKh54o7ounCtW
David Bisbal,latin pop,track,Dígale,2002.0,5OKrgU6UuGMp4sGRxv1JH2
Chayanne,latin pop,track,Provócame,2002.0,5ycQatSgvV36zWAG5EqyWn
David Bisbal,latin pop,track,Un Amor Que Viene Y Va,2002.0,1KTvoouIqHCIfQj8v71von
Alejandro Fernández,latin pop,track,Popurrí Vicente Fernández,2002.0,6MpC1IWrMumeG0GOzYChwL
Cristian Castro,latin pop,track,Lloviendo Estrellas,2002.0,5b00r2xveYfVIOExZJJ395
Juanes,latin pop,track,La Paga,2002.0,2VRArF8Mnmi1dHiHr1DlNE
Enrique Iglesias,latin pop,track,Quizás,2002.0,1iC6iDolyChCB8wTBujAff
Alejandro Fernández,latin pop,track,Popurrí Bravío,2002.0,2zCjnGQFGWDEmiGPqcbYZC
David Bisbal,latin pop,track,Lloraré Las Penas,2002.0,02LY9cHQcP3g9wtDfykKDs
La Gran Banda,latin pop,track,Popurri Franco de Vita,2002.0,48qh246VPzVwVP7eqFZAaS
Chayanne,latin pop,track,Torero,2002.0,709CndJJB3GTUhQD0LLFse
Ricardo Arjona,latin pop,track,El Problema,2002.0,4xOH4JowajfqHegIJ07EJV
Juanes,latin pop,track,A Dios Le Pido,2002.0,129lYDVKnWtlJc2PZJviuA
Ricardo Arjona,latin pop,track,Minutos,2002.0,2vGUmuGUjtUG7iM5yTHKkZ
Bacilos,latin pop,track,Mi Primer Millon,2002.0,5fSDXbY8o9pA3TKwAbfwML
David Bisbal,latin pop,track,Ave María,2002.0,5U4pDBaeq2Jl2dKuWWUSsh
Juanes,latin pop,track,Fotografía,2002.0,0dEPlb8waIqRtKpLb3l6So
Cristian Castro,latin pop,track,Azul,2002.0,6pHCJmx9FXnMwEqB0LWUEH
Shakira,latin pop,track,Antología,2002.0,1I1DRPWM8iIYEbsuGMbaR3
Bacilos,latin pop,track,Caraluna,2002.0,7DhYjNLksXZhbRQeheAums
Juanes,latin pop,track,Es Por Ti,2002.0,3b1IQflSLrgzYQPGFzI9cl
Chayanne,latin pop,track,Y Tú Te Vas,2002.0,7zuwr7YqqpveNtxlKe1vn6
Chayanne,latin pop,track,Dejaría Todo,2002.0,7cKDTgEOfhG4v6R8HngRrP
La Mona Jimenez,latin pop,track,Se fue,2002.0,6Es83FjDD83UvyUy5m0X74
Ricardo Arjona,latin pop,track,La Nena (Bitácora de un Secuestro),2002.0,6sV9GIG1pDy7jUnf6braCk
Paulina Rubio,latin pop,track,Si Tu Te Vas - Radio Edit,2002.0,2IrrDz9olCSv3fsZS7xIhb
Thalia,latin pop,track,A Quien Le Importa,2002.0,0R5da1qbsZ8juxK3Dm8XCw
Marc Anthony,latin pop,track,Te Tengo Aquí,2002.0,3hfKFGusZM8sJiGDgVQVT8
Ricardo Arjona,latin pop,track,Me Dejaste,2002.0,6mHk4QKnXLufSVNiNvFCC1
Chayanne,latin pop,track,Dejaría Todo,2002.0,5YT1NfgHvrJUhgoHrvD9h7
Paulina Rubio,latin pop,track,Baila Casanova,2002.0,3Eva9s897g07rSWgEguJOY
Juanes,latin pop,track,Es Por Ti,2002.0,2b4fX8Vl1i5tedaBYkiP6W
Shakira,latin pop,track,Ojos Así,2002.0,53omHAZC5Onf7gLzSOOtMP
Chayanne,latin pop,track,Torero,2002.0,6UG9lLE4MPV8SouNVJYpkN
David Bisbal,latin pop,track,Como Será,2002.0,7v8DdksZuxCvnVQzedXAMX
Ricardo Arjona,latin pop,track,Amarte a Ti,2002.0,5W4DHdoiuoEbrJkBHN56e9
Ricardo Arjona,latin pop,track,Vivir Sin Ti Es Posible,2002.0,5DLTNshwjXb2JIgUbR41bd
Shakira,latin pop,track,Si Te Vas,2002.0,5tdWyz9U3pbmenWJfG1bDj
Thalia,latin pop,track,Tu Y Yo,2002.0,4lFWOpDoGH8OSqMgKJ32qD
Bacilos,latin pop,track,Viejo,2002.0,7jW99uQlNY8bnkUBT0ilIu
Ricardo Arjona,latin pop,track,Santo Pecado,2002.0,72fhjTH15gMG2aq0POwTeS
Shakira,latin pop,track,"Te Aviso, Te Anuncio (Tango)",2002.0,2hdlRbfA2Jrq0oc34CPbcp
Thalia,latin pop,track,Tu Y Yo,2002.0,6PA4trXSB295HB7uvB1lQx
Enrique Iglesias,latin pop,track,Marta,2002.0,5yF33pmtR39xmPI2yHeOgW
Juanes,latin pop,track,Luna,2002.0,7sCu8xWNkxfzjoZU6aQSf1
Chayanne,latin pop,track,Este Ritmo Se Baila Así,2002.0,6sXmREN5oJXB0rZqSjMNXV
Chayanne,latin pop,track,Salome - Club Mix-Radio Edit,2002.0,3ph3PlBkcBaMvjjpV7PbSO
Chayanne,latin pop,track,Tal Vez Es Amor (Talvez Seja Amor),2002.0,0MBg2LC84VxPrQrFQbilIL
David Bisbal,latin pop,track,Miénteme - Versión Gala Eurovisión,2002.0,2FHtaajACxj1cSbiqwUYnS
David Bisbal,latin pop,track,Por Cuanto Tiempo,2002.0,6uVA8QHCusfbZ8OsRvORN8
Chayanne,latin pop,track,Y Tú Te Vas,2002.0,5kFv2rK2ZmvxGSWaXFJejh
Shakira,latin pop,track,Que Me Quedes Tú,2002.0,7rl3NjLzloRZGki6Vxuz5l
Juanes,latin pop,track,La Noche,2002.0,2KHPw123JFMMEzPa30vfyD
Cubismo,latin pop,track,Morenita,2002.0,0lygXGSf5bI10nmOvQsTnC
Shakira,latin pop,track,"Suerte (Whenever, Wherever)",2002.0,6fNOLHy8VxBsKxy1D41EVz
La Barra,latin pop,track,Y No Voy a Llorar,2002.0,2QGHMlCqgRnAyuzV8BzaCY
Ricardo Montaner,latin pop,track,Verte Dormida,2002.0,4EN7lz0KaRxlRWnV4IM2SK
Chayanne,latin pop,track,Torero,2002.0,4YaPrZIhSz7IvZ3ioe35MP
Ricardo Arjona,latin pop,track,Se Fue,2002.0,23Q8Oqu7uV0Q9jMzd9uYXA
Shakira,latin pop,track,Donde Estas Corazon,2002.0,2QxdPHAHWvC0kjpFepDjb3
Ricardo Arjona,latin pop,track,No Sirve de Nada,2002.0,0QlD8xXyFtos3oSV6gkiqc
Edwin Bonilla,latin pop,track,Cuenta Bien,2002.0,5uAUdYqKxwofLV0p47ED5Y
Ricardo Arjona,latin pop,track,Mujer de Lujo,2002.0,3tzN7pMArwfkC2lcPNQyQ5
Shakira,latin pop,track,Moscas en la Casa,2002.0,0DvW1OmI9N7ikF1yyHGiWr
Enrique Iglesias,latin pop,track,Pienso En Tí,2002.0,1q7roFQrcvaE8SfIh7gdiA
Shakira,latin pop,track,Un Poco de Amor,2002.0,6L2b1t7U13zxwDXHWSjHQk
Chayanne,latin pop,track,Baila Baila - Meme's Boriqua Radio Edit,2002.0,3XnzgERoQSbifUuIAom5n8
Enrique Iglesias,latin pop,track,Tres Palabras,2002.0,0kPAmxMrDiE7f34YjfRKoV
Los Fachero´s,latin pop,track,Popurri de cumbia,2002.0,330pauUZZo8hIdcKssZATO
Alejandro Fernández,latin pop,track,Popurrí Boleros,2002.0,3wkR6JVdtcgv55KRI745Ur
Alejandro Fernández,latin pop,track,Popurrí Juan Gabriel,2002.0,3bVBAD0ge76WPtwNGx96m2
Alejandro Fernández,latin pop,track,Popurrí Agustín Lara,2002.0,6a2fmGgwOqHl1hba7fxccu
Raulin Rodriguez,latin pop,track,Olvido / Ahora Seremos Felices - Medley,2002.0,28g4IGIWnJbrhV253Ftn9J
Sabroso,latin pop,track,Año Tras Año,2002.0,0m9dxnxcHfFN2ue3HaF6Cr
Los Playeros,latin pop,track,Velocidad Ayudame,2002.0,7wvGq9W94I8LIW8FN4RH3s
Los Playeros,latin pop,track,Heaven,2002.0,1OdRQMSMf9g33KMK9NgnvD
Los Fachero´s,latin pop,track,Popurri de cachaca piru,2002.0,4fUrN0zQgDYBoqE4etfSiX
Los Incomparables De Tijuana,latin pop,track,El Numero Uno,2002.0,517C3ko96edIA8XMh5nE3R
Los Playeros,latin pop,track,Por Arte de Magia,2002.0,2TS6RQe5KGeb9zIdgw36kS
Ricardo Montaner,latin pop,track,Suma,2002.0,52wiF41dm9HxSwyRtpslqA
Banda XXI,latin pop,track,El Mismo Calor,2002.0,0yQ8WCbJvF4HmrsSYqKqwn
Banda XXI,latin pop,track,Hasta El Sol De Hoy,2002.0,0VW1hw52s4fQEz8LehbrQz
Andrés Cepeda,latin pop,track,Amor Gitano - En Vivo,2002.0,2V3DlBF9zxjgy9vBRc0SNQ
La Quinta Estacion,latin pop,track,No Quiero Perderte,2002.0,1RVFVGBacvM8bcNxmMqVGV
Juanes,latin pop,track,La Paga,2002.0,4V9F7MamYBlp4EUIqm4poK
Ricardo Arjona,latin pop,track,Señor Juez,2002.0,3jnEjDfCItCjzM627XfD1H
Juanes,latin pop,track,La Única,2002.0,2fUy1oHu93MBBlLcGLd9sj
Miranda!,latin pop,track,Mentira,2002.0,3oxwfJItXS1kLygDRghzaY
Enrique Iglesias,latin pop,track,Suéltame Las Riendas,2002.0,0KC8dMJ9dnAc9t6Nndpqpq
Los Playeros,latin pop,track,Así Fue,2002.0,5J0nkHwhddFxg1VTkHA85z
Eydie Gormé,latin pop,track,Quién Será,2002.0,2Fo0vZOejuefi6JSvd4st3
Mai Meneses,latin pop,track,Vuelve,2002.0,1ZdVll0cSzltFYWEvt3ds9
Chayanne,latin pop,track,Candela,2002.0,4c27AuV1gusy4TS3GIPYPo
Chayanne,latin pop,track,Fiesta En América,2002.0,1H8KC8nA2Tzih6MkpO00o1
Chayanne,latin pop,track,Y Tú Te Vas - Dance Mix Radio Edit),2002.0,6zKarVXMqbYlxOaJ1hGhHK
Chayanne,latin pop,track,Tu Pirata Soy Yo,2002.0,0N963YYI8p4NTq4I9fR3xW
Chayanne,latin pop,track,Boom Boom,2002.0,4XP9YAIhueAUTdwm7VD6Mk
La Quinta Estacion,latin pop,track,Cuando Acaba la Noche,2002.0,1qnmXSk0cNLzqP2ndZia5n
Bacilos,latin pop,track,Nada Especial,2002.0,5yeC2v62PZFWwIKlLl6uQB
Amparanoia,latin pop,track,Ella baila bembé,2002.0,6mQ0nJeRu4oXpQYV66XgoH
Enrique Iglesias,latin pop,track,Mentiroso - Versión Mariachi,2002.0,6n1eCxU7vkkK0BeUc2fKlG
La Mona Jimenez,latin pop,track,Sé que te enamorarás,2002.0,0O0IdNHXtowo1mAD1PUlCm
Luis Miguel,latin pop,track,La Chica Del Bikini Azul,2002.0,1L2TRAA6QJAZTfjDTNQfrP
Juanes,latin pop,track,La Historia De Juan,2002.0,2eXxTSGMyKLlS7IiPelNo0
Aleks Syntek,latin pop,track,Mis Impulsos Sobre Ti - Remastered 2002,2002.0,0i0pCRaivPYaX9cK3psmdc
Banda XXI,latin pop,track,Preso,2002.0,6RIcRRyQZRCVReqwVLFIa2
Juanes,latin pop,track,Fotografía,2002.0,4nEf53WTmwGn0ABmmGzLkm
David Bisbal,latin pop,track,Corazón Latino - Versión Gala Eurovisión,2002.0,0vaZfORJRGiglA4vBVU87M
Miranda!,latin pop,track,Agua,2002.0,2EZwmBwxtpZeAiV7444CSy
Chayanne,latin pop,track,Yo Te Amo,2002.0,0iQ24T90IeqEzUtmgrj9gj
Ricardo Arjona,latin pop,track,"Quesos, Cosas, Casas",2002.0,4luGAioQlWOOAPkgjWjBK8
Juanes,latin pop,track,A Dios Le Pido,2002.0,2TFgo98tlwViHIkTalkFvy
Murga Contrafarsa,latin pop,track,Popurrí 2002 (La Feria),2002.0,50Zc4olHcloxNVI7yitsRY
Andy Aguilera,latin pop,track,Dime,2002.0,3GdfhHuhpBBpl4YRvmSNdJ
Shakira,latin pop,track,Tú - En Vivo Without Intro,2002.0,0UaUxcoHMk7NWE8LkVKnVY
Alejandra Guzman,latin pop,track,Bye Mamá,2002.0,1aNFo5UENYhKLwFWuXxTEO
La Quinta Estacion,latin pop,track,Cinco Estaciones,2002.0,0oOLZXRqtoMB4vleSh8bmp
Carlos Ponce,latin pop,track,Mujer Con Pantalones,2002.0,3XAAUtGbmQN67ud8j1DfxN
Víctor Manuelle,latin pop,track,Nuestro Amor Se Ha Vuelto Ayer (feat. Yuridia) - Balad Version,2002.0,2nFTPfK2wLzYxfIxsyvyrL
Shakira,latin pop,track,No Creo - En Vivo,2002.0,2N2yP5pM8VIZHdJR3dENT2
Bacilos,latin pop,track,Odio el Silencio,2002.0,4Zb9ucITVICKxwIEsQO2Hb
La Quinta Estacion,latin pop,track,Coma,2002.0,179Jg39ugbWamMkSmNxwrs
Juan Formell y Los Van Van,latin pop,track,Tim-Pop Con Birdland - Live,2002.0,6Spk2dTC991gsGUEMqMx1F
Salsa Celtica,latin pop,track,El Sol de la Noche,2003.0,0PAf4n8jN2Jo6QXcqirRVq
Sebastian,latin pop,track,"Movidito, Movidito",2003.0,4vuAGFx1zODRVkof7x68L5
Ha*Ash,latin pop,track,Odio Amarte,2003.0,0x6kwMLhwr0w4xjdv6tVqG
Belinda,latin pop,track,Lo Siento (I'm Sorry),2003.0,0UCUBDg2qDlltWU13Z2TCS
Ricky Martin,latin pop,track,Asignatura Pendiente,2003.0,4nYE8K5ozd9HNfB2RC8o2c
Belinda,latin pop,track,Ángel - Once in Your Lifetime,2003.0,46byx3nwRDZwZ0dxPZNs0G
Los Tucanes De Tijuana,latin pop,track,El Águila Blanca,2003.0,0crJsMs5FmnMHvQG1itkc0
Sin Bandera,latin pop,track,Sirena,2003.0,1fjB9hdAjlHSS9oH5z63qt
Mauricio & PalodeAgua,latin pop,track,Niña,2003.0,6hHxqj04s5BbpoNGz25GUm
Julieta Venegas,latin pop,track,Algo Está Cambiando,2003.0,7mJG18yZGq0aXKWNtK3FQf
Yahir,latin pop,track,Alucinado,2003.0,3gKm2TjAkLUNpJC1WKOzjX
Chayanne,latin pop,track,Sentada Aqui En Mi Alma,2003.0,05QhG4JOkDSPh4OsUCAUvM
Sin Bandera,latin pop,track,ABC,2003.0,0mmMUWiltf5jD93FUp95dF
Ha*Ash,latin pop,track,Estés Donde Estés,2003.0,7pZzzxLTZepcPfHIHI7JlG
Jimmy Sabater,latin pop,track,Salchicha Con Huevos,2003.0,3PHOvc52gpS8YcEHDr7vZ5
Julieta Venegas,latin pop,track,Mala Memoria,2003.0,1etbG9pmtMYEZwlRItSbv0
Ricky Martin,latin pop,track,Jaleo - Spanish,2003.0,08xZG0V17TQTYT7PDZhyY7
Luis Miguel,latin pop,track,Con tus besos,2003.0,2hVJZYW7DDLYK8uan3ApQP
Willie Bobo,latin pop,track,Evil Ways,2003.0,6Gx5k2tGO5UdoiSv3g8R8u
Luis Miguel,latin pop,track,Y sigo,2003.0,1BsM8HsSqi81X6KUiTl3sE
Chayanne,latin pop,track,Un Siglo Sin Ti,2003.0,145YOwjGncJQZPKbfol7Xr
Jarabe De Palo,latin pop,track,La flaca,2003.0,5Q5cOc0UpDGYYaFoaQ99Dg
Sin Bandera,latin pop,track,Amor Real,2003.0,61rsH7JH62uJcOiPRAOvKY
Chayanne,latin pop,track,Sentada Aqui En Mi Alma,2003.0,70kfpExtOI8VSUlk4vkxyE
Plastilina Mosh,latin pop,track,Peligroso Pop,2003.0,5lwPvoxq9H3eAawY4236zP
La Oreja de Van Gogh,latin pop,track,Vestido Azul,2003.0,0GyksGKFXH50Lx737ahxIq
La Oreja de Van Gogh,latin pop,track,La Paz de Tus Ojos,2003.0,10px1TLPZC46Q7NGLGlScj
La Oreja de Van Gogh,latin pop,track,Bonustrack,2003.0,4cq1yyPKv20z2wFJbxmjx6
Latin Dreams,latin pop,track,Quiero una Chica,2003.0,5SLr9gbC0irFDJQx5gY3p4
La Oreja de Van Gogh,latin pop,track,Deseos de Cosas Imposibles,2003.0,6CIDsqMEEsBJf5Cv6RbuGw
La Oreja de Van Gogh,latin pop,track,Geografía,2003.0,0iTJV7IHhkgzWk5x0WgUHy
La Oreja de Van Gogh,latin pop,track,La Esperanza Debida,2003.0,3HJqWWSjzOu3ARrmo8Mty3
La Oreja de Van Gogh,latin pop,track,Perdóname,2003.0,1ZQoMVoisNR2UzZ54hWmnl
La Oreja de Van Gogh,latin pop,track,Adios,2003.0,5bo1oCnwAOAXgehjY4R93w
La Oreja de Van Gogh,latin pop,track,Un Mundo Mejor,2003.0,1D97lYCc4BewQvoWJTBSr9
La Oreja de Van Gogh,latin pop,track,Tu y Yo,2003.0,5BDkEEL7UK2JlUwi9I2UfX
Ricky Martin,latin pop,track,Tal Vez,2003.0,2VspVkHity8i4H9jammhhR
David Bisbal,latin pop,track,Miénteme,2003.0,4dOHi9ktRjFRAIsMYo4oly
La Oreja de Van Gogh,latin pop,track,Puedes Contar Conmigo,2003.0,1hbWtHgRDG25DkmxE4I28V
Luis Miguel,latin pop,track,Te necesito,2003.0,0svWUjefj6RBlIQxA3VCvx
Sin Bandera,latin pop,track,Mientes Tan Bien,2003.0,072YgF7J2clpY8DsWOpEri
La Oreja de Van Gogh,latin pop,track,Rosas,2003.0,4waqcUQWdj0yH26STWl2Rq
Julieta Venegas,latin pop,track,Lento,2003.0,2NsMwNWumJXCdTg2IZCLZ5
Sin Bandera,latin pop,track,Entra en Mi Vida,2003.0,4W6za66pgH7QBbeiU9kS1v
Michael Bublé,latin pop,track,Sway,2003.0,2ajUl8lBLAXOXNpG4NEPMz
Luis Miguel,latin pop,track,Eres,2003.0,1yJUzwqF3PRiQ0KEDy4kYc
Julieta Venegas,latin pop,track,Andar Conmigo,2003.0,05iMQqncVBIm4AE26EvaTL
Sin Bandera,latin pop,track,Que Lloro,2003.0,62clthR0fZmLbxeqxVJatQ
La Oreja de Van Gogh,latin pop,track,Nadie Como Tú,2003.0,4ybdTQiPB5RrbVgRMwlBNk
Gloria Estefan,latin pop,track,Hoy - Spanish Version,2003.0,2rC1TQ26lYD1PouF63cePN
Grupo Exterminador,latin pop,track,De Parranda Con El Diablo,2003.0,4m7tY7ExoJLvT3TCLMTbjC
Tranzas,latin pop,track,Dile,2003.0,0aE5nL6SOAtlf6R7i3L2Dm
La Barra,latin pop,track,Se Nos Fue El Amor,2003.0,1sbxmS84Y0roWOoUlKySlv
Tru La La,latin pop,track,Mi Cama No Habla,2003.0,6wcnesWi7KJsghP4vP2fDb
Sin Bandera,latin pop,track,Kilómetros,2003.0,1AfAFpHJ7s4unBIhe3NM5j
Grupo Exterminador,latin pop,track,El Padre De Todos,2003.0,5GGDg9pSjL56edWEhwYJbz
Los Tucanes De Tijuana,latin pop,track,El Regreso Del Chapo,2003.0,4baEwCzla3yCyz21uhOFLp
Latin Dreams,latin pop,track,Vuelve,2003.0,1QYQaNlkmzIol3BdqFtGqb
Ricky Martin,latin pop,track,Y Todo Queda en Nada,2003.0,6x0Tz7QnEmjf6Zvxn4UCzS
Banda XXI,latin pop,track,Olvídala,2003.0,1l3xyA0rIKdin3AKyDyVDj
Mauricio & PalodeAgua,latin pop,track,Canto Caribeño,2003.0,4xZaDUWSevOPyCFJjhbcDn
Sin Bandera,latin pop,track,De Viaje,2003.0,0MVNsbQdPOgJRhP24zLbeE
Rey Ruiz,latin pop,track,El Diablo Anda Suelto,2003.0,71I84KMfgEIrsgvwKDCpuq
Danni Ubeda,latin pop,track,Pídeme,2003.0,78dpORbomspz2HK64V0i74
Yámana,latin pop,track,Ven A Bailar,2003.0,5zQjeUSdve9t7QTHmZe7fz
Alexandre Pires,latin pop,track,Sólo Que Me Falta (with Alejandro Sanz),2003.0,48uSfeEJXoiGXCqkHauSOF
OBK,latin pop,track,Sálvame,2003.0,6YF5JHpLikEnZRMgG66iar
Belinda,latin pop,track,Vivir - Any Better,2003.0,4iygID6PWnRGNk9pqBpHE6
Tiziano Ferro,latin pop,track,Perverso,2003.0,7bL7Yjqj59rlxYPYyk0gt4
Ana Torroja,latin pop,track,"Veinte Mariposas - Sobre la Obra ""Hidden Like a Secret""",2003.0,0SK2FNUUqi3PnUWfuyAOnJ
Patricia Manterola,latin pop,track,Quédate Conmigo,2003.0,0D1rwu0tpleftqM7hDdKoh
Enrique Iglesias,latin pop,track,Adicto,2003.0,7pVDljvUXM0TmkLXUp23G0
Luis Miguel,latin pop,track,Vuelve,2003.0,1mK6wityZTg1vih9U989hY
Ha*Ash,latin pop,track,Te Quedaste,2003.0,5sgVRcgRhRsIqn7IkIv7BW
Julieta Venegas,latin pop,track,Oleada,2003.0,2cIO8gKMYHKe7JjIoictxl
Luis Fonsi,latin pop,track,Yo Te Propongo,2003.0,14fWFRJIpHZKc0UPnZRHIz
Noelia,latin pop,track,Ya No Eres el Mismo,2003.0,4QlIXrSgcCiPleD3yQCMC1
Sin Bandera,latin pop,track,Contigo,2003.0,3KIyNrH4YAwccxJ3kjhz9b
Chayanne,latin pop,track,Caprichosa,2003.0,0kU4T9oQXxKbwPD5QtFGWm
Bacanos,latin pop,track,Sin Querer,2003.0,3FCoYa5u9BUPzjZGWQAhqK
Nika,latin pop,track,Ser Yo (Amused),2003.0,1x868M3RDzRwFvlF1adpT3
David Calzado y su Charanga Habanera,latin pop,track,"Soy Cubano, Soy Popular - Remasterizado",2003.0,4htj0my1XOuVECDJFjVyGl
Beto Quintanilla,latin pop,track,Las Águilas Andan Solas,2003.0,6wQjoZ4ffP7cAIfiwldEWZ
Moises Angulo,latin pop,track,Amor De Primavera,2003.0,0tMrKkpPIPykia6gFqDAni
Tru La La,latin pop,track,Sin Ti,2003.0,3hJgdd9aREX1gFztdLnjXb
Ha*Ash,latin pop,track,Si Pruebas una Vez (Sin Ti Me Vuelvo Loca),2003.0,1kWKfzoPVbB4ylkgWqXHc0
Danni Ubeda,latin pop,track,Tu Aire,2003.0,3wgO9qBBxLfuuDCe7sUfoi
Ana Torroja,latin pop,track,Quien Dice,2003.0,2Ed8DXXZ8zFcb2xo8wvLeM
Grupo Aliados,latin pop,track,Popurrí - En Vivo,2003.0,596slheCs79SM8CYyho8lo
Sin Bandera,latin pop,track,Te Vi Venir,2003.0,3jGGQIDuo8atu7d7iMzWCW
Danni Ubeda,latin pop,track,Bésame,2003.0,72XuKcde7CguZW7kSKdfzZ
Mauricio & PalodeAgua,latin pop,track,Darte Un Beso,2003.0,4HWXVoILwalyCfqqQUBWn0
Belinda,latin pop,track,No Entiendo - I Don't Understand You,2003.0,1Rf4xWEQqgkB0pcUkKr8JK
Ha*Ash,latin pop,track,Soy Mujer,2003.0,4n0WyBAOl6pXPYfxyD7vA5
Raul Paz,latin pop,track,Chica Mala,2003.0,3De6nJrPmW6EasrjAOeyDR
Sin Bandera,latin pop,track,Si Me Besas,2003.0,3CtWF4YeOTbnG1DX7vjUaf
Pepe Aguilar,latin pop,track,Popurri de Caballos: El Alazán y el Rosillo / Caballo Prieto Azabache / El Moro de Cumpas,2003.0,5kJrIx2ekOb70tsc6KZHqJ
Beto Quintanilla,latin pop,track,Le Compré la Muerte a Mi Hijo,2003.0,6AtUmPuWWUl0hfs6V8dsa6
Tiziano Ferro,latin pop,track,Quien no tiene talento enseña,2003.0,1t8awRtOE2j3V3XSd9Smlg
Paco Pineda y Su Grupo Tex Mex,latin pop,track,Popurri 1: La Palma / Hace Un Año / No Volveré / Una Noche Serena y Obscura / Tu Solo Tu / Paloma Sin Nido / Cartas Marcadas,2003.0,6GYydvCwc0DfmKyZnDqFoa
Beto Quintanilla,latin pop,track,El Rojo,2003.0,439olvx6C73lDts3E9TQB7
Tiziano Ferro,latin pop,track,Ciento Once,2003.0,21r3oSqZOsr1P67IdkHkXB
Geno,latin pop,track,Se Me Olvidó Otra Vez,2003.0,4CFhn9HAvdjx3fMYDVW4f0
Beto Quintanilla,latin pop,track,Escolta Suicida (El Corrido de los Zetas) - Remix,2003.0,2sKZebrstYwLcXsQBIAIVO
Beto Quintanilla,latin pop,track,El Ultimo Contrabando,2003.0,06hDJt1VHCJbIAjEsOxziU
Shalim,latin pop,track,Cuarto Sin Puerta,2003.0,5pgkHRo610eH0TNWh7lNri
Thalia,latin pop,track,Cerca De Ti,2003.0,40H9GX04paYy9eeqczWw8q
Thalia,latin pop,track,Me Pones Sexy,2003.0,0SYbiNCKWRg1KSjwPZESXn
Yuri Buenaventura,latin pop,track,El Guajiro Del Monte,2003.0,1zFt1pbKy2exLOYiGM2ENX
Banda XXI,latin pop,track,Amarte a Ti,2003.0,2IFHmRtYUOymHhkj669Aeb
Sebastian,latin pop,track,"Movidito, Movidito",2003.0,544UwvHBrQrKcrZSCUaUZ0
Mauricio & PalodeAgua,latin pop,track,Es Ella,2003.0,3JeorCawTt0xqjLToCrJkM
Julieta Venegas,latin pop,track,Nada Serio,2003.0,0xW3OKVhLIKS0b2l32pLIY
Jean Carlos,latin pop,track,No Me Cambies,2003.0,48s0CE5IwRLaDbaxAwF80j
Chayanne,latin pop,track,Santa Sofía,2003.0,6oSR1kPxzwO5ZwglehpxQR
Obie Bermudez,latin pop,track,4:30 A.M.,2003.0,4sYZ0zZ82FkCvhNzPw8gh2
Julieta Venegas,latin pop,track,A Tu Lado,2003.0,29kSigSqn99tlS4cqDBU2N
Ricardo Montaner,latin pop,track,Republica de la Alegria,2003.0,0F9yqrK8s0vh411EB3tF7T
Ricky Martin,latin pop,track,Nadie Más Que Tú,2003.0,0qk6JHF2K9KXN5r4H5kRbG
Ana Torroja,latin pop,track,Me Basta Con Creer (Mes prieres),2003.0,0lBCBsGhVuUHuxUYhskitc
Luis Fonsi,latin pop,track,Eso Que Llaman Amor,2003.0,7ADWbhSmsDqP52AulFswPc
Tiziano Ferro,latin pop,track,13 años,2003.0,4AYimjkk4DiLQUTe2r9g2V
Chayanne,latin pop,track,Un Siglo Sin Ti,2003.0,4heMVlRdkg842c7Twgv3yk
Qarto Aparte,latin pop,track,El Cuadrito,2003.0,7a7sbJvrEhglFpemz2HaT8
Julieta Venegas,latin pop,track,Alguien,2003.0,5KJPw8gTHLMihWwgBn8F0R
La Barra,latin pop,track,Tempestad,2003.0,39921colQh3WQIJJgAhjAu
Wakal,latin pop,track,Instrucciones Para Soñar,2003.0,7C8kVpsv295d4Ox1hgK8Nd
Andrés Cepeda,latin pop,track,Emborráchame de Amor,2003.0,6RNdrcE0OuAkHJBpFQo0YD
La Mona Jimenez,latin pop,track,Tu,2003.0,2Dj2eUfuYUh7YGJh1VfCMG
Michael Bublé,latin pop,track,Sway - Junkie XL Mix,2003.0,2y6NyYU50K5x4jl8jscDEP
Los Playeros,latin pop,track,Nada Quedara,2003.0,12ekV52KMsLrj9nnFYvJH0
Julieta Venegas,latin pop,track,Lo Que Pidas,2003.0,4CXOyz4BQCa34Q2dB5kZ4i
Wakal,latin pop,track,Show Merolico,2003.0,22xn8JEdqX2fiWQq0n5rR0
Chayanne,latin pop,track,Quédate Conmigo,2003.0,7zJ3JijTc1DfhD2NcbuwAJ
Cabas,latin pop,track,Bolita De Trapo,2003.0,1WN60t0Q63H6RyG8wLmMcN
Tiziano Ferro,latin pop,track,En el baño al aeropuerto,2003.0,1zTDAdxb312aTyp4yWHAEn
Melody,latin pop,track,T.Q.M.,2003.0,5aoKGpfrKHzSDUZH15hJTA
Ricky Martin,latin pop,track,Juramento,2003.0,0vgWziG6QHPC7DJZlSRPUJ
Banda XXI,latin pop,track,Tú Eres Ajena,2003.0,4WX9ReCXGTjRzo0SMJrSOg
Thalia,latin pop,track,"Mujer Latina - Remix ""Espana""",2003.0,6m7qGQUnsp3Xjytl4QiheQ
Jeremías,latin pop,track,Lo Que Yo Quiero,2003.0,2AoQ4PybwUg2Y5W07LCJHJ
Ricky Martin,latin pop,track,Besos De Fuego,2003.0,3saQAaDkVqigdYEltGcrOZ
La Fiesta,latin pop,track,Hoja en Blanco,2003.0,1ivmWVwLVZ2cgwywZjaRPk
Julieta Venegas,latin pop,track,Donde Quiero Estar,2003.0,53QBpomLtMXGVy6NHyFCbt
Grupo Exterminador,latin pop,track,El Verde De Guanajuato,2003.0,1MPFqNw9ES4plRtuWQBIIe
Papá Levante,latin pop,track,Sabor A Chocolate,2003.0,0o5MDtmKCs0E4YmkvpxqZm
Tiziano Ferro,latin pop,track,Mi abuela,2003.0,7b3yV0BzydUNODHckB89jw
Wakal,latin pop,track,Terraza Mantel,2003.0,75G24KBD52hdLDz6SrNcAW
Paco Pineda y Su Grupo Tex Mex,latin pop,track,Popurri 2: Ella / Que Suerte la Mia / Ya Viene Amaneciendo / Entre Copa y Copa (Penas del Alma) / Yo,2003.0,5rfhVKiUe1i8JSAg13tZer
Sin Bandera,latin pop,track,Puede Ser (with Presuntos Implicados),2003.0,5yqDH980agsZxPisBtQ9U0
El Cuarteto De Nos,latin pop,track,El Putón del Barrio,2004.0,6bkS2A8F8K373vYIt6SWa2
RBD,latin pop,track,Otro Día Que Va,2004.0,7FJThvbD5d8OIIbU9eNLGB
LU,latin pop,track,Por Besarte,2004.0,4q88IbAn47f7GCQIFhbYkL
Diego Torres,latin pop,track,Usted (feat. Vicentico) - MTV Unplugged,2004.0,08llaN4Lh6GCfd9aHInwB2
El Cuarteto De Nos,latin pop,track,Ya Te Vas a Mejorar,2004.0,5yZrqpe6JRhxBIE4IyUZSi
Miguel Bosé,latin pop,track,Olvídame tú,2004.0,0SxwhOX4K9JTlCgG9v5h4I
Diego Torres,latin pop,track,Sueños (with Julieta Venegas) - MTV Unplugged,2004.0,1NuWMB7R2FHid46XQYkFUV
La Oreja de Van Gogh,latin pop,track,Un Mundo Mejor,2004.0,26rh77CQGjN9QQ8YZnLDEs
Bacilos,latin pop,track,Guerras Perdidas,2004.0,4qiAuVrtmUpoJ33xsSWZi2
La Oreja de Van Gogh,latin pop,track,La Chica del Gorro Azul,2004.0,1aEsjwEVEQg9CD4EqqIrqT
Juanes,latin pop,track,A Dios Le Pido,2004.0,5dQVYFtcLA4pvTRiTFRFkC
Alejandro Sanz,latin pop,track,No es lo mismo,2004.0,6p7KLIvLhnACzXHuUi00zs
RBD,latin pop,track,Un Poco De Tu Amor,2004.0,64mK5Yd0rdGeXVkMFspEyt
La Oreja de Van Gogh,latin pop,track,Geografía,2004.0,4BV3QsNcVZcQRgWvnMeo8f
La Oreja de Van Gogh,latin pop,track,Nadie Como Tú,2004.0,1Xc6PLinBpFVw3jfCIWZG4
Marc Anthony,latin pop,track,Valio la Pena,2004.0,4mo2xJDIowOAtncj2635dr
Juanes,latin pop,track,La Camisa Negra,2004.0,2ZmCYW6bxYtvkthFexIFXL
Alejandro Sanz,latin pop,track,Eso,2004.0,62RF0gTFUbT6NXjYK8Q7R0
David Bisbal,latin pop,track,Desnúdate Mujer,2004.0,3ejAp9RPO0vzqmq1htIY27
Laura Pausini,latin pop,track,Escucha atento,2004.0,6iN0pAMMz0IP7ozNBuMXL3
Alejandro Sanz,latin pop,track,He sido tan feliz contigo,2004.0,3g6hBXeGQfyk9VP3WtJVHg
La Oreja de Van Gogh,latin pop,track,Deseos de Cosas Imposibles,2004.0,2wDvGnrOjQOZjXy34QFhlI
Alejandro Sanz,latin pop,track,Amiga mía,2004.0,73MuQb9jIoryiOig4hDQhT
La Quinta Estacion,latin pop,track,El Sol No Regresa,2004.0,2awKQgW88iq9jFM54VaCAp
RBD,latin pop,track,Enséñame,2004.0,3eo3Dw5OGSWCzJDVHLKE3v
Bacilos,latin pop,track,Pasos de Gigantes,2004.0,5cfyheAkmqThtjovwfQnD4
Gloria Estefan,latin pop,track,Hoy - Spanish Version,2004.0,0gwq583qFgPczMTFBCB9wu
Ricardo Arjona,latin pop,track,La Mujer Que No Soñé,2004.0,0Syf22EZIr7dCqL6Vua7bb
Franco De Vita,latin pop,track,Si la Ves (feat. Sin Bandera),2004.0,7xVEvr9wPXLPU286pCfYM3
Alejandro Fernández,latin pop,track,Canta Corazón,2004.0,3npbtkmTdUlRxGFxViDD0K
Paulina Rubio,latin pop,track,Te Quise Tanto,2004.0,1jhiZdK5oeY97rc3nu2YRO
Juanes,latin pop,track,La Camisa Negra,2004.0,2EM9zpAc7PVeoAydmbfVIL
RBD,latin pop,track,Rebelde,2004.0,56tOMi4N980gmsdUoyaLb3
RBD,latin pop,track,Sólo Quédate En Silencio,2004.0,2RJ1fg4qf2vgZKifTa4HgA
David Bisbal,latin pop,track,Oye El Boom,2004.0,2NX7IEg90aAZ4s3LK0Ebso
Juanes,latin pop,track,Nada Valgo Sin Tu Amor,2004.0,6QdwofpqDvvNxX88C9A0iQ
Juanes,latin pop,track,Para Tu Amor,2004.0,2quTytCTP9kKLvpveyO1mt
La Oreja de Van Gogh,latin pop,track,La Playa,2004.0,6RRATGxmfuG7yESPXfdysv
Franco De Vita,latin pop,track,Tú de Qué Vas,2004.0,66iygyOSvvoQQsKJ1vEXfT
La Oreja de Van Gogh,latin pop,track,Puedes Contar Conmigo,2004.0,3xQbgIqO1tmJMAz91CRiCK
RBD,latin pop,track,Sálvame,2004.0,3hbTkJ0yFzHbawnKyhvTQj
Alejandro Fernández,latin pop,track,Qué Voy a Hacer Con Mi Amor,2004.0,5JpOkusDXbxrcPj1Kd0O2Q
La Oreja de Van Gogh,latin pop,track,Rosas,2004.0,06p2Ij0lXD45LODQDCov0u
La Quinta Estacion,latin pop,track,Daría,2004.0,6zvh1pH7PwIib64b6uv7kT
Aleks Syntek,latin pop,track,Duele El Amor,2004.0,0oXLSuno5adlHcPzlzs8l6
Alejandro Sanz,latin pop,track,Regálame la silla donde te esperé,2004.0,1AUCKj7EyNoPRh4ZjDDo33
Alejandro Sanz,latin pop,track,No es lo mismo,2004.0,46jk84phtAjBnxFHZEy84d
Juanes,latin pop,track,Volverte A Ver,2004.0,2ZqFfDwNjKvPu3USx3onhO
Alejandro Fernández,latin pop,track,Me Dediqué a Perderte,2004.0,4NUt1fcnO9aQAELBgXq3Kr
La Quinta Estacion,latin pop,track,Algo Más,2004.0,3bJBWsVNUJ3hOIO6lQUKCj
RBD,latin pop,track,Santa No Soy,2004.0,5TsOI5oLN3PJexyp5jlspK
Marc Anthony,latin pop,track,Tan Solo Palabras,2004.0,0mUKppNt7UrwzGyiBdIq0w
La Quinta Estacion,latin pop,track,Niña,2004.0,6vNsiAMrtK7eEqK11F35ie
RBD,latin pop,track,Fuego,2004.0,5QIA7Vtt3RDf5mCaOlvHkn
RBD,latin pop,track,Futuro Ex - Novio,2004.0,6adofcKuKjIl78iwvWF5MM
Benny,latin pop,track,Si puedo volverte a ver (feat. Miguel Bosé),2004.0,0ElwdC8mGxdgJt2rxzTvTh
Aleks Syntek,latin pop,track,Te Soñé,2004.0,7odYiArHz46LerX6TlA4Se
Ricardo Arjona,latin pop,track,Asignatura Pendiente,2004.0,1k4LSYdds7X7JHXm5l9YkL
David Bisbal,latin pop,track,Ángel De La Noche,2004.0,5D0GpTI7ZcXjvCjwNCdLAE
La Quinta Estacion,latin pop,track,Flores de Alquiler,2004.0,2RLs2RDkWAELmu2m4CCZ3i
RBD,latin pop,track,Tenerte Y Quererte,2004.0,3YxD0wSTC9vw2EXsSOmUsp
Alejandro Sanz,latin pop,track,Tú no tienes alma,2004.0,47fv6verXe281dwrieoXNb
David Bisbal,latin pop,track,Amores Del Sur,2004.0,6qBqd6FnHbgrUo6Lwwv5qY
Juanes,latin pop,track,Lo Que Me Gusta A Mi,2004.0,722QPOI0pGJJ0Y0P6ETzgE
La Oreja de Van Gogh,latin pop,track,Puedes Contar Conmigo,2004.0,0UOYTWUp9EzsMRuN3R726V
Alejandro Sanz,latin pop,track,Tú no tienes alma,2004.0,7vtGe84FPFUBZXgFL3qU80
Miranda!,latin pop,track,Otra Vez,2004.0,7qFqxv04IUW1Dl7zENBanI
La Oreja de Van Gogh,latin pop,track,Vestido Azul,2004.0,2A9OVCfZ7DyR8Tbbx6QYU5
Alejandro Sanz,latin pop,track,Eso (con Omara Portuondo),2004.0,64q6PkxYZoPTKLA5jqKCnw
Alejandro Sanz,latin pop,track,Try to Save Your Song,2004.0,5KFjCHwhDtMc3IGSp2pUFE
Alejandro Sanz,latin pop,track,Eso (con Omara Portuondo),2004.0,7FCWUTYkWzXDmAOLgBCt5r
Alejandro Sanz,latin pop,track,Labana,2004.0,5WrsGGxXGTcfSNEg12Tjoj
David Bisbal,latin pop,track,Condenado A Tu Amor,2004.0,0aewbUQn03XYBznx3rx58o
La Oreja de Van Gogh,latin pop,track,20 de Enero,2004.0,6KOouWEVoXKdahdq67E6l2
Alejandro Sanz,latin pop,track,Mi soledad y yo,2004.0,0HF2v0OhCB24qGiHpoSuNv
Juanes,latin pop,track,Volverte A Ver,2004.0,0YBS01GBwIR9SrNeyuwRzS
Carlos Vives,latin pop,track,Como Tu,2004.0,5E4Y7yOBPNAYgVfKtVC4yr
La-33,latin pop,track,Que Rico Boogaloo,2004.0,3a6n2q7NcrAwgrZT3UOW1K
Marc Anthony,latin pop,track,Nada Personal,2004.0,3AoFNt08UsYBgx79I0MWGQ
Diego Torres,latin pop,track,Déjame Estar - MTV Unplugged,2004.0,2xCrInD5F9vbWn6DbpHkYc
Alejandro Sanz,latin pop,track,Hay un universo de pequeñas cosas,2004.0,6YsRE9a2aLFnfZZaEEpJXE
Alejandro Sanz,latin pop,track,Mi soledad y yo,2004.0,1ndQ68B7Djn7fCNWVWB7i7
La Oreja de Van Gogh,latin pop,track,Paris,2004.0,01Fk6q7uXnqI0Y4NFJUryc
Miranda!,latin pop,track,Tu Gurú,2004.0,5F54iA5AW7Z689lKdwopeR
La Oreja de Van Gogh,latin pop,track,Rosas,2004.0,6FbmE90ZTbhFt7X6HnhUQF
La Oreja de Van Gogh,latin pop,track,Deseos de Cosas Imposibles,2004.0,0ZEAesL0DVQT336lJUBJJN
Thalia,latin pop,track,Mujer Latina,2004.0,4jNQhO0UX7rwoJ1dqDrH7x
Obie Bermudez,latin pop,track,Todo El Año,2004.0,4M4vvuqJEQSD0qAeAHwOhW
Alejandro Sanz,latin pop,track,Al olvido invito yo,2004.0,6YN6Mf2Fj9GPviVWcMW9ry
Marc Anthony,latin pop,track,Valio la Pena,2004.0,3Ll4D5HXvICXck8KmOjytI
Marc Anthony,latin pop,track,Tan Solo Palabras,2004.0,1qAFUcEybCAVRLsKDtDGeS
Marc Anthony,latin pop,track,Tu Amor Me Hace Bien,2004.0,4o3afy7JwsN7bT7V163y77
La Oreja de Van Gogh,latin pop,track,Paris (with Pablo Villafranca) - Versión Francés-Español,2004.0,3S2MTEYXzAu1YnTmdKWmeW
La Oreja de Van Gogh,latin pop,track,Cuídate,2004.0,4b3v2nTkIAeA2PRaxGn7iT
Marc Anthony,latin pop,track,Valio la Pena,2004.0,61Si0tGeB2zPc1izkQqNFK
Alejandro Sanz,latin pop,track,He sido tan feliz contigo,2004.0,0HLYWcZ9LWMqPZkDU98Rn2
Lucas Arnau,latin pop,track,Te Doy Mi Vida,2004.0,2WveHlo9BiLG3ppkjpd3Mc
David Bisbal,latin pop,track,Se Acaba,2004.0,6hqB6tQAxp0s17hqi9Edhw
Alejandro Sanz,latin pop,track,"Hoy llueve, hoy duele",2004.0,019vPwvFzMcpHDgr6YWGHF
Alejandro Sanz,latin pop,track,Cuando nadie me ve,2004.0,2263Za725p6KB7tvrCnid8
Yahir,latin pop,track,"Fue Ella, Fui Yo",2004.0,314OH7x27DDjtU21dRIF06
El Cuarteto De Nos,latin pop,track,Siempre Que Escucho al Cuarteto,2004.0,6NCMEe7WwY9jHhrmS6yaa4
Alejandro Sanz,latin pop,track,Cuando sea espacio,2004.0,29CUQ54IevLHJh3SndJ8ig
Yahir,latin pop,track,La Locura,2004.0,5HSoliYp4FmKDilRXndbc4
Laura Pausini,latin pop,track,Bendecida pasión,2004.0,69VDiAdbv6lBe6wrt6lWKw
El Cuarteto De Nos,latin pop,track,Nuevamente,2004.0,6pGRpIR7gCY1NHex1RMzJj
Gloria Trevi,latin pop,track,En Medio de la Tempestad,2004.0,5Zcq8fZROyqTF4ZiXY34dD
El Cuarteto De Nos,latin pop,track,Hay Que Comer,2004.0,5DRQ4gbV0G3ZlCoNStk3CS
Diego Torres,latin pop,track,Alba - MTV Unplugged,2004.0,49Hr5xjDrubj3vbcPZxy0v
Nek,latin pop,track,Tan sólo tú,2004.0,0TJMko4Zni495bkLmRfIIq
LU,latin pop,track,Duele,2004.0,4cXP8UHgLCiUJklEvn0GzO
Thalia,latin pop,track,Rosalinda,2004.0,3XUbB4gN19myV1W4YTNDo9
Juanes,latin pop,track,Rosario Tijeras,2004.0,3KiY1ajjwnwgAHiQ5yTdLg
Thalia,latin pop,track,Piel Morena,2004.0,2SskegvRkUbZA6HgOxpkdf
Ricardo Arjona,latin pop,track,Tu Reputación,2004.0,6OHqkcrmvJZwx03exDdBBB
Juanes,latin pop,track,No Siento Penas,2004.0,3zp8biuxpZSXqkDXAX6StU
Marc Anthony,latin pop,track,Tu Amor Me Hace Bien,2004.0,0ixBhpW2XGXy8AW0zyzz2X
Alejandro Sanz,latin pop,track,Sandy a orilla do mundo,2004.0,0jzqi84HUW5ultbwoU3bcL
Alejandro Sanz,latin pop,track,12 por 8,2004.0,0dTJZki1VPSGv1uGc68YMP
Alejandro Sanz,latin pop,track,Lo diré bajito,2004.0,4Q1yzEWttfhRSt8ycUd69e
Paulina Rubio,latin pop,track,Algo Tienes,2004.0,2shJJPoWxqqLNtURSCqssE
KEMA,latin pop,track,Obsesión,2004.0,4Yi2EORRADoOYTeC9VFcGF
Miranda!,latin pop,track,Hoy,2004.0,6yhq0PREHgZSj124V9P5Ck
Miguel Bosé,latin pop,track,Habana (con Alejandro Fernández),2004.0,2qnSc14v8T5YSqNeeZls4k
La Oreja de Van Gogh,latin pop,track,Adios,2004.0,4gIO0XSOySCvQIpErBxKW8
Miranda!,latin pop,track,Don,2004.0,4q7gVEuLB1FtIaxGYccUFy
Alejandro Sanz,latin pop,track,The Hardest Day (con the Corrs) - con The Corrs,2004.0,7kE5G6kY2xeHCsI0u5K9iL
El Cuarteto De Nos,latin pop,track,Al Cielo No,2004.0,0V9LO4uDKotfWFzKGgNPD8
LU,latin pop,track,Una Confusion,2004.0,5HSZXCBwRb5yq6UJDDhTWH
Miranda!,latin pop,track,Yo Te Diré,2004.0,41LBp3sMgY9s0WLxq1jKgl
La Quinta Estacion,latin pop,track,Rompe el Mar,2004.0,6778f9XcDUvMzh4RbtnF52
Alejandro Sanz,latin pop,track,La fuerza del corazón,2004.0,5czwK73l3ctTqnPe3MSuF4
Lucas Arnau,latin pop,track,De Rodillas,2004.0,2zU5muwQZ8Ni7k7ZkGhIlZ
La Oreja de Van Gogh,latin pop,track,Cuídate,2004.0,7N1HIj8c92rlpqKk3zh3C8
Juanes,latin pop,track,Nada Valgo Sin Tu Amor,2004.0,1mdpBBXQ9hnqofSdmxaL83
Lucas Arnau,latin pop,track,Ay Doctor,2004.0,2z7x1Fmu2lwGh56gPLp2i2
La Oreja de Van Gogh,latin pop,track,Un Mundo Mejor,2004.0,0xRgSsNhwxbaEpEYx2n39e
Los Palmeras,latin pop,track,La Bestia Pop,2004.0,6Q7wf7TbDDOEFR1YBoZ5Pq
La Oreja de Van Gogh,latin pop,track,Vestido Azul,2004.0,3tG93MP42v2eTGiFeh6kp2
Diego Torres,latin pop,track,Cantar Hasta Morir - MTV Unplugged,2004.0,07lL8FiQIjIfNjy45xQZ0l
Alejandro Sanz,latin pop,track,Try to Save Your Song,2004.0,1NwxJso9p6E0Spl8EQcmVL
RBD,latin pop,track,Cuando El Amor Se Acaba,2004.0,50y4eCnuuWIhJl5uuCqVa5
Paulina Rubio,latin pop,track,Dame Otro Tequila,2004.0,2ALUO96Dnh2CIpV1MKe8ho
Ricardo Arjona,latin pop,track,Desnuda,2004.0,5WVsQTW7BE1ClEDCmDKzci
Marc Anthony,latin pop,track,Tu Amor Me Hace Bien,2004.0,43yGkdvnqGxd9Rycq4Nzoq
Carlos Vives,latin pop,track,La Maravilla,2004.0,5Jivv7trOtgHlnaNAiPEnN
Alejandro Sanz,latin pop,track,El alma al aire,2004.0,7s4ggtq4icIPCo9wLk5vss
Franco De Vita,latin pop,track,Ay Dios,2004.0,0Sd0bKypMwcUTUgHH9TCov
Damas Gratis,latin pop,track,Popurri / El Ganador - En Vivo,2004.0,2vVQgTGlENx1znBphTIX3Z
Alejandro Sanz,latin pop,track,Y sólo se me ocurre amarte,2004.0,3zvnloMEkCiIFRsZDUJPaW
Los Rabanes,reggae,track,Señorita a Mi Me Gusta Su Style,2000.0,2jvsbpAxcBkFp6VScarkzT
Shaggy,reggae,track,"Luv Me, Luv Me",2000.0,7hV4x7PMKGC4qD3NWLt2UJ
Sean Paul,reggae,track,Infiltrate,2000.0,0ru8bc0XnKjUL2O1Fl1k7a
Ganja,reggae,track,Caminando,2000.0,5hirK8wva1Nh38fVwWdLlc
Sean Paul,reggae,track,Deport Them,2000.0,5KhypMVGqMI9mgsrrv2lxc
UB40,reggae,track,Here I Am (Come And Take Me),2000.0,6YR2MkzMhojHBmW1TbXtZO
Maskavo,reggae,track,Um Anjo do Céu,2000.0,2YgAAAq8h7nPIMVLVVSHtK
Capleton,reggae,track,Jah Jah City,2000.0,1QwrhGl2I3D0aNdRQ5YFtm
Los Cafres,reggae,track,De Mi Mente,2000.0,1b8V0hvwAP8dO4xxrvvoXK
Ska-P,reggae,track,Como Me Pongo,2000.0,6SJ6OfGVsFaO2R1eUdZFeB
UB40,reggae,track,If It Happens Again,2000.0,4snAWp4mA5DFa2plpH6ch7
Culture,reggae,track,Humble African,2000.0,0Vzgfs70Aavn0nKDMmJCG8
Ska-P,reggae,track,Violencia Machista,2000.0,2ajDO2C9UGwKJrU2uIWoLE
Ska-P,reggae,track,ETTs,2000.0,5fSS4Ohnt5GHIVY6Ypi3rH
UB40,reggae,track,Kingston Town,2000.0,1YGh2uqJYfSpFQ3DDnMJV5
Gondwana,reggae,track,"Verde, Amarillo Y Rojo",2000.0,4Q0y0SOAJ84PvR2Uu6tGXv
UB40,reggae,track,I Got You Babe,2000.0,3UNa2iZNHZ8cDvzXSNVrUZ
UB40,reggae,track,(I Can't Help) Falling In Love With You,2000.0,7aR1QwbQa26sjDXiVMLik4
UB40,reggae,track,The Way You Do The Things You Do,2000.0,42HaJ7QlInzQ5vHKWb5Ixa
UB40,reggae,track,Tell Me Is It True,2000.0,2VAIOwbPEFlIA0DpFo4RwA
UB40,reggae,track,Light My Fire,2000.0,2pcEb3qZ85Zdegn1cowQNu
Ska-P,reggae,track,Lucrecia,2000.0,1MKZIXBpF3K4FzXthCuzyQ
Gondwana,reggae,track,Dulce Amor (Sólo Un Latido),2000.0,23d6sogOKvZOx7XtSEeNVs
Ska-P,reggae,track,La Mosca Cojonera,2000.0,3wms72Uwbi40KXE3moX3cf
Goldfinger,reggae,track,99 Red Balloons,2000.0,0rOTMSSa6yscfOrGnzfheM
Ska-P,reggae,track,Naval Xixon,2000.0,13ZYIzN5q2xJ04VCWcN6zg
Culture,reggae,track,Why Am I A Rastaman?,2000.0,41r3Hd6pRHg4YKA6cACcDQ
Ska-P,reggae,track,A la Mierda,2000.0,4GERduHBPVmh9ECjBtEPA4
Ska-P,reggae,track,Mestizaje,2000.0,2FtUCcJTBE2bb0mdZtzlFI
Gondwana,reggae,track,Antonia,2000.0,51LZ2XHdETvNLQ6SKqTjWF
UB40,reggae,track,Rat In Mi Kitchen,2000.0,2ojhyfZMmaXQFqA1YLofwo
Los Cafres,reggae,track,Aire,2000.0,2hkJ7fYPM5V27pjxiPG2gg
UB40,reggae,track,King,2000.0,2f4J3ZsIqKHDzTVWKaagte
UB40,reggae,track,Bring Me Your Cup - Edit,2000.0,2xzpFiJhL9E8fRwdI7PPHI
UB40,reggae,track,Watchdogs,2000.0,3n83MHEFQnZa5VNJzxIrzk
Ska-P,reggae,track,Derecho De Admision,2000.0,5fXxNenB01Y2BjqRlwJSnO
UB40,reggae,track,Higher Ground,2000.0,62GbYylTNfRNZnA4HbGaNP
UB40,reggae,track,I Got You Babe,2000.0,1dm4aH91JXQpQ0aYWp7xoQ
Ska-P,reggae,track,Eres Un@ Mas,2000.0,0awiprd9BQ4vXukC5aD6Nw
Ska-P,reggae,track,Planeta Eskoria,2000.0,1gU2mB0VSVvEe97g50QpYo
UB40,reggae,track,Kingston Town,2000.0,6MTLpOuPg9qfbiJpUXB5qh
UB40,reggae,track,Red Red Wine,2000.0,3dRmLxr7tXNsHWYJubwF6G
Ska-P,reggae,track,Tio Sam,2000.0,3Re4NbN9tBTh7lwVDgcZ5V
UB40,reggae,track,Bring Me Your Cup - Edit,2000.0,0ffQpiShZZKtDN06L84FCJ
King Chango,reggae,track,Sin Ti,2000.0,3SPoI7e9GoO1gSOYXi0Fxo
Ska-P,reggae,track,Vergüenza,2000.0,2wOfJd9azprQrbE6uTJD6u
The Specials,reggae,track,Ghost Town,2000.0,6ewN9MaFbi78oDLT9wYDgn
UB40,reggae,track,(I Can't Help) Falling In Love With You,2000.0,18YJrsXwyJL7dqCtikZ3PU
UB40,reggae,track,Red Red Wine,2000.0,4uOKFydzAejjSFqYbv1XPt
Shaggy,reggae,track,Angel,2000.0,7FDV5ELOJHCGLe52AnttEd
Shaggy,reggae,track,Keep'n It Real,2000.0,7cvop8FcQdqP6qfVmQLkdD
Banda Beijo,reggae,track,Bate Lata,2000.0,2ATL6pmlSKBxn9M2U9Qp4t
Shaggy,reggae,track,Why Me Lord,2000.0,7JWIfIICkit2pXeLbdxiZF
Capleton,reggae,track,Who Dem,2000.0,1dDHDZWp1j4fkCdGRnopKq
Shaggy,reggae,track,Hope,2000.0,5whIG7u2VjyILwGqm9dkDD
Beenie Man,reggae,track,Girls Dem Sugar,2000.0,3j8EEMm9kbPLqByuaHmUmQ
Ara Ketu,reggae,track,Amantes,2000.0,6EbbpFc64M1VBp7E29qnQv
Beenie Man,reggae,track,Dancehall Queen (feat. Chevelle Franklyn),2000.0,6LGTXFy9KNQeBjUHT9fPFh
UB40,reggae,track,Don't Break My Heart,2000.0,0YUwrzyUcS5wIYUWkXCAbl
UB40,reggae,track,One In Ten,2000.0,1dKfteL9OIYuFOCwBzV0SB
UB40,reggae,track,Cherry Oh Baby,2000.0,7zbuCaBemBX0dMnqSTztl1
UB40,reggae,track,Rat In Mi Kitchen,2000.0,0o7tBKZHvWPJB17wQx1Q8w
Bob Marley & The Wailers,reggae,track,Mr. Brown,2000.0,0zGXPikeXaT7NHTIBhQM7T
Barry Biggs,reggae,track,Love Come Down,2000.0,4VHtdJ0ekkxK9OG5SEwHZ9
Los Cafres,reggae,track,Sin Gamulán,2000.0,1ccEBfPmipV4R41R6Y3ouy
Los Pericos,reggae,track,Runaway - Live,2000.0,5blxpfx1eNYeA9y7jDUTT6
UB40,reggae,track,The Earth Dies Screaming - Edit,2000.0,5hHBRGPaCPL3GnLWRStRoh
UB40,reggae,track,Until My Dying Day,2000.0,2y9WjMBxurTYQPxCPGXLgl
UB40,reggae,track,Food For Thought,2000.0,7xLFoBLKymnhIaaSBS9vpv
Jackie Mittoo,reggae,track,Totally Together,2000.0,26g0RB8H1F8GVCyC27zG6I
Los Pericos,reggae,track,Eso Es Real - Live,2000.0,44wRvFEiNuKlWp4DmBJSyZ
The Specials,reggae,track,Do Nothing,2000.0,10mO8USTvhC0rMMvRPPZWg
Prince Buster,reggae,track,Don't Throw Stones,2000.0,6dzAIxWJ7MhwH4iGmjGxgn
10 Ft. Ganja Plant,reggae,track,Walkey Walk Tall,2000.0,49X280IOWye1tFuIvsD5sS
Cutty Ranks,reggae,track,Limb By Limb,2000.0,6lZpBmEGZDVTpxjJZ5slAN
Bob Marley & The Wailers,reggae,track,Small Axe,2000.0,2GtNJwcRdlBH7ulwl4yFyx
Jackie Mittoo,reggae,track,Summer Breeze,2000.0,5Yu5gDFUjPqxUT5PHEJdIR
Terra Samba,reggae,track,Latinha De Cerveja,2000.0,18x3R1DdtcFPJ0mckjildc
Seeed,reggae,track,Riddim No 1,2000.0,1ooatRQWNtl4jB7hQoanFz
Seeed,reggae,track,Papa Noah,2000.0,2cxfEfp2dU4QtypUYcZl2j
Los Pericos,reggae,track,Ocho Ríos - Live,2000.0,4ZaDJD9pWqgxW4kxzQrIjY
Los Pericos,reggae,track,Nada Que Perder - Live,2000.0,1XkBIrIQN5NoREiSyaTAmI
Jackie Mittoo,reggae,track,Get Up and Get It,2000.0,5AVhTKB8qBi7PUNFoXYnQ9
Los Pericos,reggae,track,Boulevard - Live,2000.0,0a7DgM90xUXYZCgArsEIuA
Jennifer Lara,reggae,track,I'm In Love,2000.0,7LCD89We5JZALirKxgsGXM
Gondwana,reggae,track,Alabanza,2000.0,1z7SPFBf9NlA4F2c6AvVQ7
Giuliano Palma & The BlueBeaters,reggae,track,Wonderful Life - Remastered 2023,2000.0,3PSAE8fUwoRNPrUAnnluxt
The Specials,reggae,track,Stereotype,2000.0,22Vftb3jOTa8IPZwQI1L61
Chaka Demus & Pliers,reggae,track,Bam Bam,2000.0,07IMOzCQZJPrwSSDmlo2vv
UB40,reggae,track,Higher Ground,2000.0,3aggzBl59puBLxg6ktaqie
Brother Culture,reggae,track,Foundation Rockers Dub (Disciples Dub Mix),2000.0,1hjlTHxIn3cmFAlX17Yi5y
Culture,reggae,track,Revolution,2000.0,7vbTbQhjxoiqiV4qxL1DaN
Los Pericos,reggae,track,Pupilas Lejanas - Live,2000.0,3BR0n4G5syIoloE9DEm9bv
The Specials,reggae,track,Racist Friend - Edit,2000.0,1XGurZjVkgciMcr0phDFVw
Los Rabanes,reggae,track,Perfidia,2000.0,6P187fxZ0btnCRTy5Xql2Y
Harry Belafonte,reggae,track,Jump in the Line,2000.0,6KkAC41nNRiWA6w3ZD9cJ8
UB40,reggae,track,Sing Our Own Song,2000.0,71P1uKwq0a4J4KUhwhy9qw
10 Ft. Ganja Plant,reggae,track,Chalwa,2000.0,7BLo3vat0B8BCQD50WOjum
Los Cafres,reggae,track,Waitin en Vano,2000.0,03eLaRGb1oZgmtGSrMuoty
Ska-P,reggae,track,El Autentico,2000.0,15pI474vmLftBU7FV8LZF7
Ara Ketu,reggae,track,Face Oculta,2000.0,5LTwjTZjxnpAe0o0h5RgY0
Jah Spirit,reggae,track,My Girl - Reggae Style,2000.0,69SJz5zBMWngc17HfmupHd
Los Pericos,reggae,track,No Me Pares - Live,2000.0,5jWxzXvb6ctowsZoWPp8at
Los Pericos,reggae,track,Sin Cadenas - Live,2000.0,10VPz4veMzaJx2avRqQyxW
Gondwana,reggae,track,Keep The Faith,2000.0,2Qq4l3G6w6WdfM1rKrEqBe
UB40,reggae,track,If It Happens Again,2000.0,1KhSlLDEGsVyz8MlJsO3ma
Jackie Mittoo,reggae,track,Juice Box,2000.0,54IDFxZC54Wba3EpAsB1fz
Los Pericos,reggae,track,Waitin' - Live,2000.0,0q7LR23IYycIYTUJuTrQiF
UB40,reggae,track,Light My Fire,2000.0,0Nqcp3idH9rXOLDg4zlXbd
Culture,reggae,track,Poverty,2000.0,0n0x4ZTL0Q8ywLyo8ayoHk
UB40,reggae,track,Food For Thought,2000.0,0GVAZ5OvagIPfAsuiIWCE8
Shaggy,reggae,track,Leave It To Me,2000.0,5L8MxayXG6D3FWUDDmBmzL
Wayne Wonder,reggae,track,Watching You,2000.0,0YfTOk4thT06YgPwLpCWHP
The Mighty Mighty Bosstones,reggae,track,So Sad To Say,2000.0,6aSvrNcJuoKOA9uwMXZI1D
Goldfinger,reggae,track,Counting The Days,2000.0,3M9ybg6UIG0Ude7uDihJRm
Capleton,reggae,track,Stand Tall,2000.0,6EpY2zBpain6kUYZqhfgRN
Freddie McGregor,reggae,track,I See It In You,2000.0,6u9q7kZAtPyTu2tO3mHXci
Jackie Mittoo,reggae,track,Oboe,2000.0,3R0EhRQKxplZ32K37xwqDU
Shaggy,reggae,track,Hey Love,2000.0,1tBB4wuK0gw2liPTms0bnX
Glen Washington,reggae,track,Strangers In The Night,2000.0,74NtKdZvxIPgZCWMSWPQjd
Rastrillos,reggae,track,La Musica,2000.0,1UWRoVKwatWvKCMFfn6Z6P
UB40,reggae,track,Sing Our Own Song,2000.0,266LLalLevmzLid2Vt8wxR
La Mosca,reggae,track,No Te Despiertes Mi Amor,2000.0,6xAVuRNW0h3eR5oUbtSHNq
Elephant Man,reggae,track,Punanny Medley,2000.0,5GEid99RgStd0cQIhAlGHQ
Los Pericos,reggae,track,Su Galán - Live,2000.0,2l78fiFKx1g1Goi6ftiWb6
Justin Hinds,reggae,track,Rub Up Push Up,2000.0,3Pw5U5rugikTmuKvVNJOly
Los Pericos,reggae,track,Bajo El Mismo Cielo - Live,2000.0,1glWVNpv9lqorae9nSCQF1
Gondwana,reggae,track,Defendamos,2000.0,2KT2sqjXGxBY4YkWNX56XM
UB40,reggae,track,Many Rivers To Cross,2000.0,2k30m5fkuw0IRiHQUll0ry
Junior Kelly,reggae,track,Love So Nice,2000.0,0ks5sXa1iEMvtVbYOsfiNq
UB40,reggae,track,Don't Break My Heart,2000.0,5M58wbtfIbRGBISCsenRnV
Dr. Calypso,reggae,track,Cineccita,2000.0,4nN1j6X5Umi7O3Evesw2j6
Jackie Mittoo,reggae,track,Wall Street,2000.0,1AqdE3WGQHiHpAnsXQogWK
Dobby Dobson,reggae,track,That Wonderful Sound,2000.0,46JFegy0KkJNXhZK4BPOrB
Dennis Brown,reggae,track,Money in My Pocket,2000.0,7yM5zF56kPmyq7my2QSpYG
UB40,reggae,track,Cherry Oh Baby,2000.0,39a8Yl8PWJeJUCKWnhtQC9
UB40,reggae,track,Come Back Darling,2000.0,2Iy1tle7f4OHFB9u7thUNW
The Specials,reggae,track,Why? - Edit,2000.0,0myqYJNIpHyHAy2OS3WXOr
Los Pericos,reggae,track,Voy Caminando Lento - Live,2000.0,7yEbY15xQmLCEstpmx6W5z
Los Pericos,reggae,track,Monkey Man - Live,2000.0,7BIOtmZFRl5hwVjLWloBv1
UB40,reggae,track,One In Ten,2000.0,1Emtpza9uUO1UY7gXC4Z16
Dirtsman,reggae,track,Hot This Year,2000.0,0Pp9uh741YQbUAcAJlb2RJ
UB40,reggae,track,Tell Me Is It True,2000.0,4Bw8iyN9swGbZ1sHW9F2nR
Los Pericos,reggae,track,La Hiena - Live,2000.0,53KpwSYYESclfokgvcbiPH
Los Pericos,reggae,track,Jamaica Reggae - Live,2000.0,4mR8qo5jR2RTBRBIeT8NWl
Patrice,reggae,track,Everyday Good,2000.0,24KfvPgT2ALyAaGYfzbnUe
King Chango,reggae,track,I Don't Care,2000.0,6HdD9uyf8yWCr88NuRmkRg
Lord Kossity,reggae,track,Morenas,2000.0,2oZ1ay8QsrKQxxH1kGjorL
Giuliano Palma & The BlueBeaters,reggae,track,Che Cosa C'è - Remastered 2023,2000.0,4niyY5XI87mZlNnjpvNjx0
Shaggy,reggae,track,Hot Shot,2000.0,1TlXLNgHVudBJ3u7evH8QV
Natiruts,reggae,track,Andei Só,2001.0,2lWExLBiCX9ZDYjCWZkYPN
Beres Hammond,reggae,track,They Gonna Talk,2001.0,76BXmJ9QlH6zoiWVDMX35k
Tchakabum,reggae,track,Explosão,2001.0,18GyOllB82uQAy7C03p5i8
Beres Hammond,reggae,track,Rock Away,2001.0,2RlVyAjLnGJQYp7uzpfUta
Lucky Dube,reggae,track,Romeo,2001.0,0mRaWi9cXQZiHV4QHnkSM9
Los Auténticos Decadentes,reggae,track,Auténtica - Remastered 2001,2001.0,1eQamQ4onIRnkWHcbH0dlu
Tanto Metro & Devonte,reggae,track,Give It To Her,2001.0,00FU5uypELwgQuM9IbFC6G
Morodo,reggae,track,Crazy Staylo,2001.0,7yqqmZpgwKr1SjkfUqihRy
Tijuana No!,reggae,track,Pobre de Ti,2001.0,17ASXCVH7zxBHC8P1dThon
Skalariak,reggae,track,Vodka Revolución,2001.0,1adHPMDZXfLrPcOa5gjEro
Lucky Dube,reggae,track,Teach the World,2001.0,02RuKOK86Bp9Z7hBYaS73I
Morodo,reggae,track,Foxy Ladies,2001.0,0ytKPCdgPChW7glL3gE7ma
Skalariak,reggae,track,La Makina Ska,2001.0,5PFSFIBldta9JIxcG7y6Nb
Freddie McKay,reggae,track,Inna Mi Yard,2001.0,407r6o2UR7ihF66Iwa5yht
Junior Kelly,reggae,track,Love So Nice,2001.0,3J4Chu7wi4onjN2OO8aaow
T.O.K,reggae,track,Shake Yuh Bam Bam,2001.0,0K1FICY5oTLWzNTjmtQFKP
The Skatalites,reggae,track,Phoenix City,2001.0,0e65DKx9ko126NFtxHI4RL
Lucky Dube,reggae,track,Good Girl,2001.0,1mrVGvwNWFpopvdnp8oxGE
New York Ska-Jazz Ensemble,reggae,track,Haitian Fight Song - Collection,2001.0,0a0mOT4UY4fDFSn80rQn0C
Otis Gayle,reggae,track,I'll Be Around,2001.0,66xEvrqnrDWP0BC0hsQ7HO
Ken Boothe,reggae,track,Set Me Free,2001.0,4HIKXWkIgfHm4m2xxvj8rb
Jimmy Cliff,reggae,track,Wild World,2001.0,24Dt3Zopsc50OE9dZ741Fg
Damian Marley,reggae,track,Born To Be Wild,2001.0,5y1RIfruRZUqbr9qIYgGu9
Intoxicados,reggae,track,Como Ganado,2001.0,501OqrJklUk9nS94izCHfM
Terry Linen,reggae,track,Your Love Is My Love,2001.0,0MIL2kHQfHF5GB7YDDnfje
Skalariak,reggae,track,¿Quién Nos Ha Robado?,2001.0,6AvOKW40FGnPLI5uTymvoF
Damian Marley,reggae,track,Catch A Fire,2001.0,5j5CJuLXxBRP7Hu3FDHzYQ
Skalariak,reggae,track,Ruido,2001.0,2fOCChRbXVHcpGJchqEdlM
Jimmy Cliff,reggae,track,"Wonderful World, Beautiful People - Single Version",2001.0,0iH2q2PiyKpSvgOCSUZq5X
Eve,reggae,track,"No, No, No",2001.0,0uYiq008XEGyl5CvbP7P5W
Tchakabum,reggae,track,Tesouro do Pirata / Dança da Mãozinha - Ao Vivo,2001.0,5kv4s5ryiMzvyE50SKTEfE
Damian Marley,reggae,track,It Was Written,2001.0,03M3oEPsk8WjwMlVOKBFXv
Notch,reggae,track,Nuttin Nuh Go So,2001.0,5bfrLQFw6AB3Be3fzvY5ER
Lucky Dube,reggae,track,Love Me (The Way I Am),2001.0,62xnE0UZM2EgEI2AXDjahT
T.O.K,reggae,track,Money 2 Burn,2001.0,32C1EubpNUUaGFiWpVb6dF
Morodo,reggae,track,Reggae Music,2001.0,55eth83nUdB8ECtbzY4Vqc
Johnny Osbourne,reggae,track,Truth and Rights,2001.0,6GlqJG2mnJIL9dhVHku4JV
Slightly Stoopid,reggae,track,Wiseman,2001.0,5lCRPA4XEg4VPbNu0lDHBA
Skalariak,reggae,track,¡Estoy de Revuelta!,2001.0,0vol7Tplf5JxQ6apqbFgyt
Morodo,reggae,track,Céntrate,2001.0,5O0mqvwWmVMhi9LSDEkILe
Damian Marley,reggae,track,Still Searching,2001.0,372wpFKwnTJdVEEIJaFQfu
Sergent Garcia,reggae,track,Los desaparecidos,2001.0,5kRPQMhi3LaYuDVy4DPi3b
Skalariak,reggae,track,Oligarquía,2001.0,6km8XdjJDNqQASeTT56wiy
Damian Marley,reggae,track,Stand A Chance,2001.0,2L2PooksClMBY0VPRB0kFM
La Pulquería,reggae,track,Gitano,2001.0,3gte4MrUqajrvXLJskEsUB
Manu Chao,reggae,track,Merry Blues,2001.0,1GsVEQfNpSuDZdz1yntZQa
Morodo,reggae,track,Babilonia,2001.0,6X8Yjdu2Xkq6j13BL8koYf
Damian Marley,reggae,track,More Justice,2001.0,4joyVm2umM902xqTpRnUhb
Manu Chao,reggae,track,Mr Bobby,2001.0,3fHw1Y4sD4U2b0s3K4ql9I
Skalariak,reggae,track,Skalari Rude Klub (SRK),2001.0,2nAtFjIG82aevSNwGUZUqJ
Shabba Ranks,reggae,track,Mr. Loverman (feat. Chevelle Franklin),2001.0,4NzZftBCbGpXhca5OcfFwF
Ara Ketu,reggae,track,Cobertor,2001.0,5tNzADohXQiP2tS66VXnie
Maskavo,reggae,track,Asas,2001.0,6LFAmpzXbWQEx0NWondpSM
311,reggae,track,Champagne,2001.0,4cSSUpptr7r125fK5nRJhP
Ivete Sangalo,reggae,track,Festa,2001.0,3ImdZHoYW2OFtAmEkzfVu3
311,reggae,track,I'll Be Here Awhile,2001.0,1mHZhWJu6RVJhyu3USZdI5
Damian Marley,reggae,track,Where Is the Love?,2001.0,5aEJ4a6TNB1kDc0gMzwjgQ
Rhythm & Sound,reggae,track,Mango Drive,2001.0,29Bx7ullHh1OeH0lpNS0X7
Lucky Dube,reggae,track,"Money, Money, Money",2001.0,2urS7T3sIw9MfJD4SCtbYW
Mad Caddies,reggae,track,Mary Melody,2001.0,3e4L4049O9QoMuD3SskKKY
The Slackers,reggae,track,Wasted Days,2001.0,5z8lvQDJPOl8A7RkTOdJWQ
Mr Easy,reggae,track,Drive Me Crazy,2001.0,40BPOi4ZoY9lTjSlDvUEWB
Damian Marley,reggae,track,Mi Blenda,2001.0,5nVt82S763PXiybuJpprTD
Banda Eva,reggae,track,Beleza Rara,2001.0,5PixCHUA1yvrxduD5Spj13
Shabba Ranks,reggae,track,Trailor Load a Girls,2001.0,6giPlgmydbE2NkM3J72bzD
Rhythm & Sound,reggae,track,No Partial,2001.0,2bTw8WUiOpxMZ1Z8DGkDUU
Salmonella Dub,reggae,track,Problems,2001.0,2eiBYIPLyKtlWqMR1INilR
Lynn Taitt,reggae,track,To Sir with Love,2001.0,1BZM9pXFh4CPBmedZlYKJV
Third World,reggae,track,96° Degrees In The Shade,2001.0,7AjEPmLfvaRODX13BY4BjY
Begoña Bang-Matu,reggae,track,This Is the Rhythm,2001.0,6lzKGFjyDi5bY2zrg6IIqy
Damian Marley,reggae,track,Stuck In Between,2001.0,5JmUDYio7c2XLbBfL8jnt7
Cornell Campbell,reggae,track,Natty Don't Go,2001.0,7inqlHZMkYbmGcJf83itXd
Salmonella Dub,reggae,track,Love Your Ways,2001.0,5jxdHyNbAHAxMmSW6RUcG2
Dr. Ring Ding,reggae,track,Fever,2001.0,1ZHtStDcCKHRBAQl9pzC62
Nasio,reggae,track,Black Tuesday,2001.0,15g5aOfkmCFWqdqBi2SW3U
Margareth Menezes,reggae,track,Dandalunda,2001.0,6G97Pt3DBfH3LnZM1vknWO
Massilia Sound System,reggae,track,Bouteille Sur Bouteille,2001.0,3QICcjYHXUZmMTecEMmaZu
Salmonella Dub,reggae,track,Push on Thru,2001.0,2lCCvhUazjguLODeDHHgV5
Massilia Sound System,reggae,track,Y'a Des Fois,2001.0,0Y4rpjXa1jKJnF7GWXegmQ
Horace Andy,reggae,track,Skylarking,2001.0,5gWfOtADwI4dezyV5mw9SP
New York Ska-Jazz Ensemble,reggae,track,John & James - Collection,2001.0,4ZoEV5EAxO5HrLhJ7PUMLX
Dancing Mood,reggae,track,You're So Delightfull,2001.0,0HMhwzDJ4d8d6sDU0eW06H
Morodo,reggae,track,No Vale La Pena,2001.0,0nerh0k6BiQxTgkwWn3X6p
Banda Eva,reggae,track,Vem Meu Amor - Ao Vivo,2001.0,4KWm7ONnef0DMumAepy9av
Skalariak,reggae,track,Emakume Askea... Lur Askea,2001.0,0HrWuqDgROI0Ojr62fw4dA
Salmonella Dub,reggae,track,Tui Dub,2001.0,3NQKG5UQoyloAA0Mup9K0k
Begoña Bang-Matu,reggae,track,Dias Extraños,2001.0,6OgioHGuByQBCXW9NetrxQ
Los Auténticos Decadentes,reggae,track,La Marca de la Gorra - Remastered 2001,2001.0,0xtGp6WNgFIUhKH23E3Zzi
La Mosca,reggae,track,Buenos Muchachos,2001.0,6AVIkX48QNYvU6PLt4iY6h
High Tone,reggae,track,Mother Dubber,2001.0,0EXSjLL7A8JmwwZoSuOapP
Mad Caddies,reggae,track,Weird Beard,2001.0,6XxRTfRuUNtugAER61tveg
Ernest Ranglin,reggae,track,Surfin,2001.0,5pkagzBGG4ef06SnbJXCx1
Freddie McGregor,reggae,track,Bobby Babylon,2001.0,5sd56zeUmkUvzmGtlIsNe4
Goldfinger,reggae,track,99 Red Balloons,2001.0,4iHITBaV9sOIukW5ABdHhI
Dancing Mood,reggae,track,Eastern Standard Time,2001.0,69TlBdSDA3ezx8RC6cHvK1
Lucky Dube,reggae,track,Fugitive,2001.0,2gPANQmaC6LbPd7MlIaCgs
La Pulquería,reggae,track,Mil Esqueletos Al Sol,2001.0,7ywV47ps8B86MvR5UVu0ZL
Cheb Mami,reggae,track,Madanite,2001.0,5FHoIbTVJnhagPgAZum1qi
Los Auténticos Decadentes,reggae,track,Como Me Voy a Olvidar - Remastered 2001,2001.0,67dU2TAbObM9VkMouyh5SD
Los Fabulosos Cadillacs,reggae,track,No. 2 En Tu Lista/Contrabando De Amor - Versión Remasterizada (Live),2001.0,4Ly7nHWRfTgGoFXJGtrixU
Ventania,reggae,track,Cogumelo Azul,2001.0,3vNi71CHOSJ8DtfSrIzfSG
No Doubt,reggae,track,Rock Steady,2001.0,28wARFXXsTUWhOePUw2aCB
Lyricson,reggae,track,Bad Load,2001.0,2fvFlKD38ltkgsuWV7W9O0
Dancing Mood,reggae,track,Chatti Chatti,2001.0,7rP2RSlQBjtgxyhQcGJ3TX
Sean Paul,reggae,track,Like Glue,2001.0,2FVp2sBqMHKwTm2G5Ir238
Nasio,reggae,track,Jah Won't Forsake I,2001.0,6xwiDJJ9qzEImuLQVC6K7M
Banda Kebradeira,reggae,track,De Banda - Ao Vivo,2001.0,5PBe08GeCyglFNb78iRhb5
Nasio,reggae,track,Herb And Loving roots reggae,2001.0,3HDCMjUTbLBD3MMhqxzJjU
T.O.K,reggae,track,You Ah Murder,2001.0,4vBEZiFKLbggas1WdN5uNR
Jazz Jamaica All Stars,reggae,track,My Boy Lollipop,2001.0,6yaE3Sqd08W46XMEzXgvvv
Terry Linen,reggae,track,Couldn't Be The Girl For Me,2001.0,6TV07aq3CcF9pNzNtzx7c9
Shabba Ranks,reggae,track,Trailor Load a Girls,2001.0,4ffMDhI3p4QEh6sVVnjoYn
Nasio,reggae,track,Ithiopia,2001.0,4PFwu7iTNWVGUp5FjHCRUJ
Joyce Bond,reggae,track,Nice to Have You Back Again,2001.0,7LalwiktglVKoAg9joLSXd
Skalariak,reggae,track,Eguzkitan Edan,2001.0,52GI4Hmew9oYPwwDV2u5EM
Nasio,reggae,track,Where We Belong,2001.0,67HOf9MD725Oo8WVAvDmSp
Joyce Bond,reggae,track,Music and Love,2001.0,4vQAt7jj6nKsAmu7zmb7AT
Junior Kelly,reggae,track,Sunshine,2001.0,0IdO7Sj7E4nZQHAqfVbbYH
Nasio,reggae,track,No Love,2001.0,6PGTLCGHXrGRICzGhmWXDc
Prince Jazzbo,reggae,track,Crabwalking,2001.0,0jPb2Ynp2XWiXegTqes6TR
Jazz Jamaica All Stars,reggae,track,Confucius,2001.0,4S7rl0k2NQGTu0bEgTtanx
Nasio,reggae,track,NO BABYLON,2001.0,320TLTbMrIFIIUYIq4xfFX
Salida Nula,reggae,track,¿Qué Va a Ser...?,2001.0,59Hswl8t2PcZl1ESCtFZFi
New York Ska-Jazz Ensemble,reggae,track,Comes Love - Collection,2001.0,1BDLmFsjovS2ggScUn5zDq
The Black Seeds,reggae,track,Coming Back Home,2001.0,5fgqZ4wQ0IFVyfoeGe6WZ5
Terry Linen,reggae,track,That's The Way It Is,2001.0,3hDjP4epMNLtTs3raKUuW7
Nasio,reggae,track,Jah Jah See,2001.0,5G7uFAZkcEOdC3GUlzRqAA
Damian Marley,reggae,track,Paradise Child,2001.0,04dPLx5yAEiGHKrxtCM75N
Norma Fraser,reggae,track,The First Cut Is the Deepest,2001.0,4SIymEWS0IqR3dtPRDICjK
Nasio,reggae,track,Armed & Dangerous,2001.0,5wIBsriVTEQQ3YmQXN7kiY
Harry Belafonte,reggae,track,Jump In the Line,2001.0,3w6m1sTs8qXiuITB0sziwY
Le Peuple de L'Herbe,reggae,track,Reggaematic,2001.0,1WF1CYDyP02QDM0fhDFMy2
Skalariak,reggae,track,Sarrera III,2001.0,3Ztffv9iOSU1Zb2zVw6iMA
Morodo,reggae,track,OZ 2.0,2001.0,24AIkrGaGWn0MmBowUALkQ
Shabba Ranks,reggae,track,Twice My Age (feat. Krystal),2001.0,26QHRLILFMPiRjX1ij667i
Nasio,reggae,track,Black and Comely,2001.0,0Ac2fqD9CE705dwdZzC2ix
Third World,reggae,track,96°Degrees In The Shade,2001.0,2xeipY0O2GEo8CBOWT3GNp
Buju Banton,reggae,track,Wicked Dickie (feat. Nadine Sutherland),2001.0,22bCF7mgrsIci0hwSmQOiu
Los Auténticos Decadentes,reggae,track,Ya Me Da Igual - Remastered 2001,2001.0,4ehrtnXPQmdXxDQZIZNQQc
Meganoidi,reggae,track,Meganoidi,2001.0,44cTYHd2t24j4H1OmPnPNh
Morodo,reggae,track,Pilla Cacho - Splunch Riddim,2001.0,6wKS8EZlnz9XKYwQFCcfMS
Bandits Of The Acoustic Revolution,reggae,track,They Provide the Paint for the Picture-Perfect Masterpiece That You Will Paint on the Insides of Your Eyelids,2001.0,4ChDxebZnqV99jCzi7db9g
Anthony B,reggae,track,Good Life,2001.0,0gXpHYlIogt68BHIzZlsvM
Long Beach Dub Allstars,reggae,track,Listen to D.J.'s,2001.0,3fNxSEmPtRQ30thjo0ADeC
Lennie Hibbert,reggae,track,More Creation,2001.0,3QLxuwWBC8VpqnhhPUmfBv
Mr. Vegas,reggae,track,She's A Ho,2001.0,0dCd4RFqiBtETld4Pn0xuy
Skalariak,reggae,track,Nuestra Manifestación,2001.0,0gTr1SyywFtKFpLeYlZFl3
Jimmy Cliff,reggae,track,Ska All Over the World,2001.0,3vCRIsTY3iqBmovMktdsny
Nasio,reggae,track,Babylon You Doom,2001.0,5MfwSfuNOgESXgh7ITE0fj
Bom Balanço,reggae,track,Swing do Bum,2001.0,3yeAobOHr3BgP0dARELHUX
Axe Bahia,reggae,track,Dança da Manivela,2002.0,0h3j0F7AdS6WhbjZV2ApzF
Bob Marley & The Wailers,reggae,track,Iron Lion Zion,2002.0,57bvNqmSDfAakSot4cCn70
Jimmy Cliff,reggae,track,Reggae Night,2002.0,1OE5bn5HUmCqTLNpo13ya3
Inspector,reggae,track,Amnesia,2002.0,41xb9U5PEsvZYLKFW50xCZ
Shaggy,reggae,track,Boombastic,2002.0,1jqLJBQwo7yBCqYQWukLkq
Bob Marley & The Wailers,reggae,track,Waiting In Vain,2002.0,1waOqfmEVkVC8WhaIP6uGI
Groundation,reggae,track,Babylon Rule Dem,2002.0,2viRn33nVKRuEjNsOp0zfW
SOJA,reggae,track,Rasta Courage,2002.0,69UuEepWG0wJep3tGqX86Q
Ska-P,reggae,track,Esquirol,2002.0,28Ob24QK2L4ogDYE7uB5Aw
Bob Marley & The Wailers,reggae,track,Natural Mystic,2002.0,1YP719l4JjsOmyU4PGv3c0
Aswad,reggae,track,Shine,2002.0,1abBJRmGX2jLvE0b0GDmFV
Cultura Profética,reggae,track,De Antes,2002.0,3aZQgYCIcO2OQHU7bPvt5R
Bob Marley & The Wailers,reggae,track,"Get Up, Stand Up",2002.0,0q5giEtY4wsFTwjWqswLwx
Errol Dunkley,reggae,track,Please Stop Your Lying,2002.0,4y8vOLeFZGHSeG6yJOKGbW
Ska-P,reggae,track,MC. Dolar,2002.0,4VknPOOIZzmf18CPWTX7jV
Pepper,reggae,track,Stone Love,2002.0,1AO26gK1sI6PoFY9eUF8yV
Bob Marley & The Wailers,reggae,track,I Shot The Sheriff,2002.0,60e5PcqGmlVFQ0HHgUagCJ
Bob Andy,reggae,track,Life,2002.0,0rBuEt8oLwJNGkByZLzc75
Bob Marley & The Wailers,reggae,track,"No Woman, No Cry - Live At The Lyceum, London/1975",2002.0,5rPnv4gceOGKCqbN06F2aJ
Jimmy Somerville,reggae,track,To Love Somebody,2002.0,18iuoY1jt6t8NUZPXyjN2N
Ska-P,reggae,track,Insensibilidad,2002.0,2t5zUDcwX8rsyasBNo9nRM
Jimmy Cliff,reggae,track,I Can See Clearly Now,2002.0,7aJZxI6TVdIvQSuWxQ4rqp
Tiken Jah Fakoly,reggae,track,Le pays va mal,2002.0,5pdJTiYfeKZT7o0Mpqc0yM
Sean Paul,reggae,track,I'm Still in Love with You (feat. Sasha),2002.0,2bskkv8iBlw9KJwXtckZmp
Groundation,reggae,track,Jah Jah Know,2002.0,6Tqvo2iEaaThMOIuvX385k
Inspector,reggae,track,Amargo Adiós,2002.0,0zCOT028cU3DeCqN1G18wE
Horace Andy,reggae,track,You Are My Angel,2002.0,1Ndlq0prZM0pPU37mlZo0q
Bob Marley & The Wailers,reggae,track,Exodus,2002.0,5MRQvbpvXejJJy0OWciP8G
Horace Andy,reggae,track,Sky Larking,2002.0,26ZdLX5Rq9J5lsd7OhHhg5
Ska-P,reggae,track,Estampida,2002.0,2xbTTr8QPrtQY8VZwuT0ol
Ska-P,reggae,track,Solamente Por Pensar,2002.0,1c0ha8gS3jcGDVBva6uGVp
Ska-P,reggae,track,Mis Colegas,2002.0,0p3rxgmQPN5y6QEMzliGZc
Bob Marley & The Wailers,reggae,track,Easy Skanking,2002.0,1efuoLEUL1K0D96d63svRO
Ska-P,reggae,track,Intifada,2002.0,7AA26ipPFoAIRdlUi7u7kf
Bob Marley & The Wailers,reggae,track,Satisfy My Soul,2002.0,6dzrCHBBKutQezMkeWaOEY
Peter Tosh,reggae,track,Wanted Dread and Alive - 2002 Remaster,2002.0,5jkxC8SIZJ4qqusxRPVS5s
Bob Marley & The Wailers,reggae,track,Redemption Song,2002.0,7MKcM6TfaGKQVFfhstCbOw
SOJA,reggae,track,True Love,2002.0,1HnriuDThLq7bEl1QKiaJL
Bob Marley & The Wailers,reggae,track,Stir It Up,2002.0,4FNm4ZJaUVLDCMXcqwS6zY
Ska-P,reggae,track,Welcome to Hell,2002.0,19ahiGWe3qnGCEIxNWPa6I
Bob Marley & The Wailers,reggae,track,Jamming,2002.0,4aUCPal9bxTnQkEfdIY6sG
Bob Marley & The Wailers,reggae,track,One Love / People Get Ready,2002.0,2BSwGHTh4kmckqXQfaCaAp
Bob Marley & The Wailers,reggae,track,Buffalo Soldier,2002.0,0QyBdoz2JktWEo111DBEx9
Ska-P,reggae,track,Consumo Gusto,2002.0,0sNwv0cBkQCtvAfjzJZbQ8
Bob Marley & The Wailers,reggae,track,Could You Be Loved,2002.0,6ZXmTH4DpP07a2TvHx1EF9
Ska-P,reggae,track,Casposos,2002.0,7pLf4wfaLSXzLosvmjd295
Bob Marley & The Wailers,reggae,track,Three Little Birds,2002.0,7vggqxNKwd6xdRoYS0pQtM
Bob Marley & The Wailers,reggae,track,"Punky Reggae Party - 12"" Version",2002.0,1WgOedf4pKmgepml1CMW6o
Ska-P,reggae,track,Niño Soldado,2002.0,40xa0CN0V4fEUlI2WCEjmU
Bob Marley & The Wailers,reggae,track,Is This Love,2002.0,2sevvnMrqH607r5lwk3kFT
Shaggy,reggae,track,Strength Of A Woman,2002.0,3Rv2kFdLcwVdS47BLwo22O
Los De Abajo,reggae,track,Skápate,2002.0,1vLn1lpgNJTHLcLSJqLEK0
Sizzla,reggae,track,Just One Of Those Days,2002.0,6YUTHNchsxKwWs37fFaV95
Panteon Rococo,reggae,track,La Carencia,2002.0,1v3rQg6uPY6AnOY5TtxN7I
Busta Rhymes,reggae,track,Make It Clap (feat. Sean Paul & Spliff Starr) - Remix Album Version,2002.0,6NM525U7IB4Zhpn8d921uX
Gregory Isaacs,reggae,track,Bring Me Your Cup,2002.0,2bt8Yfoq2JeBSYoAya5iJc
Tiken Jah Fakoly,reggae,track,Le balayeur,2002.0,0XowvidUCnYBGmIYyZi3HE
Dirtsman,reggae,track,Hot This Year,2002.0,7a79xbRiQlDBUpMpYE8vRS
Groundation,reggae,track,Weeping Pirates,2002.0,3SLivHGe4d7DDl7MGOlcdz
Phyllis Dillon,reggae,track,Don't Stay Away,2002.0,0TzactgkoJSMMRVddb8aRK
"Lee ""Scratch"" Perry",reggae,track,The Upsetter,2002.0,2oU3L7aXP2ohVQBWMN71H9
Groundation,reggae,track,Freedom Taking Over,2002.0,3jpaYkfECKl1h76aCZrT6T
The Jamaicans,reggae,track,Ba Ba Boom,2002.0,7GUdxwA5wqhkJI5QaFynFn
Andre Toussaint,reggae,track,Perfida,2002.0,2FCUiTKBqqf51hJvPOljZP
Damian Marley,reggae,track,And You Be Loved,2002.0,2SBWRfQVMPPg1Ke98ustDp
Derrick Harriott,reggae,track,The Loser,2002.0,4iI2N6gFBHWoV99d9q0clR
Tiken Jah Fakoly,reggae,track,Délivrance,2002.0,6PEU4HZN0S72cW1GsQgpav
Tiken Jah Fakoly,reggae,track,Y'en a marre,2002.0,7gmARqUl5G8Vsw6tLGLld7
The Uniques,reggae,track,My Conversation,2002.0,2wIOKiZfp8h9ROw3eBAfcc
Manu Chao,reggae,track,Mr Bobby - Live,2002.0,5UETxSX2Ce5UInuQLzR2NA
Axe Bahia,reggae,track,Maomeno,2002.0,6QFJSGEfA4ZIWcF1wp9aTi
Cultura Profética,reggae,track,Donde No Alcanza Mi Verso,2002.0,7gQbpyb0GTNOu8XVWwLfwK
The Untouchables,reggae,track,Tighten Up,2002.0,4jcvkqhSGBvqVgPmvZsLiQ
Tiken Jah Fakoly,reggae,track,Françafrique,2002.0,5YMTSBZWTq0UmA1hvbYUc1
Groundation,reggae,track,Silver Tongue Show,2002.0,6EXEcD9UYRta2csAlRqntW
The Gaylads,reggae,track,It's Hard To Confess,2002.0,3Zz0k1ZyExmZREMSLT10Y4
Hopeton Lewis,reggae,track,Take It Easy,2002.0,5VOrFGEXCJMT5aiDL5Iiaa
Cultura Profética,reggae,track,Días Intensos,2002.0,2L7bcQuqRaa05ufkTNY5lx
Sean Paul,reggae,track,Flip Riddim - Brawta Mix,2002.0,6LIp0ZNNahtn97y1rjHjYW
Shaggy,reggae,track,Hey Sexy Lady - Original Sting International Mix,2002.0,5iaKPpX5BoHn62OyOWk7eE
Andre Toussaint,reggae,track,Cu Cu Ru Cu Cu Paloma,2002.0,4SLPzictZfGZVCm0D3qhwm
The Heptones,reggae,track,Cool Rasta,2002.0,2fNgsscsvtQ6eKx3P8Lesz
Manu Chao,reggae,track,Blood and Fire - Live,2002.0,0eMFg1d1yGkGE7kJUhGsnz
Junior Byles,reggae,track,Curly Locks,2002.0,281S3qFau8oV1zdzgmb0XX
Axe Bahia,reggae,track,Namorar Pelado (Beijo Na Boca),2002.0,5BrlxbAxzVfruijAAsARWi
Manu Chao,reggae,track,Welcome to Tijuana - Live,2002.0,6QYZVoCVHHXwEe92dDv4u4
Horace Andy,reggae,track,Ain't No Sunshine,2002.0,6ICYsILYG5nyNdQuG8EuJQ
Busta Rhymes,reggae,track,Make It Clap (feat. Sean Paul & Spliff Starr) - Remix Album Version,2002.0,2nEanMXkMMOq7qcGurTKZC
Gentleman,reggae,track,Dem Gone,2002.0,3MdGLgsPkpZIYddDfI2tyN
Tiken Jah Fakoly,reggae,track,Justice,2002.0,7pCLt4Fxe74p94bb08x74D
SOJA,reggae,track,Jah Atmosphere,2002.0,6q8fRKMgULYSuSOyit4oIA
Manu Chao,reggae,track,Caí en la trampa - Live,2002.0,5tk0HXwhU1ChSU36EriGbx
Dandy Livingstone,reggae,track,Suzanne Beware of the Devil,2002.0,71RlrObaNXUK8EbREgJHm8
Los Pericos,reggae,track,Pupilas Lejanas,2002.0,0VZ2rAa5ceRaMPMufTVmqd
Keith & Tex,reggae,track,Stop That Train,2002.0,4lrwg5ZBwcyRQ92seMGhIf
Groundation,reggae,track,Picture on the Wall,2002.0,42COkdCYyO7t00TUNPbXDz
Cultura Profética,reggae,track,Inspiración,2002.0,4RdHhgBW4eWV5PohRNYkNl
Manu Chao,reggae,track,Mala Vida - Live,2002.0,2b0j6ABklU6eatfoyG2x1r
Ska-P,reggae,track,El Olvidado,2002.0,109iUVLWJ2KHEE4NQnIFD1
The Upsetters,reggae,track,Return Of Django,2002.0,4cNcyU7vYfzlxJftlKzzJt
Chimarruts,reggae,track,Pra Ela,2002.0,0I23NUlxIwV5OjdZvNkEMS
Axe Bahia,reggae,track,Dança do Vampiro,2002.0,6QVBp3fcHJUyFVVelU0jZn
Planta E Raiz,reggae,track,Com Certeza,2002.0,3lnQYHdFC4TwGVC0LSTu8q
Banda Calypso,reggae,track,Passe de Mágica,2002.0,73cXjAMyYhgqEyqBkU1lox
Banda Calypso,reggae,track,A Lua Me Traiu,2002.0,0LPAMQBgonRFgKqzBtrICt
Discípulos de Otilia,reggae,track,Monstre Bú,2002.0,7aLbv0rP3Uu7ptMPMeFBF4
The Mighty Mighty Bosstones,reggae,track,Everybody's Better,2002.0,30OQNTTFgfdDj4h2fvJB72
Shaggy,reggae,track,Full Control,2002.0,3yfXwjqa2wxnw5e0vkWe97
The Mighty Mighty Bosstones,reggae,track,You Gotta Go!,2002.0,7MAF2f9zVxfTqX1kagwsaE
Bob Marley & The Wailers,reggae,track,One Drop,2002.0,4kJGGwxtl8AogdIMhDac7r
Bob Marley & The Wailers,reggae,track,Easy Skanking,2002.0,4KqP3rgjm1LkcvDHsbZQjY
SOJA,reggae,track,Brothers and Sisters,2002.0,1oWU2i4lcjPPBQtbhGKR79
Bob Marley & The Wailers,reggae,track,Crazy Baldhead,2002.0,1iGDblXANJge2Cqdd6WbYo
Planta E Raiz,reggae,track,Aquele Lugar,2002.0,2sz15cgzZTl6lhgx8KUXNH
Bob Marley & The Wailers,reggae,track,Who The Cap Fit,2002.0,46tBtaS3lTSOXTgXyQVb9C
Dandy,reggae,track,(People Get Ready) Let's do Rocksteady,2002.0,3Y4rzmdDGSGOv79huztWUM
Lyricson,reggae,track,Night And Day,2002.0,1xs8WCB7BVoK61J7QVOBLq
Cultura Profética,reggae,track,Árboles,2002.0,109IRvp8IFTgPDllZdyWJV
The Gaylads,reggae,track,Over The Rainbow's End,2002.0,6dpkCDjD3WzkcI6JHLFOdP
Bob Marley & The Wailers,reggae,track,Africa Unite,2002.0,0X1R3pkAhWS0n9sMNFaLtP
Skatalà,reggae,track,Llunàtics,2002.0,7qgsrhPAHVsOfIUEhO33jH
SOJA,reggae,track,"Non-Partial, Non Political",2002.0,5vRdjISuheTq6AESKKJyWe
Dandy Livingstone,reggae,track,Think About That,2002.0,5QPX5lTR5oodlGkBRsfdYp
Gentleman,reggae,track,Runaway,2002.0,2pFOOeunnbih8Wmk9bEdVF
Axe Bahia,reggae,track,Ali Babá,2002.0,2nBysAJv05ZEQoJYb9qOcX
Shabba Ranks,reggae,track,Mr. Loverman (feat. Chevelle Franklin) - Radio Mix,2002.0,0pZDbqv386WgVGZgzhokSC
Panteon Rococo,reggae,track,Esta Noche,2002.0,2HZ9lGdprVT5XpOUf12h4z
Misty In Roots,reggae,track,Man Kind,2002.0,2nXrbCG4XXr7AD2v3tTtxP
Los De Abajo,reggae,track,War 4 Peace,2002.0,3beXppvBycZ5qD0ZNpRiXb
Peter Tosh,reggae,track,The Poor Man Feel It - 2002 Remaster,2002.0,66uWCaWOrPpMbMQVUWoCLR
Los Pericos,reggae,track,Me Late,2002.0,3wRBEsV5bfjV5uktXnODJr
Dezarie,reggae,track,Most High,2002.0,4CKRlfDTMMrwLTPhotduHY
Bob Marley & The Wailers,reggae,track,War,2002.0,6YGKYS4j0kXhFVHIXGCiPe
The Upsetters,reggae,track,Dollar in the Teeth,2002.0,5HARyzTl6cIvyhCp6tHi0k
Groundation,reggae,track,Undivided,2002.0,0alq5cybseCXadlorQh8Q2
Sizzla,reggae,track,Woman I Need You,2002.0,0Fzuhc7Lfyi4W66unSNtMb
Ike Bennett & The Crystalites,reggae,track,Illya Kuryakin,2002.0,55f5wRhUlYivT5RoFulIbl
Bob Marley & The Wailers,reggae,track,So Much Trouble In The World,2002.0,64dhy8SHYYN8GZLM8LZRBg
Manu Chao,reggae,track,King Kong Five - Live,2002.0,6vxzeMhNuiOzJubJZXgGjv
Sizzla,reggae,track,Solid As A Rock,2002.0,0jgyTx1QHB5dvsylTJhcvK
The Upsetters,reggae,track,Return Of Django,2002.0,3wvj54RWGQIVlc3cgepoNs
Reel Big Fish,reggae,track,Where Have You Been?,2002.0,6RSOCjJ8pbT0Vwn9aBmX17
Bob Marley & The Wailers,reggae,track,Sun Is Shining,2002.0,3Jodg6CF3jAf1IGD3Qkqbe
Zenzile,reggae,track,Smell The Roses,2002.0,089w7oBLnYYooAgPq8qUpt
Los Pericos,reggae,track,Waitin',2002.0,2vy7MUiknonuVH3TlPKr34
Roots Manuva,reggae,track,Witness Dub,2002.0,6HyF16OcOabYIJ5NIwKI5U
Betagarri,reggae,track,Zure Ingurua,2002.0,71IM5VszGXCl9RtkHu1UWd
Mallacán,reggae,track,O mirallo crebau,2002.0,23Jp9vNEIMFNLsnPd3uvxn
Wyclef Jean,reggae,track,Knockin' On Heaven's Door,2002.0,2493DnjEZ74LJPQl7XmZJk
Busta Rhymes,reggae,track,Make It Clap (feat. Sean Paul & Spliff Starr) - Remix Album Version,2002.0,3v2vWFKLBSYe5Otf2WnpWr
Elephant Man,reggae,track,Pon De River Pon De Bank,2003.0,46l7fOJggsNqrNPJeFk0og
Resistencia Suburbana,reggae,track,Rastone,2003.0,2pRypteLYWvWk2Gq6A8wQ6
Sean Paul,reggae,track,Get Busy (feat. Fat Man Scoop & Crooklyn Clan) - Clap Your Hands NowRemix,2003.0,22dG2tDwIPvTtkBQCt4JqE
T.O.K,reggae,track,She's Hot,2003.0,435SnpUKUxCaOf0ivxMQTF
Ska-P,reggae,track,Romero el Madero,2003.0,2CIqi6ND5HkLlxkwJ6eiXf
Easy Star All-Stars,reggae,track,Speak To Me / Breathe,2003.0,5L7QptioCo73sGCTfAj7ln
Ska-P,reggae,track,Estampida,2003.0,5PtT3vwGdQGhZzF9fvjMZi
Ska-P,reggae,track,A La Mierda,2003.0,1X1DDNQta8u4EuIlhaYkc4
Less Than Jake,reggae,track,The Science of Selling Yourself Short,2003.0,1iD0a0plhO55cWEJa5UGcZ
Ska-P,reggae,track,Mestizaje,2003.0,7uINkjmH4VMViSqh0pBSks
Easy Star All-Stars,reggae,track,Time,2003.0,1uLBDlBZROhCvLAX5LdKrI
Groundation,reggae,track,Ruling Dub,2003.0,548PyoQoMh7prmCfpyJvJr
Streetlight Manifesto,reggae,track,Everything Went Numb,2003.0,0TZ1MAPCWb2jpaKzS5Muyz
Dr. Calypso,reggae,track,Se'ns Pixen,2003.0,3mbudHwCOz1vQOtMDnjbLY
T.O.K,reggae,track,She's Hot,2003.0,05jHFnv6I9aOij4uipICJe
Skalariak,reggae,track,Luna De Barcelona,2003.0,1L2Id8FgvWUyMjJRAW7mvW
Quique Neira,reggae,track,Pensando En Ti,2003.0,5XORpyys9dvyjJWpTYeame
Skaparapid,reggae,track,Konfesión,2003.0,20K8gKxabOpZe5BEJH2thY
Easy Star All-Stars,reggae,track,Money,2003.0,5QREkNN2kAKUsXppK9Vrcu
Los Auténticos Decadentes,reggae,track,Pendeviejo,2003.0,1N9UaGzXe20ZRXpGDrQZhI
Intoxicados,reggae,track,Reggae Para Los Amigos,2003.0,3rLMwqrvbr38wcud6FxB8i
Dub Inc,reggae,track,Rude Boy,2003.0,1OR5HVQgKpCZn2JNIwTKmq
Wayne Wonder,reggae,track,No Letting Go,2003.0,5dWfl2PBpKHpBVdz95wxK1
Ska-P,reggae,track,El Gato Lopez - Directo,2003.0,4CSD0AB4DphJR5R9mVMoFE
Banda Bassotti,reggae,track,Fischia Il Vento,2003.0,6Dtai6J82Gnc8fPOJ9FIqU
Ziggy Marley,reggae,track,Dragonfly,2003.0,6nawvymysrG1PgLtNpUwVL
Hawkeye,reggae,track,NO VEE NO VA,2003.0,4LBiFtHPgIcwxijzBtV4oP
Ska-P,reggae,track,Intifada,2003.0,5UBzwVIoNV1frnZFKdWJ1q
Los Auténticos Decadentes,reggae,track,Viviré por Siempre,2003.0,5SDPJjP3G1U2ipKcDwvqv8
Slightly Stoopid,reggae,track,Collie Man,2003.0,0psXs0SxH2hGnJoj8C2fFf
Ska-P,reggae,track,El Vals Del Obrero,2003.0,6huVmxA8WdA7ArpX21kyKs
Sean Paul,reggae,track,Feel Alright,2003.0,47uGUUYoi4JndJz0jrPkwB
Ska-P,reggae,track,Niño Soldado,2003.0,4m3OKmzYSFhtNvl7zhl9fI
Ska-P,reggae,track,Mis Colegas,2003.0,4CxJOwb9VhBOLTwHf77WsO
Dub Inc,reggae,track,My Freestyle,2003.0,4j4Xt8K45dJU8NEwIoPFeu
Gecko Turner,reggae,track,Rainbow Country,2003.0,34c0ZY9p33YL99QJSGOZmA
Sidney Crooks,reggae,track,Papa Was a Rolling Stone,2003.0,5n0WsaspK9ECkiBncJd4zR
Skalariak,reggae,track,El Tiempo Es Tuyo,2003.0,2t3dgbYobYjPwBsEhgjC0g
The Pioneers,reggae,track,Let Your Yeah Be Yeah,2003.0,7D6amNSNFFM2K5opPnpQ8F
10 Ft. Ganja Plant,reggae,track,Mercy,2003.0,2LehHKubfBGPGza3pk3uIj
Peter Tosh,reggae,track,Legalize It,2003.0,605ZHoLZx7PtQ8fXgvN10K
Skalariak,reggae,track,Jose Republica,2003.0,0ByhfSSVidQNexZwxLlqi0
Ska-P,reggae,track,Cannabis,2003.0,3fEEbbRZEWVP1FzGwSLfxA
Rupee,reggae,track,Tempted To Touch,2003.0,0ENQCg0FziqV4VB9U2xTf5
Ben Harper,reggae,track,With My Own Two Hands,2003.0,1Xb8GfUSYCqAkcNrd6pW0M
Shaggy,reggae,track,Hey Sexy Lady,2003.0,0RattG3xPZJyaynlTMJXeQ
Skalariak,reggae,track,Despideme,2003.0,1TzaV3yEKswqIBrvi7VLKv
Bob Marley & The Wailers,reggae,track,Trenchtown Rock - Live At The Roxy Theatre,2003.0,6AN6ciH6HnEc9DviPYabny
Bob Marley & The Wailers,reggae,track,I Shot The Sheriff - Live At The Roxy,2003.0,7HrXkDaGGJ7U5ZmFfFugdD
Ziggy Marley,reggae,track,True To Myself,2003.0,5N0lcnJTtKj4wNDvurHige
Ivete Sangalo,reggae,track,Sorte Grande,2003.0,2IXiZtz7EVJpsyZwoxBy6K
Gondwana,reggae,track,Dulce Amor,2003.0,6yo07MyYoNMfGXJzrwbGLl
Slightly Stoopid,reggae,track,Officer,2003.0,57FmgryMQDg7fxbyR65dcT
Lil Jon & The East Side Boyz,reggae,track,Get Low Remix,2003.0,2HJB0UGH3wzPivgZjnohQG
Ara Ketu,reggae,track,Carta Branca,2003.0,6Pbve0TrBzMtFYxbgxDWBQ
Gondwana,reggae,track,Felicidad,2003.0,34Uygh7OsoZdlzzDbHgjgb
Gondwana,reggae,track,Sentimento Original,2003.0,221XD85dLV8jiMyrEz1JBQ
Banda Bassotti,reggae,track,Nicaragua Nicaragüita,2003.0,2xSZhCfkM34nfxBgkOOQYT
Ska-P,reggae,track,Welcome To Hell,2003.0,21LvR0Ti7whi91dtPPGwTE
Easy Star All-Stars,reggae,track,The Great Gig In The Sky,2003.0,3QqQmA4Cu63Sw1ZTOPTlfP
Resistencia Suburbana,reggae,track,El Leon,2003.0,2I0sj7M1frtYucPJfc5wUI
The Pioneers,reggae,track,Reggae Fever,2003.0,794RVpEM5y0iOIVh3tFJS3
Terra Samba,reggae,track,Rebolea - Versão em espanhol,2003.0,2DxGdSRw1uRaEPp0yHZup6
Ska-P,reggae,track,Casposos,2003.0,2R5ITHd1vSK5eywDjMzobF
Wayne Wonder,reggae,track,Bounce Along,2003.0,6hDdz3s6TMHF6ohnCIa1z6
Rita Marley,reggae,track,Harambe,2003.0,2WkJww7lMTW2ZpA9qm6R2J
Phoebe 1,reggae,track,Knocking on Heavens Door,2003.0,7HJBY6JQnsotMwt64Jb4NT
Rhythm & Sound,reggae,track,King in My Empire,2003.0,5zfR5yKsmAiyiH6AbaNiOY
The Suicide Machines,reggae,track,High Anxiety,2003.0,37QqfVWLgeq4IMCL6NawGA
JAHSTA,reggae,track,Niños del Ghetto,2003.0,70tY0jeFWEhotAvrN0LJ0l
Skalariak,reggae,track,Sarrera IV,2003.0,0ZrMWCxb8un3D9MjwnUpKC
Chulito Camacho,reggae,track,Marihuana Cura,2003.0,7r1FJ6IvMqNr9WAWiXFB5w
Sergent Garcia,reggae,track,Poetas,2003.0,5q1ZINUwiiBvwGz4g5Caqd
Kana,reggae,track,Original,2003.0,3SepvqabFQC9AhBurE07y2
Ska-P,reggae,track,Vergüenza,2003.0,48Kq9gPlqQGydYETEOTMrU
Freddie Notes,reggae,track,Montego Bay,2003.0,0m4Yn98gCvF65e819i9DXF
Lucky Dube,reggae,track,The Other Side,2003.0,7FsRBqRW2DT2yjNG2EIhwx
The Limp Twins,reggae,track,The Dub That Sank My Sub,2003.0,5VO3NsQO7HFQnfhZ1dpF8g
JAHSTA,reggae,track,Vuelo,2003.0,1gnpE8qqSfT70rRhUO9K0p
Easy Star All-Stars,reggae,track,Great Dub In The Sky,2003.0,4mAnqyyXCauUnBkFRBke5f
Los Auténticos Decadentes,reggae,track,Beatle,2003.0,1guhhX1iVL3of76e2Y9dDV
Ziggy Marley,reggae,track,Rainbow in the Sky,2003.0,2U7kXTPxWV8OS7ZR3muAJT
Ska-P,reggae,track,Paramilitar,2003.0,7IzW8AdSmSBtzctWRJisTB
Ziggy Marley,reggae,track,Looking,2003.0,0P6g4X0sQlKCDp9mKSHsjl
Ziggy Marley,reggae,track,Good Ol' Days (featuring Cedella Marley),2003.0,28Q2F391hseaFE88B3jki4
Ska-P,reggae,track,Planeta Eskoria,2003.0,7m2FbvwyJQ1hX9OjHVfve4
Joe Budden,reggae,track,Mardi Gras - (The Remix) - Album Version (Explicit),2003.0,5jdgDZQkio9fdlf5pSRwtv
Morgan Heritage,reggae,track,She's Still Loving Me,2003.0,70GGSrW7MGcqLECkT0NkjG
Sergent Garcia,reggae,track,Mi ultima voluntad (Tonite),2003.0,252nm9BBDtnTKdEsuNRIxK
Ska-P,reggae,track,Solamente Por Pensar,2003.0,06eSIlRqZeDwvh8Lc04GJX
Dr. Calypso,reggae,track,Mr. Happiness,2003.0,4Kgp9pMG8cON2ntMaW5f9b
Seeed,reggae,track,Waterpumpee (feat. Anthony B.) - Waan Back 2002,2003.0,2WjP6HxBOnNNtaQ4LXYK4A
Skalariak,reggae,track,En Mi Nombre,2003.0,6I5QC9zT8fadH9BIRjyy8n
Morgan Heritage,reggae,track,A Man Is Still a Man,2003.0,5vSC5UXHw3km4F8AlqRXEF
Beres Hammond,reggae,track,Last War,2003.0,7LjmwVHnGqRsDvFCf2FfSt
Chulito Camacho,reggae,track,Las Heridas del Corazón,2003.0,38pKr1p7OMkDiypnxad6RE
Sean Paul,reggae,track,Get Busy [feat. Fatman Scoop and Crooklyn Clan] - Clap Your Hands Now Remix; Street Club Long Version,2003.0,1OreteILiOjRelbdE3uPAb
Dub Inc,reggae,track,Life,2003.0,3pgkrmwpcIMZq07izqWqTw
Less Than Jake,reggae,track,Look What Happened,2003.0,2zPrdI7V4Pik4He87Nhdbl
Lucky Dube,reggae,track,Ding Ding Licky Licky Bong,2003.0,6vPGzGs3RmSKTx7MHeM3X7
Slightly Stoopid,reggae,track,Sweet Honey,2003.0,3oHNAil3RvYNz58fogLJvp
Chiclete Com Banana,reggae,track,Diga Que Valeu - Ao Vivo,2003.0,5H7muV14Pp4CAf3zdOBerU
Wayne Wonder,reggae,track,No Letting Go [remix],2003.0,4EFNot2GXkAt3MAQk7pJIz
Dub Inc,reggae,track,Galérer,2003.0,5wsPcuOfuRmVaZADcOhWhw
Resistencia Suburbana,reggae,track,El Tren de la Resistencia,2003.0,6TTwoxykVTg6cQrM7eYbNp
Fishbone,reggae,track,Ma and Pa,2003.0,7wotdNGMm6PrQ9xUXYQtVp
Lutan Fyah,reggae,track,Crystal Clear,2003.0,4bdiP0cmT1raeD1DStjNar
Sasha,reggae,track,Dat Sexy Body,2003.0,4zQwQaqmC9PkT94MiNB281
Easy Star All-Stars,reggae,track,Any Colour You Like,2003.0,6Y6hUMmFGfpGggqnrwNYF0
El Gran Silencio,reggae,track,Super Riddim Internacional,2003.0,0TyH4jFn7eeSJM4gfkql7h
LaMeka55,reggae,track,55 Esperanzas Puestas en Ti,2003.0,0GHCoJshuPC0xbbvAm8fMU
Gondwana,reggae,track,Antonia,2003.0,5n40SAKMk89wdWyhTfWzx4
Terra Samba,reggae,track,Reboleio,2003.0,07ncOvQQKq915N7Pj0C5qh
Chulito Camacho,reggae,track,Solo Hago Reggae,2003.0,1vrAEV2RqJkXtzTRvismj3
Streetlight Manifesto,reggae,track,"A Better Place, a Better Time",2003.0,4LqxQzP3F0EXf00M58URik
Seeed,reggae,track,Waterpumpee 2004 - English Version,2003.0,4bJIM2tHXmAsiypme5ccvZ
Kana,reggae,track,Plantation,2003.0,3mdfBcdD8C3NbJ0SUBjA5i
Wayne Wonder,reggae,track,Saddest Day,2003.0,4qaxWylitp9qvg0zsaEqeo
El Roockie,reggae,track,Ganas de Amarte,2003.0,2Z6ETIJKUgGrtNjYfgJora
Easy Star All-Stars,reggae,track,On The Run,2003.0,4jg8gzEkemr3E7fmMbFzWe
Anthony B,reggae,track,Police,2003.0,6LtaXQAwy6qy3lnSP0BuZ3
Twinset,reggae,track,Sweet Thing,2003.0,1Oi4ABwikl2Fplm7rx5QHz
Salon Victoria,reggae,track,Mi Vida es un Tango,2003.0,7dCOvIWIepwEn9Vxa2dpR6
Chiclete Com Banana,reggae,track,Amor Perfeito - Ao Vivo,2003.0,5EWlLpz98txi7UG0pQQLvQ
Peter Tosh,reggae,track,Buk-In-Hamm Palace - 2002 Remaster,2003.0,1EaoyUXLaWFFA1bbE1KMI4
The Pioneers,reggae,track,"Give and Take (Give a Little, Take a Little)",2003.0,1vBUONXF9s3qbXKIGC2sMl
Less Than Jake,reggae,track,Plastic Cup Politics,2003.0,3bEUz1Y168KAWC7Vb7e0yz
La Mosca,reggae,track,Patadas En El Corazon,2003.0,2nrinkghKL96CmwnHnHrOJ
Resistencia Suburbana,reggae,track,La Union Verdadera,2003.0,5ZGBUXDTlUeYLw2glsuEJF
Streetlight Manifesto,reggae,track,Point / Counterpoint,2003.0,1NM2qI63ylqg62yxpEvTXu
Burning Spear,reggae,track,Not Guility,2003.0,3w2a729QpGLTLUBSuKUrfW
Less Than Jake,reggae,track,Surrender,2003.0,1ofPoqePnu5k2Y6BMpaldz
Judge Dread,reggae,track,Look a Pussy,2003.0,6CtyGtm0tlEp69zoxsgVuU
Judge Dread,reggae,track,Big Seven,2003.0,21rd520It0pWlji0YGoY2c
Less Than Jake,reggae,track,That's Why They Call It a Union,2003.0,1zAQ1NxUpatCMwE1eF97va
Sergent Garcia,reggae,track,Long Time,2003.0,1EXeWJFe2hFkw6mdNnRJaR
Morodo,reggae,track,Presidente,2003.0,1BFLjXJzpYQCuWajAuOEmf
The Toasters,reggae,track,Weekend In L.A.,2003.0,1gF9kabquW6I5VxHcqmnx1
Gondwana,reggae,track,Armonia de Amor,2003.0,0FGiRaJJoao1C1pNrqpxQA
JAHSTA,reggae,track,Digo Que Vengas,2003.0,7Lt5PgWvDECsnZHCFEJihg
Seeed,reggae,track,Respectness,2003.0,5ZDngGE7Ju32CRfsvfMEdm
Resistencia Suburbana,reggae,track,Por Amor,2003.0,0ESCoYNoAYqEp4Wwjxnd4s
Banda Calypso,reggae,track,Príncipe Encantado,2003.0,05KTmMzzwMOoxjANKf09z5
Cordel Burrell,reggae,track,Coolie Dance Rhythm,2003.0,7ditbl8EoQ7JuLmnQONwAk
Joe Dukie,reggae,track,Midnight Marauders,2003.0,5Q6fSycd2p3Vc1TOombvFZ
The Pioneers,reggae,track,Time Hard,2003.0,5WnKjYSWEn79y1eNEiNiYm
Greyhound,reggae,track,Black and White,2003.0,1kJmUzIzRIYJjr2nGNwgCg
Beres Hammond,reggae,track,Can You Play Some More (Pull It Up),2003.0,1CCEL3jEqzb1ILPsWsxWZz
La Mosca,reggae,track,Matame,2003.0,7xq46hwhuT8EHSLhKbAcnA
Easy Star All-Stars,reggae,track,Us And Them,2003.0,05vgup4g7KCoxmVP1LAyjR
Beenie Man,reggae,track,Dude,2004.0,746nPV2NXSoxW3imGpG8gk
The Expendables,reggae,track,Bowl For Two,2004.0,7wCgKgkuthR3K568qESxDp
Beenie Man,reggae,track,King Of The Dancehall,2004.0,2vACumvzzT2ZngO2p7i3Gu
Symarip,reggae,track,Skinhead Girl,2004.0,0nWvOXF9Ww4V69sHUQTgrn
311,reggae,track,Love Song,2004.0,3mtukCAgd0mE260QcBfXAX
Tiken Jah Fakoly,reggae,track,L'Afrique doit du fric,2004.0,6JdIJl2d62ATvmF5eGY7Pz
La Kinky Beat,reggae,track,No Es Lo Mismo,2004.0,4ZQOfjKrSON9Xj96wbT5rD
Betagarri,reggae,track,Verde,2004.0,1QnEnxm4K6zmCvEcJM9uP4
Tapper Zukie,reggae,track,Give Thanks,2004.0,3cDj0L3aa1FEMea7CE8Llz
Tchakabum,reggae,track,Dança da Mãozinha - Ao Vivo,2004.0,5uKnqGzXgmzlctR3rz8Edt
Gondwana,reggae,track,Give Your Love,2004.0,6SCxbGzB7xJBPqkEvobpFf
Nina Sky,reggae,track,Move Ya Body (feat. Vybz Kartel & Jabba) - Remix,2004.0,5asjDaBpVE0tbCgJ04J0R7
Toots & The Maytals,reggae,track,Merry Blues,2004.0,5mcZc1KxM1a2imYq3UpFZv
É O Tchan,reggae,track,Pau Que Nasce Torto / Melo Do Tchan - Medley,2004.0,5PkTujqwUcpoiH20ysOjS3
Morodo,reggae,track,Los Carros de Babylon,2004.0,3GyECIPcN3YVkCgLgU0WiB
The Wailers,reggae,track,Simmer Down,2004.0,7nXKUIheOyysKPOISIfvMp
Tapper Zukie,reggae,track,Mello Rock,2004.0,56qucdqJ6WlI0L1x4HSPHU
Carlton & The Shoes,reggae,track,Love Me Forever,2004.0,0j9uTlaM3SGKb2I1y79ee0
Joe Dukie & DJ Fitchie,reggae,track,This Room,2004.0,3QV5xvtU87ZwNJ3JV8KyOq
Tiken Jah Fakoly,reggae,track,Ca va faire mal,2004.0,7cwNq3u2snS1T1C4CViHqp
Morodo,reggae,track,Revelación,2004.0,1Wpvr3m2q7i73CUtC9v5Si
Gentleman,reggae,track,Intoxication,2004.0,39knzsFcBOEpv7dSGrIilV
Tiken Jah Fakoly,reggae,track,Quitte le pouvoir positive Black Soul,2004.0,1epQtq7B2Xii7pR3xBw3Ri
Braga Boys,reggae,track,A Bomba,2004.0,1syj5noYd0GUqHflMH6zda
Los Fabulosos Cadillacs,reggae,track,Calaveras y Diablitos,2004.0,67VY2M8IZedcXJcy8LG5EH
Los Cafres,reggae,track,Este Jardín,2004.0,5UgPN09gWrOMI9zC2io8yC
Ska Cubano,reggae,track,Babalu,2004.0,2q6Ctk1nBJU59XtYhiN47b
Morodo,reggae,track,Nyahbingiman,2004.0,1L9ETnALEGFMf62NRhdFbk
Cypress Hill,reggae,track,Ganja Bus (feat. Damian Marley) - Explicit Album Version,2004.0,4QDGjjhg0TFdCAyQz5HVr5
Morodo,reggae,track,La Mentira,2004.0,5qLUey1sjxxucS17aBFvS1
Gondwana,reggae,track,Mi Princesa,2004.0,6qwIv4W6tUPxt2jLz84tlo
Morodo,reggae,track,La Yerba del Rey,2004.0,2KxRGyVpoFjHJhdESy467E
Ska Cubano,reggae,track,Chango,2004.0,1hl3OmpIUl1EhOwMjtibCa
Tiken Jah Fakoly,reggae,track,Plus rien ne m'étonne,2004.0,2g4FmxUiMLF4glwodK3l2W
Junior Byles,reggae,track,Fade Away,2004.0,56SuUInH7q8qqpOulO1wIZ
Morodo,reggae,track,Divina Ciencia,2004.0,4UQ98S819IC4qQ2lld1ZXj
Los Cafres,reggae,track,Si El Amor Se Cae,2004.0,0fzgd6DgpsSYg5igdOUGJR
Gentleman,reggae,track,Superior,2004.0,2xc8WSkjAp4xRGV6I1Aktb
Morodo,reggae,track,Yo me pregunto,2004.0,1bmiM8oHWjanWlg5aQ4BYu
Tanya Stephens,reggae,track,It's A Pity,2004.0,0oWha7OKAqQwFZymfthIEV
Daniela Mercury,reggae,track,Maimbê Dandá,2004.0,1IeKuhWMm5GKjfRq42IuDY
Morodo,reggae,track,19: 00 - 22: 00 (Binghi No Cry),2004.0,5xlWmYtGfW7rL7PLGHKOLm
Morodo,reggae,track,Bad Bwoys,2004.0,66keVf51gorq0QgTUVjgbX
Symarip,reggae,track,Skinhead Moonstomp,2004.0,1e8HuiUmU2ecHV5ro54yrR
La Kinky Beat,reggae,track,Pirata Capitán,2004.0,0peCjjvb2ub8kitZbO8JwN
Tiken Jah Fakoly,reggae,track,Tonton d'America,2004.0,3Ho6jFbwTcviwluL6jFroB
Morodo,reggae,track,Que vas a hacer?,2004.0,7ICtpTBEsCyqs0N79tUUJE
Morodo,reggae,track,Mas Yama,2004.0,6cGtzKpK5GfR0Du5FEgCu6
Capleton,reggae,track,That Day Will Come,2004.0,6D4eMFcg3DquhNOQsNanQk
Betagarri,reggae,track,La Chica Del Batzoki,2004.0,7zU70EMSHlRTq8qQdQsQjP
É O Tchan,reggae,track,Na Boquinha Da Garrafa - Ao Vivo,2004.0,38VkyrAqo5MayWnKqQVRbQ
Ivete Sangalo,reggae,track,Flor Do Reggae - Ao Vivo,2004.0,2oh9IhwPLdMxtMmyKFZNcj
Planta E Raiz,reggae,track,A Dois Passos Do Paraíso,2004.0,7ufUJIw2u1Qj74CMr5M4KP
Banda Calypso,reggae,track,Me Telefona,2004.0,5ixmhCly6NQggkyFsDpJ0E
Chiclete Com Banana,reggae,track,100% Você,2004.0,2msjqUjA6Eg5TI2M5EwJ8A
Los Cafres,reggae,track,Nice Time,2004.0,6zTmBVtXNBKJvVsb2rJiHd
É O Tchan,reggae,track,Dança Da Cordinha,2004.0,2VnvdUFJLC1CIe16MgH70N
Michael Palmer,reggae,track,Don't Smoke The Seed,2004.0,79GhBS8dI1fGco9hLhKuzk
Tiken Jah Fakoly,reggae,track,Imadjigui,2004.0,7z7W12dlde64sg51ShSJ1W
Morodo,reggae,track,In tha party 2,2004.0,4c3itsuPtSjRn1wxeyi0GR
Jackie Mittoo,reggae,track,El Bang Bang,2004.0,4tVaepYgipx61XGZ8BU7K0
Los Cafres,reggae,track,A Pesar,2004.0,4Mhl9Xa2PL0OKHuF7jLQrj
Winston McAnuff,reggae,track,Sentenced,2004.0,22PiuSB6cu85wP1N4ivxNh
Slim Smith,reggae,track,Rougher Yet,2004.0,5QDKHqzMXP5ITlbwqbn07m
Antidoping,reggae,track,Sal a Caminar,2004.0,2dXRqnBkwkr44oKvvNdeaZ
Bernard Lavilliers,reggae,track,Question de peau,2004.0,0GdRrzgGEHzBqAqh7hFUYa
Betagarri,reggae,track,L'estaca,2004.0,6zUeLyiiKbEXOh6S1IlKQK
Joe Dukie,reggae,track,Midnight Marauders,2004.0,1H61n8H0ldYMb2T7XalKMp
Andy and Joey,reggae,track,You're Wondering Now,2004.0,5AY85Ty4nAmgsm0c2TkHl0
The Aggrolites,reggae,track,Dirty Reggae,2004.0,13PXob70Jekv1xyz3rFEN0
Jennifer Lara,reggae,track,Consider Me,2004.0,6qVodemcQoATdMCO5eUAlo
Monsieur Lezard,reggae,track,Red Eye,2004.0,4wQeds33XoW6Z9R2dA3213
Gondwana,reggae,track,Fluye,2004.0,2crdEEBy8ja6mBGjPxfpxZ
Los Cafres,reggae,track,Mi Aliento,2004.0,5KHWBI8FTuKOVu80l5M3xz
Ardijah,reggae,track,Moonlighting,2004.0,3bgfkSD8cqjbV8TnTqeChj
Tiken Jah Fakoly,reggae,track,Alou Maye,2004.0,5OLPInMdSLPdDFNxRQCqMN
Los Calzones,reggae,track,Mala Vida,2004.0,3o3ggHATl6U21OBID9YbzC
La Gran Orquesta Republicana,reggae,track,El Miedo Global,2004.0,1cZpXBGBXH38aP4JpaUTwV
Sugar Daddy,reggae,track,Sweet Soca Music,2004.0,2HgjzDF1hWD6xBuFQD8YYH
Groundation,reggae,track,Praising,2004.0,6wH46St9Yb6qH1l8Hvw2tp
Groundation,reggae,track,Music Is the Most High,2004.0,1PbqJyE970AqKIIRAlpHH9
Antidoping,reggae,track,Medicina,2004.0,4zRbnZkeN4TNBJgGcTDMqG
É O Tchan,reggae,track,Melô Do Tchaco II (Dança Gostosa),2004.0,6SBuIIwLvFm8mHNAbmZb8Z
Luciano,reggae,track,Give Praise,2004.0,5T2LXl0UjYknpRme8lQoXy
Betagarri,reggae,track,Skalatu,2004.0,26a0VLm64Oii9qIOnqgOIv
Lord Superior,reggae,track,Rum & Cola Cola,2004.0,6R9UbLVFg6xCwIXBwZ4ms0
Cañaman,reggae,track,Mi Niña,2004.0,22Kk5FBOwKq0ojHyXIQjrb
La Gran Orquesta Republicana,reggae,track,República III,2004.0,5GAa5IOFKGE48QY8ypC9yQ
Manasseh,reggae,track,"Natural Roots Orig. 12"" Mix",2004.0,0T1SND0r2KUJRq0UB33Ojo
Ken Boothe,reggae,track,Arte Bella,2004.0,1bASLPmZQyMXqCXqd9zuj8
Kevin Lyttle,reggae,track,Last Drop (feat. Spragga Benz),2004.0,3jsILDpSOpWTyLZMhpoZRA
Talco,reggae,track,L'odore della morte,2004.0,2z38GvHmZnG2zrL2PiMRUy
Betagarri,reggae,track,Euskadi Antifaxista,2004.0,3cXaLd0lkYfWIYilJYV9uw
Elephant Man,reggae,track,"Jook Gal (Wine Wine) [feat. Twista, Young Bloodz & Kiprich] - Head Gawn Version",2004.0,23TTbRZkQHjVcwtNFF4hQF
É O Tchan,reggae,track,A Dança Do Bumbum,2004.0,6kuqOKgvpqYGpEbuKQNhgM
The Black Seeds,reggae,track,So True,2004.0,5gAHSJPdHqz2MHc5WsfXnD
Betagarri,reggae,track,Baldin Bada,2004.0,5fAFa378d3Pkk1cpmFcDen
The Skatalites,reggae,track,Exodus,2004.0,72khzOyNo4nUu6TmjBkdki
Morodo,reggae,track,Combination,2004.0,3p4Ymcg8fevE1TxsU3yAv0
Edi Fitzroy,reggae,track,Hotel California (feat. Bigga Star),2004.0,7fcADgMvw5i8qvri9LQ1xm
La Tremenda Korte,reggae,track,Total,2004.0,2y0ee1wuzrrZmBTZw2ztaa
Margareth Menezes,reggae,track,Faraó,2004.0,6sDFxI3dj8r1EsscyedSeX
Macka B,reggae,track,Step Up,2004.0,6cbqh8woSu03Vj8s1PCK9C
Toots & The Maytals,reggae,track,Funky Kingston,2004.0,1A0LEAS3aaO5R233Akp707
Talco,reggae,track,Partigiano,2004.0,4ov3a2VpND9OMG1YB7y3Y1
Talco,reggae,track,11 settembre 73,2004.0,4TQPlm3u20kdgtGRaqLqeJ
Tiken Jah Fakoly,reggae,track,Où veux-tu que j'aille,2004.0,6dJvYXJUSNxPKhHZRu2c9E
Tanya Stephens,reggae,track,Can't Breathe,2004.0,19Q4p3F0JRrFn2h9y76sYg
Prince Jazzbo,reggae,track,School,2004.0,0BhJAoLUF7conphH9fs7Ga
Beres Hammond,reggae,track,Groovy Little Thing,2004.0,3zAfwCsdDPKyiWBv6apdeT
Discípulos de Otilla,reggae,track,Viento de libertad,2004.0,11SLe6nYxr8RXYd0lhKsRv
Betagarri,reggae,track,Legalize It,2004.0,6OfreP0ifg8a4MK99zvQTF
Tiken Jah Fakoly,reggae,track,Deme,2004.0,4yNIkYBu3eaivxPRkrYwqg
La Tremenda Korte,reggae,track,Tanto amor me marea,2004.0,4jGSfblxObklndcGJprEoa
The Burning Souls,reggae,track,Here Comes the Sun,2004.0,0KoAC0celsM3Ii7NjcXG9g
Los Cafres,reggae,track,Hijo,2004.0,2J6sZLoWCUoYCeVo24isWB
Hepcat,reggae,track,Dance Wid' Me,2004.0,6hBiP3KP0JsYhxUSM7XKfy
Morodo,reggae,track,Desenlace,2004.0,432MmSOnib9fkUi6d23nJc
Kanka,reggae,track,Skunky,2004.0,41HUNMEsiC1HJWASDLbmLC
Ska Cubano,reggae,track,Yiri Yiri Bon - Dancehall Mix,2004.0,6d7D17NNbq51xdESK9ENhB
The Soul Syndicate,reggae,track,Riot,2004.0,022HuLiYeCu4YT1hUwhI1o
The Heptones,reggae,track,(I Can't Get No) Satisfaction (feat. General Trees),2004.0,079dMx1gKMsGcg5mi44QGW
Manasseh,reggae,track,Jungle Trees Dub,2004.0,1e7mLHlBfAIKovhai5GlQf
Planta E Raiz,reggae,track,Tô No Barato,2004.0,2nHNea7CYCVzQHmeO7hhsR
Sugar Minott,reggae,track,Oh Mr DC,2004.0,5bphDZCdYFOqbwNgvBKKtg
Adriana Lua,reggae,track,Dandalunda,2004.0,7iCGrU3aLJNOkmLnnRGrdB
Betagarri,reggae,track,Mienten Mi Amor,2004.0,5wrRwKzkFCEvPCLZ8uaQo6
Fly My Pretties,reggae,track,Bag Of Money,2004.0,55cqqifpHjmDKh7awsQn5y
Aquasky Vs Masterblaster,reggae,track,Coffee - Deekline & Ed Solo Booty Bass Mix,2004.0,4985VeOaX5Ex5FPzy8gZuM
Mikey Dread,reggae,track,Saturday Night Style - Dub / Instrumental Reggae Music,2004.0,2RhgEPQbjxUruFu4k2ylrL
The Expendables,reggae,track,Sacrifice,2004.0,16mRSH1iBW0UQAeMEk4lv3
Sizzla,reggae,track,Marijuana,2004.0,320iaIF1bWZ8CppiLB1jpE
Glen Adams,reggae,track,Run Come Dance,2004.0,3fZ1pz99CfOzwLbmtFu50C
Dakidarria,reggae,track,Fragasaurus Rex II,2004.0,2B6NxzxzaxsEzGDmZiuSDI
Ivete Sangalo,reggae,track,De Ladinho - Ao Vivo,2004.0,0asXoy7dl9blYrWdO1m7TJ
Los Cafres,reggae,track,Mostrame Como Sos,2004.0,7KASo55SVxC4Jtnma78W4h
Capleton,reggae,track,Never Share (Burn Dem),2004.0,2iXZL6HzdLhXTZzFJT6ZhR
Joe Dukie,reggae,track,Midnight Marauders - Dub Version,2004.0,6xcpj29ELRteqmCSzMyAfj
Dancing Mood,reggae,track,A Groovy Kind Of Love,2004.0,6OoCBB0erdARBcGh7LnlwG
Talco,reggae,track,Signor presidente,2004.0,22D43wBLw0dCI55E2432fh
Groundation,reggae,track,Smile,2004.0,27NdXbVaUTQPgixKn7sD0j
Morodo,reggae,track,Apertura,2004.0,1uqQ7cOyiWUhZ09Zz8Sr7S
Vibronics,reggae,track,Mirror Dub,2004.0,11JpHKvLriD2imIxPb13ti
Betagarri,reggae,track,Verde,2004.0,04EgQHid3hJOlMWO8duvQl
Los Auténticos Decadentes,reggae,track,Gente Que No (with Todos Tus Muertos) - En Vivo,2004.0,1cLR1BWBEx2H96qlHS3jpa
Los Fabulosos Cadillacs,reggae,track,Strawberry Fields Forever,2004.0,62Chy6UjYOxsUO87aCUamR
Holy Piby,reggae,track,My Time,2004.0,0A5hoqmtzca09KBqOgz3JX
Gentleman,reggae,track,Caan Hold Us Down (feat. Barrington Levy & Daddy Rings),2004.0,3846AQ2m61cbQWFNyjCthl
Ivete Sangalo,reggae,track,Eva (Eva) / Alô Paixão / Beleza Rara - Ao Vivo,2004.0,3XFcR5aTojLGMMSsIKeHTx
Thievery Corporation,reggae,track,The Outernationalist - Rewound By Thievery Corporation,2004.0,3gSi1BsWjWBY0uD79KzxD1
Five For Fighting,rock,track,Superman (It's Not Easy),,
The Smashing Pumpkins,rock,track,Stand Inside Your Love,,
The Beatles,rock,track,Day Tripper - Remastered 2015,,
Deftones,rock,track,Passenger,,
Panchiko,rock,track,D>E>A>T>H>M>E>T>A>L,,
Radiohead,rock,track,The National Anthem,,
La Mosca,rock,track,Yo Te Quiero Dar,,
Marilyn Manson,rock,track,Disposable Teens,,
Marilyn Manson,rock,track,The Nobodies,,
Patricio Rey y sus Redonditos de Ricota,rock,track,Una Piba Con la Remera de Greenpeace,,
Bersuit Vergarabat,rock,track,Toco Y Me Voy,,
Deftones,rock,track,Digital Bath,,
Richard Ashcroft,rock,track,A Song For The Lovers,,
Rage Against The Machine,rock,track,Renegades Of Funk,,
U2,rock,track,Walk On,,
Divididos,rock,track,Spaghetti del Rock,,
Eric Clapton,rock,track,Riding With the King,,
Radiohead,rock,track,Idioteque,,
Radiohead,rock,track,Motion Picture Soundtrack,,
The Beatles,rock,track,Hey Jude - Remastered 2015,,
Radiohead,rock,track,Optimistic,,
U2,rock,track,Elevation,,
U2,rock,track,Kite,,
La Unión,rock,track,Lobo-hombre en París,,
Mark Knopfler,rock,track,Silvertown Blues,,
Mark Knopfler,rock,track,What It Is,,
O'Funk'illo,rock,track,En el campito,,
The Hives,rock,track,Main Offender,,
Radiohead,rock,track,Everything In Its Right Place,,
Mägo de Oz,rock,track,Haste Que El Cuerpo Aguante,,
The Hives,rock,track,Hate To Say I Told You So,,
La Mosca,rock,track,Para No Verte Más,,
Crazy Town,rock,track,Butterfly,,
Radiohead,rock,track,How to Disappear Completely,,
Mägo de Oz,rock,track,La danza del fuego,,
The Beatles,rock,track,I Want To Hold Your Hand - Remastered 2015,,
Deftones,rock,track,Change (In the House of Flies),,
Linkin Park,rock,track,One Step Closer,,
Linkin Park,rock,track,Papercut,,
Mägo de Oz,rock,track,Fiesta Pagana,,
AC/DC,rock,track,Stiff Upper Lip,,
Spandau Ballet,rock,track,True - Single Edit,,
Spandau Ballet,rock,track,Gold,,
Blur,rock,track,Song 2,,
Linkin Park,rock,track,Crawling,,
U2,rock,track,In A Little While,,
Bon Jovi,rock,track,It's My Life,,
Linkin Park,rock,track,In the End,,
Blur,rock,track,Girls & Boys,,
Papa Roach,rock,track,Last Resort,,
The Beatles,rock,track,We Can Work It Out - Remastered 2015,,
Divididos,rock,track,Par Mil,,
La Mosca,rock,track,Baila Para Mi,,
Deftones,rock,track,Rx Queen,,
Los Piojos,rock,track,Vine Hasta Aquí,,
Bersuit Vergarabat,rock,track,Desconexión Sideral,,
The White Stripes,rock,track,Apple Blossom,,
Blur,rock,track,The Universal,,
Libido,rock,track,En Esta Habitación,,
Blur,rock,track,Parklife,,
The Smashing Pumpkins,rock,track,The Everlasting Gaze,,
Spandau Ballet,rock,track,Only When You Leave,,
Bersuit Vergarabat,rock,track,La Bolsa,,
Panchiko,rock,track,Kicking Cars,,
A Perfect Circle,rock,track,The Hollow,,
Bersuit Vergarabat,rock,track,El Viejo De Arriba,,
Lifehouse,rock,track,Hanging By A Moment,,
Los Caballeros De La Quema,rock,track,Sapo de Otro Pozo,,
Andrés Calamaro,rock,track,Tuyo siempre,,
Rage Against The Machine,rock,track,How I Could Just Kill a Man,,
Deftones,rock,track,Feiticeira,,
Blur,rock,track,Country House,,
Linkin Park,rock,track,Papercut,,
A Perfect Circle,rock,track,3 Libras,,
System Of A Down,rock,track,Shame,,
Cómplices,rock,track,Es por Ti,,
Los Piojos,rock,track,Ruleta,,
PJ Harvey,rock,track,This Is Love,,
Eric Clapton,rock,track,Three O'Clock Blues,,
Placebo,rock,track,Slave to the Wage,,
Radiohead,rock,track,Treefingers,,
Linkin Park,rock,track,One Step Closer,,
Cypress Hill,rock,track,(Rock) Superstar (feat. Chino Moreno & Everlast),,
Radiohead,rock,track,In Limbo,,
Radiohead,rock,track,Morning Bell,,
Eric Clapton,rock,track,Key to the Highway,,
Oasis,rock,track,Go Let It Out,,
Andrés Calamaro,rock,track,El salmón,,
Panchiko,rock,track,Laputa,,
Deftones,rock,track,Knife Prty,,
Andrés Calamaro,rock,track,"Ok perdón, fue sin querer",,
O'Funk'illo,rock,track,Riñones al Jerez,,
La Unión,rock,track,Sildavia - Remix,,
Andrés Calamaro,rock,track,No se puede vivir del amor,,
La Ley,rock,track,Aquí,,
Radiohead,rock,track,Kid A,,
Juanes,rock,track,Fijate Bien,,
Eric Clapton,rock,track,Ten Long Years,,
Mark Knopfler,rock,track,The Last Laugh,,
Mark Knopfler,rock,track,Sailing To Philadelphia,,
La Renga,rock,track,Panic Show,,
Deftones,rock,track,Pink Maggit,,
The Beatles,rock,track,I Feel Fine - Remastered 2015,,
Los Auténticos Decadentes,rock,track,Besándote,,
Blur,rock,track,Charmless Man,,
Oasis,rock,track,"Don't Look Back In Anger - Live at Wembley Stadium, July 2000",,
The Beatles,rock,track,The Ballad Of John And Yoko - Remastered 2015,,
Oasis,rock,track,Sunday Morning Call,,
La Ley,rock,track,Fuera De Mí,,
Deftones,rock,track,Korea,,
Deftones,rock,track,Teenager,,
Oasis,rock,track,Where Did It All Go Wrong?,,
AC/DC,rock,track,Safe in New York City,,
La Renga,rock,track,En El Baldío,,
Attaque 77,rock,track,Beatle,,
Blur,rock,track,Beetlebum,,
Bersuit Vergarabat,rock,track,Negra Murguera,,
A Perfect Circle,rock,track,Magdalena,,
Silver Mt. Zion,rock,track,13 Angels Standing Guard 'Round The Side Of Your Bed,,
Matchbox Twenty,rock,track,If You're Gone,,
A Perfect Circle,rock,track,Orestes,,
Limp Bizkit,rock,track,Getcha Groove On - Dirt Road Mix,,
Lifehouse,rock,track,Everything,,
The Hellacopters,rock,track,Toys And Flavors,,
Panchiko,rock,track,CUT,,
3 Doors Down,rock,track,Loser,,
Radiohead,rock,track,Untitled,,
3 Doors Down,rock,track,Be Like That,,
Deftones,rock,track,Elite,,
Bunbury,rock,track,"Apuesta por el rocanrol - En directo, Mexico D.F 2000",,
Roger Hodgson,rock,track,Along Came Mary,,
PJ Harvey,rock,track,A Place Called Home,,
Os Paralamas Do Sucesso,rock,track,Aonde Quer Que Eu Vá,,
Eric Clapton,rock,track,Help the Poor,,
The Hives,rock,track,"Die, All Right!",,
Bon Jovi,rock,track,One Wild Night,,
Rage Against The Machine,rock,track,Pistol Grip Pump,,
Panchiko,rock,track,Stabilisers For Big Boys,,
Blur,rock,track,Coffee & TV - Radio Edit,,
The Beatles,rock,track,Get Back - Remastered 2015,,
The Cure,rock,track,The Last Day Of Summer,,
Linkin Park,rock,track,In the End,,
Linkin Park,rock,track,Crawling,,
Los Caballeros De La Quema,rock,track,Fulanos de Nadie,,
Eagle-Eye Cherry,rock,track,Are You Still Having Fun?,,
O'Funk'illo,rock,track,Nos vamos pal 'keli,,
Andrés Calamaro,rock,track,Días distintos,,
The Dandy Warhols,rock,track,Get Off,,
The Beatles,rock,track,Something - Remastered 2015,,
The Beatles,rock,track,Eleanor Rigby - Remastered 2015,,
Puddle Of Mudd,rock,track,Blurry,,
Aerosmith,rock,track,Fly Away From Here,,
Mick Jagger,rock,track,God Gave Me Everything,,
Babasonicos,rock,track,Los Calientes,,
Weezer,rock,track,Hash Pipe,,
Muse,rock,track,Bliss,,
The White Stripes,rock,track,We're Going to Be Friends,,
Muse,rock,track,New Born,,
Elefante,rock,track,De la Noche a la Mañana,,
Radiohead,rock,track,I Might Be Wrong,,
La Ley,rock,track,El Duelo (feat. Ely Guerra),,
Travis,rock,track,Flowers In The Window,,
Aerosmith,rock,track,Jaded,,
Staind,rock,track,It's Been Awhile,,
Staind,rock,track,Outside,,
Radiohead,rock,track,You And Whose Army?,,
Soda Stereo,rock,track,En la Ciudad de la Furia,,
Radiohead,rock,track,Knives Out,,
Daryl Hall & John Oates,rock,track,Out of Touch,,
La Vela Puerca,rock,track,El Viejo,,
Radiohead,rock,track,Pyramid Song,,
The Strokes,rock,track,Hard To Explain,,
The White Stripes,rock,track,Fell In Love With a Girl,,
The Strokes,rock,track,Is This It,,
Creed,rock,track,My Sacrifice,,
The Cure,rock,track,Lullaby,,
Jack Johnson,rock,track,Flake,,
System Of A Down,rock,track,Chop Suey!,,
Travis,rock,track,Side,,
System Of A Down,rock,track,ATWA,,
Elefante,rock,track,Así Es la Vida,,
La Mosca,rock,track,Todos Tenemos Un Amor,,
Ozzy Osbourne,rock,track,Dreamer,,
P.O.D.,rock,track,Boom,,
Muse,rock,track,Plug in Baby,,
La Ley,rock,track,Mentira,,
Muse,rock,track,Feeling Good,,
La Mosca,rock,track,Te Quiero Comer La Boca,,
Jarabe De Palo,rock,track,Dos días en la vida,,
System Of A Down,rock,track,Aerials,,
Train,rock,track,Drops of Jupiter (Tell Me),,
The Strokes,rock,track,Someday,,
Babasonicos,rock,track,El Loco,,
Creed,rock,track,One Last Breath,,
Drowning Pool,rock,track,Bodies,,
System Of A Down,rock,track,Toxicity,,
Travis,rock,track,Sing,,
Jarabe De Palo,rock,track,De vuelta y vuelta,,
Weezer,rock,track,Island In The Sun,,
The Strokes,rock,track,Last Nite,,
Muse,rock,track,Space Dementia,,
P.O.D.,rock,track,Satellite,,
Intoxicados,rock,track,Se Fue Al Cielo,,
Radiohead,rock,track,Life In a Glasshouse,,
La Ley,rock,track,Día Cero,,
Staind,rock,track,Outside,,
The Strokes,rock,track,New York City Cops,,
Intoxicados,rock,track,Quieren Rock,,
TOOL,rock,track,The Patient,,
Incubus,rock,track,11 am,,
The Strokes,rock,track,Take It Or Leave It,,
Daryl Hall & John Oates,rock,track,Out of Touch,,
Turf,rock,track,Loco Un Poco,,
The Cure,rock,track,Boys Don't Cry,,
CAKE,rock,track,Short Skirt / Long Jacket,,
Dobie Gray,rock,track,Drift Away - Single Version,,
Turf,rock,track,"Yo No Me Quiero Casar, Y Ud?",,
Soda Stereo,rock,track,Persiana Americana,,
Black Rebel Motorcycle Club,rock,track,Spread Your Love,,
The Smashing Pumpkins,rock,track,Today,,
Celso Piña,rock,track,Aunque no sea conmigo (feat. Café Tacvba),,
La Ley,rock,track,Fuera de mí,,
The Cure,rock,track,Friday I'm In Love,,
Soda Stereo,rock,track,Prófugos,,
TOOL,rock,track,Parabol,,
Incubus,rock,track,Are You In?,,
The Cure,rock,track,Lovesong,,
Robert Palmer,rock,track,Every Kinda People,,
The Cure,rock,track,Cut Here,,
Nickelback,rock,track,Too Bad,,
The Strokes,rock,track,Barely Legal,,
The Strokes,rock,track,"Alone, Together",,
La Ley,rock,track,Aquí,,
La Ley,rock,track,Intenta Amar,,
The Strokes,rock,track,Trying Your Luck,,
Journey,rock,track,Any Way You Want It,,
Simon & Garfunkel,rock,track,Mrs. Robinson,,
The Smashing Pumpkins,rock,track,Drown,,
Los Caballeros De La Quema,rock,track,Otro Jueves Cobarde (feat. Joaquín Sabina),,
Cock Robin,rock,track,Just Around the Corner,,
The Smashing Pumpkins,rock,track,1979,,
Radiohead,rock,track,Packt Like Sardines In a Crushd Tin Box,,
Los Inhumanos,rock,track,Me Duele La Cara De Ser Tan Guapo,,
Dover,rock,track,The Weak Hour of the Rooster,,
The Strokes,rock,track,The Modern Age,,
Daryl Hall & John Oates,rock,track,You Make My Dreams (Come True),,
The Strokes,rock,track,Soma,,
Pedro Suárez-Vértiz,rock,track,"Un Vino, Una Cerveza",,
Dover,rock,track,My Secret People,,
The The,rock,track,This Is the Day,,
The Smashing Pumpkins,rock,track,Eye,,
The White Stripes,rock,track,Dead Leaves and the Dirty Ground,,
The Cure,rock,track,Close To Me,,
TOOL,rock,track,Reflection,,
Aterciopelados,rock,track,Rompecabezas,,
Charlie Brown Jr.,rock,track,Lugar Ao Sol,,
Nickelback,rock,track,Never Again,,
Los Amantes De Lola,rock,track,Beber de Tu Sangre,,
Intoxicados,rock,track,Religión,,
Muse,rock,track,Plug In Baby - XX Anniversary RemiXX,,
The Smashing Pumpkins,rock,track,Disarm,,
Puddle Of Mudd,rock,track,Control,,
TOOL,rock,track,Eon Blue Apocalypse,,
Muse,rock,track,Micro Cuts,,
Incubus,rock,track,Echo,,
Mogwai,rock,track,Take Me Somewhere Nice,,
Memphis La Blusera,rock,track,Irresponsable,,
Black Rebel Motorcycle Club,rock,track,Red Eyes And Tears,,
Billy Joel,rock,track,My Life,,
Creed,rock,track,Weathered,,
Soda Stereo,rock,track,Corazón Delator,,
Jack Johnson,rock,track,F-Stop Blues,,
Pedro Suárez-Vértiz,rock,track,Degeneración Actual,,
Pink Floyd,rock,track,Wish You Were Here,,
The Cure,rock,track,Just Like Heaven,,
Travis,rock,track,Pipe Dreams,,
The Cure,rock,track,The Walk,,
Babasonicos,rock,track,Deléctrico,,
TOOL,rock,track,Disposition,,
Bon Jovi,rock,track,"It's My Life - Live In Toronto, Ontario/2000",,
Muse,rock,track,Hyper Music,,
Radiohead,rock,track,Dollars and Cents,,
Radiohead,rock,track,Morning Bell/Amnesiac,,
Babasonicos,rock,track,Rubí,,
Gary Moore,rock,track,The Prophet,,
Staind,rock,track,For You,,
Radiohead,rock,track,Pulk/Pull Revolving Doors,,
The Cure,rock,track,A Forest,,
Muse,rock,track,Citizen Erased,,
Dover,rock,track,I Hate Everybody,,
Titãs,rock,track,Epitáfio,,
Babasonicos,rock,track,Fizz,,
Pedro Suárez-Vértiz,rock,track,Alquien Que Bese Como Tu,,
Jack Johnson,rock,track,Bubble Toes,,
Starsailor,rock,track,Poor Misguided Fool,,
Chris de Burgh,rock,track,The Lady In Red,,
The Cult,rock,track,Rise,,
Duncan Dhu,rock,track,Siempre (Al abandonarnos),,
Radiohead,rock,track,Like Spinning Plates,,
The Smashing Pumpkins,rock,track,"Tonight, Tonight",,
Audioslave,rock,track,Show Me How to Live,,
Seether,rock,track,Fine Again,,
Elvis Presley,rock,track,Love Me Tender,,
Elvis Presley,rock,track,Heartbreak Hotel,,
Red Hot Chili Peppers,rock,track,Universally Speaking,,
Los Enanitos Verdes,rock,track,Amores Lejanos,,
3 Doors Down,rock,track,When I'm Gone,,
Queens of the Stone Age,rock,track,Song For The Dead,,
Maná,rock,track,Eres Mi Religión,,
Maná,rock,track,Ángel de Amor,,
Queens of the Stone Age,rock,track,First It Giveth,,
Bersuit Vergarabat,rock,track,Un Pacto - Live In Buenos Aires / 2001,,
Los Enanitos Verdes,rock,track,Frances Limon,,
Red Hot Chili Peppers,rock,track,I Could Die for You,,
Audioslave,rock,track,Like a Stone,,
Nirvana,rock,track,You Know You're Right,,
Bunbury,rock,track,Sí,,
10cc,rock,track,I'm Not In Love,,
Juanes,rock,track,A Dios Le Pido,,
Gustavo Cerati,rock,track,Vivo,,
Oasis,rock,track,Stop Crying Your Heart Out,,
Bunbury,rock,track,Sácame de aquí,,
Nirvana,rock,track,The Man Who Sold The World - Live,,
Queen,rock,track,Under Pressure,,
Queens of the Stone Age,rock,track,"You Think I Ain't Worth A Dollar, But I Feel Like A Millionaire - Album Version (With Interlude)",,
Foo Fighters,rock,track,Times Like These,,
Nirvana,rock,track,About A Girl,,
Red Hot Chili Peppers,rock,track,Dosed,,
Bunbury,rock,track,...Y al final,,
David Bowie,rock,track,This Is Not America - 2002 Remaster,,
Red Hot Chili Peppers,rock,track,By the Way,,
Interpol,rock,track,Untitled,,
Oasis,rock,track,Little By Little,,
Queens of the Stone Age,rock,track,No One Knows,,
Juanes,rock,track,Es Por Ti,,
Counting Crows,rock,track,Big Yellow Taxi,,
Hombres G,rock,track,Devuélveme a mi chica,,
Wilco,rock,track,"Jesus, Etc. - 2022 Remaster",,
Red Hot Chili Peppers,rock,track,The Zephyr Song,,
Maná,rock,track,Mariposa Traicionera,,
Red Hot Chili Peppers,rock,track,Can't Stop,,
Red Hot Chili Peppers,rock,track,Can't Stop,,
Bunbury,rock,track,Lady Blue,,
Foo Fighters,rock,track,All My Life,,
Miguel Ríos,rock,track,Aves de paso (con Joaquín Sabina),,
Phil Collins,rock,track,Can't Stop Loving You - 2016 Remaster,,
Maná,rock,track,Eres Mi Religión - 2020 Remasterizado,,
Maná,rock,track,Mariposa Traicionera - 2020 Remasterizado,,
Audioslave,rock,track,Show Me How to Live,,
Audioslave,rock,track,Like a Stone,,
Charly García,rock,track,Influencia,,
Oasis,rock,track,Songbird,,
Elefante,rock,track,Sabor a Chocolate,,
Matchbox Twenty,rock,track,Unwell,,
Sigur Rós,rock,track,Untitled #3 - Samskeyti,,
No Te Va Gustar,rock,track,No Necesito Nada,,
Gustavo Cerati,rock,track,Fantasma,,
Pepper,rock,track,Stone Love,,
Stone Sour,rock,track,Bother,,
Jaguares,rock,track,Te Lo Pido por Favor,,
Gustavo Cerati,rock,track,Cosas Imposibles,,
Porcupine Tree,rock,track,Trains - 2017 Remaster,,
Elvis Presley,rock,track,Return to Sender,,
Serani Poji,rock,track,ぴぽぴぽ,,
Elvis Presley,rock,track,Don't Be Cruel,,
The Black Keys,rock,track,Heavy Soul,,
Audioslave,rock,track,I Am the Highway,,
Audioslave,rock,track,Cochise,,
Elefante,rock,track,Así Es la Vida,,
The Goo Goo Dolls,rock,track,Sympathy,,
Muse,rock,track,Can't Take My Eyes off You,,
Manic Street Preachers,rock,track,Motorcycle Emptiness,,
Elvis Presley,rock,track,Burning Love,,
Red Hot Chili Peppers,rock,track,Don't Forget Me,,
Elvis Presley,rock,track,Stuck On You,,
Elvis Presley,rock,track,Jailhouse Rock,,
Hombres G,rock,track,Lo noto,,
Bersuit Vergarabat,rock,track,El Tiempo No Para - Live In Buenos Aires / 2001,,
Pearl Jam,rock,track,I Am Mine,,
The Goo Goo Dolls,rock,track,Here Is Gone,,
The Vines,rock,track,Get Free,,
Mark Knopfler,rock,track,Why Aye Man,,
Audioslave,rock,track,Shadow on the Sun,,
Serani Poji,rock,track,スマイリーを探して,,
Alvin Lee,rock,track,The Bluest Blues - Remastered,,
Miguel Ríos,rock,track,Cuando los ángeles lloran (con Maná),,
Nirvana,rock,track,Smells Like Teen Spirit,,
Maná,rock,track,"Ay, Doctor - 2020 Remasterizado",,
Bruce Springsteen,rock,track,Lonesome Day,,
Bersuit Vergarabat,rock,track,Mi Caramelo - Live In Buenos Aires / 2001,,
The Greenhornes,rock,track,There Is An End,,
Kula Shaker,rock,track,Hush,,
Elvis Presley,rock,track,(Marie's The Name) His Latest Flame,,
Los Rodriguez,rock,track,Mucho mejor (feat. Coque Malla),,
Inspector,rock,track,Amargo Adiós,,
Audioslave,rock,track,Cochise,,
Bunbury,rock,track,Enganchado a ti,,
Maná,rock,track,Ángel de Amor - 2020 Remasterizado,,
Audioslave,rock,track,I Am the Highway,,
Bunbury,rock,track,El club de los imposibles,,
Lordi,rock,track,Would You Love A Monsterman,,
Madrugada,rock,track,Majesty,,
3 Doors Down,rock,track,The Road I'm On,,
Seether,rock,track,Gasoline,,
Skay Beilinson,rock,track,Oda a la Sin Nombre,,
3 Doors Down,rock,track,Away From The Sun,,
Design19,rock,track,Stairs,,
Inspector,rock,track,Amnesia,,
Audioslave,rock,track,Shadow on the Sun,,
Seether,rock,track,Driven Under,,
Gustavo Cerati,rock,track,Nací para Esto,,
Nirvana,rock,track,Come As You Are,,
Queens of the Stone Age,rock,track,Hanging Tree,,
Santana,rock,track,Sideways (feat. Citizen Cope),,
Audioslave,rock,track,Gasoline,,
Red Hot Chili Peppers,rock,track,Venice Queen,,
Benito Kamelas,rock,track,Despertarás,,
Bunbury,rock,track,San Cosme y San Damián,,
Queens of the Stone Age,rock,track,God Is In The Radio,,
Gustavo Cerati,rock,track,Tu Cicatriz En Mi,,
Crazy Town,rock,track,Drowning,,
Maná,rock,track,Sábanas Frías,,
Gustavo Cerati,rock,track,Karaoke,,
Porcupine Tree,rock,track,The Sound Of Muzak - 2017 Remaster,,
Wilco,rock,track,Kamera - 2022 Remaster,,
Bersuit Vergarabat,rock,track,Perro Amor Explota - Live In Buenos Aires / 2001,,
Phil Collins,rock,track,Come with Me - 2016 Remaster,,
The Black Keys,rock,track,I'll Be Your Man,,
Porcupine Tree,rock,track,Blackest Eyes - 2017 Remaster,,
The Arrows and Friends,rock,track,I Love Rock 'N Roll,,
Red Hot Chili Peppers,rock,track,Cabron,,
Queens of the Stone Age,rock,track,The Sky Is Fallin',,
Lordi,rock,track,Devil Is A Loser,,
Elvis Presley,rock,track,Hound Dog,,
Phil Collins,rock,track,Can't Stop Loving You - 2016 Remaster,,
Los Animalitos,rock,track,Vendrá la Muerte y Tendrá Tus Ojos,,
Interpol,rock,track,Leif Erikson,,
Red Hot Chili Peppers,rock,track,By the Way,,
Robbie Williams,rock,track,Monsoon,,
Thanya Paredes Aymara,rock,track,El Dia de mi Muerte,,
Red Hot Chili Peppers,rock,track,This Is the Place,,
Audioslave,rock,track,What You Are,,
Queens of the Stone Age,rock,track,Gonna Leave You,,
Maria De Los Angeles,rock,track,Me abandonaste,,
Linkin Park,rock,track,Enth E Nd (Kutmasta Kurt Reanimation) [feat. Motion Man],,
Audioslave,rock,track,Gasoline,,
Nirvana,rock,track,Rape Me,,
The Cranberries,rock,track,Stars,,
Benito Kamelas,rock,track,Destino,,
Wilco,rock,track,Heavy Metal Drummer - 2022 Remaster,,
Radiohead,rock,track,2 + 2 = 5,,
Semisonic,rock,track,Closing Time,,
Vilma Palma e Vampiros,rock,track,La pachanga,,
Red Hot Chili Peppers,rock,track,Fortune Faded,,
HALCALI,rock,track,おつかれSUMMER,,
Intoxicados,rock,track,Esta Saliendo El Sol,,
Metallica,rock,track,St. Anger,,
Jet,rock,track,Cold Hard Bitch,,
The White Stripes,rock,track,The Hardest Button to Button,,
The Strokes,rock,track,What Ever Happened?,,
Muse,rock,track,Butterflies & Hurricanes,,
Attaque 77,rock,track,Arrancacorazones,,
Wilco,rock,track,"Jesus, Etc.",,
Fleetwood Mac,rock,track,Thrown Down,,
Ben Harper,rock,track,Diamonds On The Inside,,
Linkin Park,rock,track,Easier to Run,,
Linkin Park,rock,track,Faint,,
Marilyn Manson,rock,track,mOBSCENE,,
Linkin Park,rock,track,Numb,,
Radiohead,rock,track,"There, There",,
The Strokes,rock,track,12:51,,
Evanescence,rock,track,Tourniquet,,
Muse,rock,track,Stockholm Syndrome,,
Coti,rock,track,Nada Fue Un Error,,
Three Days Grace,rock,track,I Hate Everything About You,,
Marilyn Manson,rock,track,This Is The New Shit,,
Red Hot Chili Peppers,rock,track,Soul to Squeeze,,
Muse,rock,track,Hysteria,,
Evanescence,rock,track,Going Under,,
Muse,rock,track,Time is Running Out,,
Molotov,rock,track,Frijolero,,
Nickelback,rock,track,Someday,,
Café Tacvba,rock,track,Eres,,
Mägo de Oz,rock,track,La Costa Del Silencio,,
Evanescence,rock,track,Everybody's Fool,,
Air Supply,rock,track,Making Love Out of Nothing at All,,
Los Auténticos Decadentes,rock,track,Un Osito de Peluche de Taiwán,,
Linkin Park,rock,track,Somewhere I Belong,,
Linkin Park,rock,track,Numb,,
Ozzy Osbourne,rock,track,Crazy Train,,
The Strokes,rock,track,Reptilia,,
Linkin Park,rock,track,From the Inside,,
Babasonicos,rock,track,Irresponsables,,
Vicentico,rock,track,Algo Contigo,,
Linkin Park,rock,track,Breaking the Habit,,
Evanescence,rock,track,Bring Me To Life,,
Babasonicos,rock,track,Putita,,
Linkin Park,rock,track,Faint,,
The White Stripes,rock,track,Seven Nation Army,,
Three Days Grace,rock,track,I Hate Everything About You,,
Pappo,rock,track,Juntos a la Par,,
HIM,rock,track,The Funeral Of Hearts,,
Blur,rock,track,Out of Time,,
R.E.M.,rock,track,Bad Day,,
Los Auténticos Decadentes,rock,track,La Prima Lejana,,
A Perfect Circle,rock,track,Weak And Powerless,,
Linkin Park,rock,track,From the Inside,,
Vilma Palma e Vampiros,rock,track,Verano traidor,,
Fleetwood Mac,rock,track,Say You Will,,
Deftones,rock,track,Minerva,,
Joe Bonamassa,rock,track,Blues Deluxe,,
Zoé,rock,track,Love,,
Molotov,rock,track,Hit Me,,
Radiohead,rock,track,Where I End and You Begin,,
Maná,rock,track,Te Llevaré al Cielo,,
Al Stewart,rock,track,Year of the Cat,,
The Strokes,rock,track,Automatic Stop,,
Jack Johnson,rock,track,Taylor,,
Intoxicados,rock,track,No Tengo Ganas,,
La Renga,rock,track,La Razón Que Te Demora,,
The Dandy Warhols,rock,track,We Used To Be Friends,,
Las Pelotas,rock,track,Será,,
R.E.M.,rock,track,Losing My Religion,,
Los Piojos,rock,track,Como Alí,,
Starsailor,rock,track,Four to the Floor,,
Babasonicos,rock,track,Putita,,
Radiohead,rock,track,A Wolf At the Door,,
Muse,rock,track,Sing for Absolution,,
Radiohead,rock,track,Sail To The Moon,,
Dover,rock,track,Die for Rock & Roll,,
Jack Johnson,rock,track,Gone,,
Babasonicos,rock,track,Y Qué?,,
Babasonicos,rock,track,Irresponsables,,
Fleetwood Mac,rock,track,Peacekeeper,,
Staind,rock,track,So Far Away,,
Linkin Park,rock,track,Somewhere I Belong,,
Jarabe De Palo,rock,track,La flaca,,
Air Supply,rock,track,Lost In Love,,
Orquesta Mondragon,rock,track,"Lola, Lola",,
Jack Johnson,rock,track,Traffic In The Sky,,
Linkin Park,rock,track,Breaking the Habit,,
Jack Johnson,rock,track,Times Like These,,
Babasonicos,rock,track,Risa,,
Ben Harper,rock,track,She's Only Happy In The Sun,,
Red Hot Chili Peppers,rock,track,Under the Bridge,,
Counting Crows,rock,track,Mr. Jones,,
R.E.M.,rock,track,The Great Beyond,,
Lionel Richie,rock,track,All Night Long (All Night) - Single Version,,
Air Supply,rock,track,All Out of Love,,
Orquesta Mondragon,rock,track,Caperucita feroz,,
Avenged Sevenfold,rock,track,I Won't See You Tonight Part 1,,
Ben Harper,rock,track,Amen Omen,,
Peter Frampton,rock,track,While My Guitar Gently Weeps,,
Radiohead,rock,track,I Will,,
Shinedown,rock,track,45,,
Muse,rock,track,Endlessly,,
The White Stripes,rock,track,Ball and Biscuit,,
Explosions In The Sky,rock,track,Your Hand in Mine,,
Thousand Foot Krutch,rock,track,Phenomenon,,
Radiohead,rock,track,Go To Sleep,,
Intoxicados,rock,track,Reggae Para Los Amigos,,
Orleans,rock,track,Dance with Me,,
Evanescence,rock,track,Whisper,,
Jarabe De Palo,rock,track,Aún no me toca,,
Vilma Palma e Vampiros,rock,track,Auto rojo,,
Muse,rock,track,Falling Away with You,,
The Strokes,rock,track,Under Control,,
The White Stripes,rock,track,I Just Don't Know What to Do With Myself,,
Desert Sessions,rock,track,I Wanna Make It Wit Chu,,
Babasonicos,rock,track,Y qué,,
Radiohead,rock,track,A Punch Up at a Wedding,,
The Darkness,rock,track,Friday Night,,
Electric Six,rock,track,Danger! High Voltage - Soulchild Radio Mix,,
A Perfect Circle,rock,track,The Noose,,
A Perfect Circle,rock,track,Pet,,
Molotov,rock,track,Here We Kum,,
The Strokes,rock,track,The End Has No End,,
La Mosca,rock,track,Muchachos Esta Noche Me Emborracho,,
Muse,rock,track,The Small Print,,
Jarabe De Palo,rock,track,El lado oscuro,,
Dover,rock,track,The Flame,,
Ben Harper,rock,track,With My Own Two Hands,,
Muse,rock,track,Apocalypse Please,,
Muse,rock,track,Thoughts of a Dying Atheist,,
Maria De Los Angeles,rock,track,QUE CASUALIDAD,,
Intoxicados,rock,track,Una Vela,,
The Beautiful Girls,rock,track,La Mar (The Ocean),,
Babasonicos,rock,track,Risa,,
Radiohead,rock,track,Sit Down. Stand Up,,
Travis,rock,track,Re-offender,,
Jack Johnson,rock,track,Rodeo Clowns,,
Jack Johnson,rock,track,Wasting Time,,
Placebo,rock,track,Johnny and Mary,,
Three Days Grace,rock,track,Home,,
Linkin Park,rock,track,Easier to Run,,
Travis,rock,track,Love Will Come Through,,
Radiohead,rock,track,Myxomatosis,,
The Strokes,rock,track,I Can't Win,,
Placebo,rock,track,Sleeping With Ghosts,,
Talk Talk,rock,track,It's My Life,,
Chris de Burgh,rock,track,The Lady In Red,,
JAY-Z,rock,track,Jigga What / Faint,,
Mancha De Rolando,rock,track,Arde la Ciudad,,
Catupecu Machu,rock,track,A Veces Vuelvo,,
Callejeros,rock,track,Rocanroles Sin Destino,,
La Vela Puerca,rock,track,Llenos De Magia,,
The Killers,rock,track,Jenny Was A Friend Of Mine,,
Bunbury,rock,track,El rescate,,
Franz Ferdinand,rock,track,This Fire,,
JAY-Z,rock,track,Points of Authority / 99 Problems / One Step Closer,,
Callejeros,rock,track,Prohibido,,
Los Tipitos,rock,track,Campanas en la Noche,,
JAY-Z,rock,track,Dirt Off Your Shoulder / Lying From You,,
Seether,rock,track,Broken,,
Modest Mouse,rock,track,Float On,,
Vicentico,rock,track,Los Caminos de la Vida,,
Phil Collins,rock,track,A Groovy Kind of Love,,
The Hives,rock,track,Walk Idiot Walk,,
Franz Ferdinand,rock,track,The Dark Of The Matinée,,
Callejeros,rock,track,Una Nueva Noche Fría,,
Arcade Fire,rock,track,Rebellion (Lies),,
Rata Blanca,rock,track,Mujer Amante,,
Rata Blanca,rock,track,La Leyenda Del Hada Y El Mago,,
Alaska Y Dinarama,rock,track,Ni tú ni nadie - Re-Mix,,
The Killers,rock,track,All These Things That I've Done,,
Turf,rock,track,Pasos Al Costado,,
The Killers,rock,track,Somebody Told Me,,
Airbag,rock,track,Solo aquí,,
Arcade Fire,rock,track,Wake Up,,
Donavon Frankenreiter,rock,track,It Don't Matter,,
Andrés Calamaro,rock,track,Estadio Azteca,,
U2,rock,track,City Of Blinding Lights,,
Andrés Calamaro,rock,track,Algo contigo,,
Bersuit Vergarabat,rock,track,La Soledad,,
U2,rock,track,Vertigo,,
Los Enanitos Verdes,rock,track,Tu Carcel - En Vivo,,
Donavon Frankenreiter,rock,track,Free,,
Green Day,rock,track,Boulevard of Broken Dreams,,
La Vela Puerca,rock,track,Va A Escampar,,
The Killers,rock,track,Smile Like You Mean It,,
Keane,rock,track,Everybody's Changing,,
Mark Knopfler,rock,track,The Trawlerman's Song,,
U2,rock,track,Sometimes You Can't Make It On Your Own,,
The Killers,rock,track,Somebody Told Me,,
La Vela Puerca,rock,track,Zafar,,
The Killers,rock,track,Mr. Brightside,,
The Verve,rock,track,Bitter Sweet Symphony,,
Keane,rock,track,Somewhere Only We Know,,
Franz Ferdinand,rock,track,Take Me Out,,
The Killers,rock,track,Mr. Brightside,,
Bersuit Vergarabat,rock,track,La Argentinidad Al Palo,,
Nirvana,rock,track,Sappy,,
A Perfect Circle,rock,track,Passive,,
Alter Bridge,rock,track,In Loving Memory,,
Memphis La Blusera,rock,track,La Flor Más Bella,,
Illya Kuryaki & The Valderramas,rock,track,Abarajame,,
Alter Bridge,rock,track,Broken Wings,,
Jóvenes Pordioseros,rock,track,Descontrolado,,
Bersuit Vergarabat,rock,track,El Viento Trae Una Copla,,
Embrace,rock,track,Gravity,,
La Vela Puerca,rock,track,En EL Limbo,,
Molotov,rock,track,Amateur (Rock Me Amadeus),,
Indio Solari,rock,track,El Tesoro de los Inocentes,,
Pearl Jam,rock,track,State of Love and Trust,,
Velvet Revolver,rock,track,Fall to Pieces,,
Alter Bridge,rock,track,Open Your Eyes,,
The Killers,rock,track,Change Your Mind,,
Maria De Los Angeles,rock,track,Así Fue,,
Callejeros,rock,track,Tan Perfecto Que Asusta,,
ASIAN KUNG-FU GENERATION,rock,track,リライト,,
Arcade Fire,rock,track,Neighborhood #1 (Tunnels),,
ASIAN KUNG-FU GENERATION,rock,track,Re:Re:,,
La Vela Puerca,rock,track,Clarobscuro,,
No Te Va Gustar,rock,track,Verte Reír,,
Phil Collins,rock,track,Can't Stop Loving You,,
Viejas Locas,rock,track,Lo Artesanal,,
Los Enanitos Verdes,rock,track,Luz De Dia - En Vivo,,
Airbag,rock,track,La partida de la gitana - Si te vas,,
Callejeros,rock,track,Imposible,,
La Vela Puerca,rock,track,De Atar,,
Cheap Trick,rock,track,Surrender,,
Callejeros,rock,track,Un Lugar Perfecto,,
Catupecu Machu,rock,track,Magia Veneno,,
Mark Knopfler,rock,track,Postcards From Paraguay,,
Lenny Kravitz,rock,track,Where Are We Runnin'?,,
La-33,rock,track,La-33,,
Viejas Locas,rock,track,"Nena, Me Gustas Así",,
Pixies,rock,track,Where Is My Mind?,,
Maria De Los Angeles,rock,track,Vas a llorar,,
Los Tipitos,rock,track,Silencio,,
Maria De Los Angeles,rock,track,SE ACABO QUIEN TE QUERIA,,
Breaking Benjamin,rock,track,Blow Me Away - Soundtrack Version,,
Interpol,rock,track,Slow Hands,,
Turf,rock,track,Magia Blanca,,
The Hives,rock,track,Two-Timing Touch and Broken Bones,,
U2,rock,track,Original Of The Species,,
Bersuit Vergarabat,rock,track,El Baile De La Gambeta,,
Interpol,rock,track,C'mere,,
Juanes,rock,track,A Dios Le Pido,,
Bunbury,rock,track,Que tengas suertecita,,
Neil Young,rock,track,Rockin' in the Free World,,
Indio Solari,rock,track,El Charro Chino,,
Eric Clapton,rock,track,Sweet Home Chicago,,
JAY-Z,rock,track,Izzo / In the End,,
JAY-Z,rock,track,Dirt Off Your Shoulder / Lying From You,,
Tommy february6,rock,track,I ONLY WANT TO BE WITH YOU,,
Pedro Suárez-Vértiz,rock,track,Como las Mariposas,,
Phil Collins,rock,track,One More Night,,
Mancha De Rolando,rock,track,Donde Vamos,,
Skank,rock,track,Vamos Fugir,,
Weezer,rock,track,Say It Ain't So,,
Engenheiros Do Hawaii,rock,track,Infinita Highway - Ao Vivo,,
Breaking Benjamin,rock,track,Follow - Radio Edit,,
Crossfade,rock,track,Cold,,
The Killers,rock,track,All These Things That I've Done,,
Viejas Locas,rock,track,Balada Para Otra Mujer,,
Nirvana,rock,track,Verse Chorus Verse - Outtake,,
Arcade Fire,rock,track,Neighborhood #3 (Power Out),,
Bushido,rock,track,"La felicidad (feat. Shuarma, Bunbury, Carlos Ann, Morti)",,
Mark Knopfler,rock,track,Our Shangri-La,,
Franz Ferdinand,rock,track,Take Me Out,,
The Hives,rock,track,Abra Cadaver,,
Los Abuelos De La Nada,rock,track,Costumbres Argentinas - En Vivo,,
Interpol,rock,track,Take You on a Cruise,,
Molotov,rock,track,Marciano (I Turned Into A Martian),,
Incubus,rock,track,Talk Shows on Mute,,
No Te Va Gustar,rock,track,Al Vacío,,
Interpol,rock,track,Narc,,
Alfredo Pardo- Spanish Pop,rock,track,Sufre Mamón,,
Callejeros,rock,track,Jugando,,
Turf,rock,track,No Se Llama Amor,,
Lordi,rock,track,Blood Red Sandman,,
U2,rock,track,Miracle Drug,,
Franz Ferdinand,rock,track,40',,
The Rolling Stones,rock,track,"Paint It, Black - (Original Single Mono Version)",,
Mark Knopfler,rock,track,Postcards From Paraguay,,
Pearl Jam,rock,track,Man of the Hour,,
Lamp,rock,track,Last Train At 25 O'clock,,
Citizen Cope,rock,track,Bullet and a Target,,
Calvin Russell,rock,track,A crack in time,,
Andrés Calamaro,rock,track,Volver,,
Donavon Frankenreiter,rock,track,What'cha Know About,,
Franz Ferdinand,rock,track,Jacqueline,,
Donavon Frankenreiter,rock,track,On My Mind,,
Callejeros,rock,track,Distinto,,
Hombres G,rock,track,Qué soy yo para ti,,
Keane,rock,track,Somewhere Only We Know,,
Bunbury,rock,track,Canto... el mismo dolor,,
Michael McDonald,rock,track,"Stop, Look, Listen (To Your Heart)",,
Nek,rock,track,Laura no està,,
